/*******************************************************************************
 * Size: 16 px
 * Bpp: 4
 * Opts: --font /var/folders/r4/thm82myj0cb8nwxrrnw8__800000gn/T//tigerscale-cjk/NotoSansSC-Medium.otf --symbols 、。一上下不与丢中为义二亮以件休作使保候停储先克入全关准出分到前功动勿卡即厂原去参发取可右同名后向否启和品器回图在域声复多失始存安完定实密对导将少就局屏左已常幕库应度延开归录待必恢您成或户所手打扫找拒拔择按据接描插搜操放效数文料断新无时是更最有期未本机材查标校核检次止步法测消清版牌物率现生用电画留登的皮盘眠码砝硬确秤称稍稳空立等箱系索约线绑络绝继绪续维网置考耗自装要视言认设访试语误请读败账走过返连退送选邮重量钟错闭问除零需静靠面音须首？ --font /var/folders/r4/thm82myj0cb8nwxrrnw8__800000gn/T//tigerscale-cjk/fa-solid-900.ttf -r 0xF023,0xF185 --font /var/folders/r4/thm82myj0cb8nwxrrnw8__800000gn/T//tigerscale-cjk/fa-brands-400.ttf -r 0xF1A0 --size 16 --bpp 4 --format lvgl --no-compress --lv-include lvgl.h -o TigerTagSplashESP32/font_cjk_16.c
 ******************************************************************************/

#ifdef LV_LVGL_H_INCLUDE_SIMPLE
#include "lvgl.h"
#else
#include "lvgl.h"
#endif

#ifndef FONT_CJK_16
#define FONT_CJK_16 1
#endif

#if FONT_CJK_16

/*-----------------
 *    BITMAPS
 *----------------*/

/*Store the image of the glyphs*/
static LV_ATTRIBUTE_LARGE_CONST const uint8_t glyph_bitmap[] = {
    /* U+3001 "、" */
    0x3, 0x50, 0x0, 0xe, 0xf6, 0x0, 0x3, 0xef,
    0x60, 0x0, 0x2e, 0xf4, 0x0, 0x3, 0xb1,

    /* U+3002 "。" */
    0x3, 0xce, 0x80, 0xe, 0x62, 0xb7, 0x2d, 0x0,
    0x4b, 0xe, 0x41, 0xa8, 0x3, 0xdf, 0xa0,

    /* U+4E00 "一" */
    0x0, 0x0, 0x0, 0x0, 0x0, 0x0, 0x0, 0x0,
    0x1f, 0xff, 0xff, 0xff, 0xff, 0xff, 0xff, 0xf9,
    0x19, 0x99, 0x99, 0x99, 0x99, 0x99, 0x99, 0x96,

    /* U+4E0A "上" */
    0x0, 0x0, 0x0, 0x5f, 0x40, 0x0, 0x0, 0x0,
    0x0, 0x0, 0x0, 0x5f, 0x40, 0x0, 0x0, 0x0,
    0x0, 0x0, 0x0, 0x5f, 0x40, 0x0, 0x0, 0x0,
    0x0, 0x0, 0x0, 0x5f, 0x40, 0x0, 0x0, 0x0,
    0x0, 0x0, 0x0, 0x5f, 0x40, 0x0, 0x0, 0x0,
    0x0, 0x0, 0x0, 0x5f, 0xa7, 0x77, 0x77, 0x10,
    0x0, 0x0, 0x0, 0x5f, 0xff, 0xff, 0xff, 0x20,
    0x0, 0x0, 0x0, 0x5f, 0x40, 0x0, 0x0, 0x0,
    0x0, 0x0, 0x0, 0x5f, 0x40, 0x0, 0x0, 0x0,
    0x0, 0x0, 0x0, 0x5f, 0x40, 0x0, 0x0, 0x0,
    0x0, 0x0, 0x0, 0x5f, 0x40, 0x0, 0x0, 0x0,
    0x0, 0x0, 0x0, 0x5f, 0x40, 0x0, 0x0, 0x0,
    0x0, 0x0, 0x0, 0x5f, 0x40, 0x0, 0x0, 0x0,
    0x3f, 0xff, 0xff, 0xff, 0xff, 0xff, 0xff, 0xf3,
    0x28, 0x88, 0x88, 0x88, 0x88, 0x88, 0x88, 0x82,

    /* U+4E0B "下" */
    0x17, 0x77, 0x77, 0x77, 0x77, 0x77, 0x77, 0x71,
    0x2f, 0xff, 0xff, 0xff, 0xff, 0xff, 0xff, 0xf2,
    0x0, 0x0, 0x0, 0x2f, 0x80, 0x0, 0x0, 0x0,
    0x0, 0x0, 0x0, 0x2f, 0x70, 0x0, 0x0, 0x0,
    0x0, 0x0, 0x0, 0x2f, 0xb2, 0x0, 0x0, 0x0,
    0x0, 0x0, 0x0, 0x2f, 0xff, 0xa2, 0x0, 0x0,
    0x0, 0x0, 0x0, 0x2f, 0x99, 0xff, 0x80, 0x0,
    0x0, 0x0, 0x0, 0x2f, 0x70, 0x3c, 0xfd, 0x20,
    0x0, 0x0, 0x0, 0x2f, 0x70, 0x0, 0x7b, 0x0,
    0x0, 0x0, 0x0, 0x2f, 0x70, 0x0, 0x0, 0x0,
    0x0, 0x0, 0x0, 0x2f, 0x70, 0x0, 0x0, 0x0,
    0x0, 0x0, 0x0, 0x2f, 0x70, 0x0, 0x0, 0x0,
    0x0, 0x0, 0x0, 0x2f, 0x70, 0x0, 0x0, 0x0,
    0x0, 0x0, 0x0, 0x2f, 0x70, 0x0, 0x0, 0x0,

    /* U+4E0D "不" */
    0x7, 0x77, 0x77, 0x77, 0x77, 0x77, 0x77, 0x70,
    0xe, 0xff, 0xff, 0xff, 0xff, 0xff, 0xff, 0xe0,
    0x0, 0x0, 0x0, 0x7, 0xf9, 0x0, 0x0, 0x0,
    0x0, 0x0, 0x0, 0x2f, 0xe0, 0x0, 0x0, 0x0,
    0x0, 0x0, 0x1, 0xdf, 0xc2, 0x30, 0x0, 0x0,
    0x0, 0x0, 0x1d, 0xff, 0xdc, 0xf7, 0x0, 0x0,
    0x0, 0x3, 0xef, 0x5d, 0xc0, 0xaf, 0xc1, 0x0,
    0x0, 0x7f, 0xf4, 0xd, 0xc0, 0x6, 0xfe, 0x30,
    0x1d, 0xfc, 0x20, 0xd, 0xc0, 0x0, 0x4f, 0xf2,
    0xa, 0x70, 0x0, 0xd, 0xc0, 0x0, 0x3, 0x80,
    0x0, 0x0, 0x0, 0xd, 0xc0, 0x0, 0x0, 0x0,
    0x0, 0x0, 0x0, 0xd, 0xc0, 0x0, 0x0, 0x0,
    0x0, 0x0, 0x0, 0xd, 0xc0, 0x0, 0x0, 0x0,
    0x0, 0x0, 0x0, 0xd, 0xc0, 0x0, 0x0, 0x0,

    /* U+4E0E "与" */
    0x0, 0x0, 0x20, 0x0, 0x0, 0x0, 0x0, 0x0,
    0x0, 0xf, 0x90, 0x0, 0x0, 0x0, 0x0, 0x0,
    0x2, 0xfa, 0x66, 0x66, 0x66, 0x66, 0x10, 0x0,
    0x5f, 0xff, 0xff, 0xff, 0xff, 0xf2, 0x0, 0x8,
    0xf1, 0x0, 0x0, 0x0, 0x0, 0x0, 0x0, 0xcc,
    0x0, 0x0, 0x0, 0x0, 0x0, 0x0, 0xf, 0xc6,
    0x66, 0x66, 0x66, 0x66, 0x20, 0x3, 0xff, 0xff,
    0xff, 0xff, 0xff, 0xf6, 0x0, 0x0, 0x0, 0x0,
    0x0, 0x0, 0x4f, 0x40, 0x0, 0x0, 0x0, 0x0,
    0x0, 0x6, 0xf2, 0x1f, 0xff, 0xff, 0xff, 0xff,
    0xe0, 0x8f, 0x0, 0x77, 0x77, 0x77, 0x77, 0x77,
    0xb, 0xd0, 0x0, 0x0, 0x0, 0x0, 0x0, 0x0,
    0xfa, 0x0, 0x0, 0x0, 0x0, 0x28, 0x77, 0xbf,
    0x40, 0x0, 0x0, 0x0, 0x0, 0xef, 0xfe, 0x80,
    0x0, 0x0, 0x0, 0x0, 0x0, 0x0, 0x0, 0x0,

    /* U+4E22 "丢" */
    0x0, 0x0, 0x0, 0x0, 0x0, 0x2, 0x51, 0x0,
    0x1, 0x67, 0x89, 0xab, 0xce, 0xff, 0xfb, 0x0,
    0x1, 0xff, 0xee, 0xdf, 0xe9, 0x75, 0x20, 0x0,
    0x0, 0x0, 0x0, 0xc, 0xc0, 0x0, 0x0, 0x0,
    0x0, 0x67, 0x77, 0x7e, 0xe7, 0x77, 0x76, 0x0,
    0x0, 0xcf, 0xff, 0xff, 0xff, 0xff, 0xfc, 0x0,
    0x0, 0x0, 0x0, 0xc, 0xc0, 0x0, 0x0, 0x0,
    0x3, 0x33, 0x33, 0x3d, 0xd3, 0x33, 0x33, 0x30,
    0x1f, 0xff, 0xff, 0xff, 0xff, 0xff, 0xff, 0xf1,
    0x3, 0x33, 0x3a, 0xf8, 0x33, 0x33, 0x33, 0x30,
    0x0, 0x0, 0x4f, 0xb0, 0x0, 0x9d, 0x0, 0x0,
    0x0, 0x2, 0xec, 0x0, 0x0, 0x3f, 0xb0, 0x0,
    0x0, 0x3e, 0xe3, 0x34, 0x56, 0x7c, 0xf8, 0x0,
    0x2, 0xff, 0xff, 0xff, 0xff, 0xdc, 0xdf, 0x30,
    0x0, 0x97, 0x54, 0x31, 0x0, 0x0, 0x2f, 0x90,
    0x0, 0x0, 0x0, 0x0, 0x0, 0x0, 0x1, 0x0,

    /* U+4E2D "中" */
    0x0, 0x0, 0x0, 0xea, 0x0, 0x0, 0x0, 0x0,
    0x0, 0x0, 0xea, 0x0, 0x0, 0x0, 0x0, 0x0,
    0x0, 0xea, 0x0, 0x0, 0x0, 0x48, 0x88, 0x88,
    0xfd, 0x88, 0x88, 0x82, 0x8f, 0xff, 0xff, 0xff,
    0xff, 0xff, 0xf3, 0x8f, 0x0, 0x0, 0xea, 0x0,
    0x5, 0xf3, 0x8f, 0x0, 0x0, 0xea, 0x0, 0x5,
    0xf3, 0x8f, 0x0, 0x0, 0xea, 0x0, 0x5, 0xf3,
    0x8f, 0x44, 0x44, 0xfc, 0x44, 0x48, 0xf3, 0x8f,
    0xff, 0xff, 0xff, 0xff, 0xff, 0xf3, 0x8f, 0x22,
    0x22, 0xeb, 0x22, 0x27, 0xf3, 0x24, 0x0, 0x0,
    0xea, 0x0, 0x1, 0x30, 0x0, 0x0, 0x0, 0xea,
    0x0, 0x0, 0x0, 0x0, 0x0, 0x0, 0xea, 0x0,
    0x0, 0x0, 0x0, 0x0, 0x0, 0xea, 0x0, 0x0,
    0x0,

    /* U+4E3A "为" */
    0x0, 0x5, 0x0, 0x9f, 0x0, 0x0, 0x0, 0x0,
    0x5, 0xf7, 0x9, 0xf0, 0x0, 0x0, 0x0, 0x0,
    0xb, 0xf1, 0x9f, 0x0, 0x0, 0x0, 0x0, 0x0,
    0x3b, 0x29, 0xe0, 0x0, 0x0, 0x0, 0x6, 0x99,
    0x99, 0xdf, 0x99, 0x99, 0x99, 0x40, 0xbf, 0xff,
    0xff, 0xff, 0xff, 0xff, 0xf7, 0x0, 0x0, 0x0,
    0xea, 0x0, 0x0, 0x2f, 0x70, 0x0, 0x0, 0x3f,
    0x61, 0x10, 0x2, 0xf6, 0x0, 0x0, 0x8, 0xf2,
    0xdc, 0x0, 0x3f, 0x50, 0x0, 0x1, 0xfb, 0x3,
    0xf9, 0x4, 0xf4, 0x0, 0x0, 0xaf, 0x40, 0x8,
    0xe1, 0x6f, 0x30, 0x0, 0x7f, 0x90, 0x0, 0x0,
    0x7, 0xf2, 0x0, 0x8f, 0xc0, 0x0, 0x0, 0x0,
    0xbf, 0x0, 0xbf, 0xb0, 0x0, 0x0, 0x98, 0x9f,
    0xb0, 0x6, 0x80, 0x0, 0x0, 0xb, 0xff, 0xd2,
    0x0, 0x0, 0x0, 0x0, 0x0, 0x0, 0x0, 0x0,

    /* U+4E49 "义" */
    0x0, 0x0, 0x0, 0x16, 0x0, 0x0, 0x0, 0x0,
    0x0, 0x0, 0x0, 0x5f, 0x30, 0x0, 0x20, 0x0,
    0x0, 0x25, 0x0, 0xd, 0xb0, 0x0, 0xce, 0x0,
    0x0, 0x8f, 0x20, 0x7, 0xf1, 0x3, 0xf8, 0x0,
    0x0, 0x1f, 0x90, 0x1, 0xa2, 0x9, 0xf1, 0x0,
    0x0, 0x8, 0xf1, 0x0, 0x0, 0x1f, 0xa0, 0x0,
    0x0, 0x1, 0xfa, 0x0, 0x0, 0x9f, 0x30, 0x0,
    0x0, 0x0, 0x7f, 0x60, 0x3, 0xf9, 0x0, 0x0,
    0x0, 0x0, 0xb, 0xf3, 0x1e, 0xe0, 0x0, 0x0,
    0x0, 0x0, 0x1, 0xee, 0xdf, 0x20, 0x0, 0x0,
    0x0, 0x0, 0x0, 0x5f, 0xf7, 0x0, 0x0, 0x0,
    0x0, 0x0, 0x6, 0xff, 0xff, 0x80, 0x0, 0x0,
    0x0, 0x3, 0xbf, 0xb1, 0x2c, 0xfc, 0x40, 0x0,
    0x5, 0xcf, 0xf6, 0x0, 0x0, 0x7f, 0xfd, 0x71,
    0x3f, 0xd6, 0x0, 0x0, 0x0, 0x1, 0x7e, 0xe2,
    0x2, 0x0, 0x0, 0x0, 0x0, 0x0, 0x0, 0x20,

    /* U+4E8C "二" */
    0x0, 0x0, 0x0, 0x0, 0x0, 0x0, 0x0, 0x0,
    0x0, 0xcf, 0xff, 0xff, 0xff, 0xff, 0xfc, 0x0,
    0x0, 0x79, 0x99, 0x99, 0x99, 0x99, 0x97, 0x0,
    0x0, 0x0, 0x0, 0x0, 0x0, 0x0, 0x0, 0x0,
    0x0, 0x0, 0x0, 0x0, 0x0, 0x0, 0x0, 0x0,
    0x0, 0x0, 0x0, 0x0, 0x0, 0x0, 0x0, 0x0,
    0x0, 0x0, 0x0, 0x0, 0x0, 0x0, 0x0, 0x0,
    0x0, 0x0, 0x0, 0x0, 0x0, 0x0, 0x0, 0x0,
    0x0, 0x0, 0x0, 0x0, 0x0, 0x0, 0x0, 0x0,
    0x0, 0x0, 0x0, 0x0, 0x0, 0x0, 0x0, 0x0,
    0x1c, 0xcc, 0xcc, 0xcc, 0xcc, 0xcc, 0xcc, 0xc1,
    0x1f, 0xff, 0xff, 0xff, 0xff, 0xff, 0xff, 0xf2,

    /* U+4EAE "亮" */
    0x0, 0x0, 0x0, 0x7, 0x40, 0x0, 0x0, 0x0,
    0x1, 0x11, 0x11, 0x2d, 0xe2, 0x11, 0x11, 0x10,
    0x1f, 0xff, 0xff, 0xff, 0xff, 0xff, 0xff, 0xf1,
    0x2, 0x23, 0x33, 0x33, 0x33, 0x33, 0x32, 0x20,
    0x0, 0xd, 0xff, 0xff, 0xff, 0xff, 0xf0, 0x0,
    0x0, 0xd, 0xa0, 0x0, 0x0, 0xa, 0xf0, 0x0,
    0x0, 0xd, 0xff, 0xff, 0xff, 0xff, 0xf0, 0x0,
    0x0, 0x2, 0x22, 0x22, 0x22, 0x22, 0x20, 0x0,
    0xe, 0xff, 0xff, 0xff, 0xff, 0xff, 0xff, 0xd0,
    0xe, 0x91, 0x11, 0x11, 0x11, 0x11, 0x1a, 0xd0,
    0xc, 0x70, 0x5f, 0xff, 0xff, 0xf4, 0x8, 0xc0,
    0x0, 0x0, 0x8f, 0x54, 0x48, 0xf4, 0x0, 0x0,
    0x0, 0x1, 0xec, 0x0, 0x4, 0xf4, 0x4, 0xb0,
    0x2, 0x7e, 0xf3, 0x0, 0x4, 0xf8, 0x49, 0xf0,
    0xd, 0xfb, 0x20, 0x0, 0x1, 0xdf, 0xff, 0x80,
    0x1, 0x0, 0x0, 0x0, 0x0, 0x0, 0x0, 0x0,

    /* U+4EE5 "以" */
    0x0, 0x0, 0x0, 0x0, 0x0, 0x0, 0x0, 0x0,
    0x48, 0x0, 0x0, 0x0, 0x0, 0xf9, 0x0, 0x8,
    0xf1, 0xb, 0xa0, 0x0, 0x1f, 0x80, 0x0, 0x8f,
    0x10, 0x7f, 0x50, 0x2, 0xf7, 0x0, 0x8, 0xf1,
    0x0, 0xce, 0x10, 0x4f, 0x50, 0x0, 0x8f, 0x10,
    0x4, 0xf5, 0x6, 0xf3, 0x0, 0x8, 0xf1, 0x0,
    0x2, 0x0, 0xaf, 0x0, 0x0, 0x8f, 0x10, 0x0,
    0x0, 0xe, 0xc0, 0x0, 0x8, 0xf1, 0x0, 0x0,
    0x3, 0xf8, 0x0, 0x0, 0x8f, 0x10, 0x67, 0x0,
    0x8f, 0x20, 0x0, 0x8, 0xf7, 0xef, 0xa0, 0x2f,
    0xf6, 0x0, 0x0, 0xcf, 0xfc, 0x40, 0xd, 0xfc,
    0xf5, 0x0, 0x6f, 0xd4, 0x0, 0x2c, 0xf5, 0xc,
    0xf4, 0x0, 0x60, 0x1, 0x8f, 0xf6, 0x0, 0x1e,
    0xe2, 0x0, 0x0, 0xc, 0xc2, 0x0, 0x0, 0x3d,
    0x20, 0x0, 0x0, 0x0, 0x0, 0x0, 0x0, 0x0,

    /* U+4EF6 "件" */
    0x0, 0x0, 0x0, 0x0, 0x0, 0x0, 0x0, 0x0,
    0x0, 0x1, 0xe4, 0x0, 0x6, 0xf1, 0x0, 0x0,
    0x0, 0x8, 0xf1, 0x5f, 0x26, 0xf1, 0x0, 0x0,
    0x0, 0xe, 0xb0, 0x9f, 0x6, 0xf1, 0x0, 0x0,
    0x0, 0x6f, 0x50, 0xce, 0x49, 0xf5, 0x44, 0x20,
    0x0, 0xef, 0x1, 0xff, 0xff, 0xff, 0xff, 0x90,
    0x9, 0xff, 0x7, 0xf4, 0x28, 0xf4, 0x22, 0x10,
    0x4f, 0xff, 0xe, 0xa0, 0x6, 0xf1, 0x0, 0x0,
    0x3e, 0x9f, 0x2, 0x20, 0x6, 0xf1, 0x0, 0x0,
    0x1, 0x7f, 0x7, 0x88, 0x8b, 0xf9, 0x88, 0x82,
    0x0, 0x7f, 0xe, 0xff, 0xff, 0xff, 0xff, 0xf5,
    0x0, 0x7f, 0x0, 0x0, 0x6, 0xf1, 0x0, 0x0,
    0x0, 0x7f, 0x0, 0x0, 0x6, 0xf1, 0x0, 0x0,
    0x0, 0x7f, 0x0, 0x0, 0x6, 0xf1, 0x0, 0x0,
    0x0, 0x7f, 0x0, 0x0, 0x6, 0xf1, 0x0, 0x0,
    0x0, 0x7f, 0x0, 0x0, 0x6, 0xf1, 0x0, 0x0,

    /* U+4F11 "休" */
    0x0, 0x0, 0x0, 0x0, 0x0, 0x0, 0x0, 0x0,
    0x0, 0x0, 0xbb, 0x0, 0x9, 0xe0, 0x0, 0x0,
    0x0, 0x3, 0xf8, 0x0, 0x9, 0xe0, 0x0, 0x0,
    0x0, 0xb, 0xf2, 0x0, 0x9, 0xe0, 0x0, 0x0,
    0x0, 0x3f, 0xb0, 0x0, 0x9, 0xe0, 0x0, 0x0,
    0x0, 0xcf, 0x57, 0x77, 0x7c, 0xf7, 0x77, 0x72,
    0x8, 0xff, 0x4f, 0xff, 0xff, 0xff, 0xff, 0xf5,
    0x6f, 0xef, 0x40, 0x0, 0x9f, 0xfe, 0x0, 0x0,
    0x6e, 0x4f, 0x40, 0x2, 0xff, 0xff, 0x80, 0x0,
    0x1, 0x3f, 0x40, 0xb, 0xea, 0xe7, 0xf1, 0x0,
    0x0, 0x3f, 0x40, 0x4f, 0x69, 0xe0, 0xea, 0x0,
    0x0, 0x3f, 0x42, 0xec, 0x9, 0xe0, 0x6f, 0x60,
    0x0, 0x3f, 0x7e, 0xe1, 0x9, 0xe0, 0xb, 0xf6,
    0x0, 0x3f, 0x8e, 0x20, 0x9, 0xe0, 0x0, 0xc4,
    0x0, 0x3f, 0x40, 0x0, 0x9, 0xe0, 0x0, 0x0,
    0x0, 0x3f, 0x40, 0x0, 0x9, 0xe0, 0x0, 0x0,

    /* U+4F5C "作" */
    0x0, 0x0, 0x61, 0x0, 0x41, 0x0, 0x0, 0x0,
    0x0, 0x4, 0xf6, 0x2, 0xf7, 0x0, 0x0, 0x0,
    0x0, 0xc, 0xe0, 0x9, 0xf1, 0x0, 0x0, 0x0,
    0x0, 0x4f, 0x70, 0x1f, 0xff, 0xff, 0xff, 0xf5,
    0x0, 0xdf, 0x10, 0x9f, 0x8f, 0xc7, 0x77, 0x72,
    0x8, 0xff, 0x13, 0xf8, 0xf, 0x80, 0x0, 0x0,
    0x5f, 0xff, 0x2e, 0xd0, 0xf, 0xb5, 0x55, 0x50,
    0x3d, 0x8f, 0x17, 0x30, 0xf, 0xff, 0xff, 0xf0,
    0x1, 0x7f, 0x10, 0x0, 0xf, 0x90, 0x0, 0x0,
    0x0, 0x7f, 0x10, 0x0, 0xf, 0x80, 0x0, 0x0,
    0x0, 0x7f, 0x10, 0x0, 0xf, 0xff, 0xff, 0xf2,
    0x0, 0x7f, 0x10, 0x0, 0xf, 0xc7, 0x77, 0x71,
    0x0, 0x7f, 0x10, 0x0, 0xf, 0x80, 0x0, 0x0,
    0x0, 0x7f, 0x10, 0x0, 0xf, 0x80, 0x0, 0x0,
    0x0, 0x7f, 0x10, 0x0, 0xf, 0x80, 0x0, 0x0,

    /* U+4F7F "使" */
    0x0, 0x0, 0x0, 0x0, 0x0, 0x0, 0x0, 0x0,
    0x0, 0x1, 0xd4, 0x0, 0xa, 0xd0, 0x0, 0x0,
    0x0, 0x8, 0xf2, 0x0, 0xa, 0xd0, 0x0, 0x0,
    0x0, 0xf, 0xbe, 0xff, 0xff, 0xff, 0xff, 0xf4,
    0x0, 0x7f, 0x56, 0x66, 0x6d, 0xe6, 0x66, 0x62,
    0x2, 0xff, 0x10, 0x11, 0x1b, 0xd1, 0x11, 0x10,
    0xc, 0xff, 0x18, 0xff, 0xff, 0xff, 0xff, 0xc0,
    0x8f, 0xcf, 0x18, 0xe2, 0x2b, 0xd2, 0x2b, 0xc0,
    0x38, 0x5f, 0x18, 0xd0, 0xa, 0xd0, 0xa, 0xc0,
    0x0, 0x5f, 0x18, 0xff, 0xff, 0xff, 0xff, 0xc0,
    0x0, 0x5f, 0x13, 0xa5, 0x4e, 0xc4, 0x44, 0x40,
    0x0, 0x5f, 0x12, 0xe9, 0x1f, 0x70, 0x0, 0x0,
    0x0, 0x5f, 0x10, 0x3f, 0xdf, 0x10, 0x0, 0x0,
    0x0, 0x5f, 0x10, 0xb, 0xff, 0x93, 0x0, 0x0,
    0x0, 0x5f, 0x39, 0xef, 0x77, 0xdf, 0xeb, 0x82,
    0x0, 0x5f, 0x2c, 0x82, 0x0, 0x4, 0x8b, 0xc0,

    /* U+4FDD "保" */
    0x0, 0x0, 0x83, 0x0, 0x0, 0x0, 0x0, 0x0,
    0x0, 0x5, 0xf4, 0xef, 0xff, 0xff, 0xff, 0x70,
    0x0, 0xd, 0xd0, 0xea, 0x55, 0x55, 0x5f, 0x70,
    0x0, 0x5f, 0x60, 0xe7, 0x0, 0x0, 0xf, 0x70,
    0x1, 0xef, 0x10, 0xe7, 0x0, 0x0, 0xf, 0x70,
    0xa, 0xff, 0x10, 0xef, 0xff, 0xff, 0xff, 0x70,
    0x7f, 0xdf, 0x10, 0x56, 0x6b, 0xf6, 0x66, 0x30,
    0x2a, 0x5f, 0x10, 0x0, 0x8, 0xf0, 0x0, 0x0,
    0x0, 0x5f, 0x2f, 0xff, 0xff, 0xff, 0xff, 0xf5,
    0x0, 0x5f, 0x16, 0x66, 0xcf, 0xff, 0x76, 0x62,
    0x0, 0x5f, 0x10, 0x5, 0xfe, 0xfe, 0xa0, 0x0,
    0x0, 0x5f, 0x10, 0x4f, 0xa8, 0xf3, 0xf8, 0x0,
    0x0, 0x5f, 0x28, 0xfc, 0x8, 0xf0, 0x6f, 0xb1,
    0x0, 0x5f, 0x5f, 0x90, 0x8, 0xf0, 0x5, 0xf7,
    0x0, 0x5f, 0x12, 0x0, 0x8, 0xf0, 0x0, 0x20,

    /* U+5019 "候" */
    0x0, 0x6, 0x40, 0x0, 0x0, 0x0, 0x0, 0x0,
    0x0, 0xf, 0x80, 0xb, 0xff, 0xff, 0xfd, 0x0,
    0x0, 0x5f, 0x30, 0x2, 0x33, 0x33, 0xdb, 0x0,
    0x0, 0xbd, 0x2, 0x0, 0x0, 0x0, 0xe9, 0x0,
    0x2, 0xf8, 0x6e, 0x7d, 0xdd, 0xdd, 0xfe, 0xd2,
    0xb, 0xf8, 0x6e, 0x36, 0xd8, 0x66, 0x66, 0x60,
    0x5f, 0xf8, 0x6e, 0x3, 0xf6, 0x22, 0x22, 0x10,
    0x6d, 0xf8, 0x6e, 0xb, 0xff, 0xff, 0xff, 0xb0,
    0x2, 0xe8, 0x6e, 0x6f, 0x51, 0xe9, 0x11, 0x10,
    0x0, 0xe8, 0x6e, 0x28, 0x0, 0xe9, 0x0, 0x0,
    0x0, 0xe8, 0x6e, 0x7f, 0xff, 0xff, 0xff, 0xf3,
    0x0, 0xe8, 0x6e, 0x13, 0x38, 0xff, 0x43, 0x30,
    0x0, 0xe8, 0x12, 0x0, 0x3e, 0xce, 0xa0, 0x0,
    0x0, 0xe8, 0x0, 0x29, 0xfb, 0x12, 0xee, 0x81,
    0x0, 0xe8, 0x0, 0xab, 0x50, 0x0, 0x18, 0xc1,

    /* U+505C "停" */
    0x0, 0x0, 0x30, 0x0, 0x5, 0x30, 0x0, 0x0,
    0x0, 0x6, 0xf3, 0x11, 0x1d, 0xd1, 0x11, 0x10,
    0x0, 0xd, 0xbd, 0xff, 0xff, 0xff, 0xff, 0xf2,
    0x0, 0x4f, 0x52, 0x33, 0x33, 0x33, 0x33, 0x20,
    0x0, 0xcf, 0x0, 0xcf, 0xff, 0xff, 0xff, 0x0,
    0x7, 0xfe, 0x0, 0xc9, 0x0, 0x0, 0x7f, 0x0,
    0x3f, 0xfe, 0x0, 0xcf, 0xff, 0xff, 0xff, 0x0,
    0x1d, 0x9e, 0x1, 0x23, 0x33, 0x33, 0x33, 0x10,
    0x0, 0x7e, 0x1f, 0xff, 0xff, 0xff, 0xff, 0xf3,
    0x0, 0x7e, 0x1f, 0x30, 0x0, 0x0, 0x2, 0xf3,
    0x0, 0x7e, 0x1a, 0xbf, 0xff, 0xff, 0xfb, 0xa2,
    0x0, 0x7e, 0x0, 0x24, 0x4c, 0xe4, 0x42, 0x0,
    0x0, 0x7e, 0x0, 0x0, 0xa, 0xd0, 0x0, 0x0,
    0x0, 0x7e, 0x0, 0x4, 0x4c, 0xd0, 0x0, 0x0,
    0x0, 0x7e, 0x0, 0xb, 0xfe, 0x70, 0x0, 0x0,
    0x0, 0x0, 0x0, 0x0, 0x0, 0x0, 0x0, 0x0,

    /* U+50A8 "储" */
    0x0, 0xb, 0x70, 0x0, 0x1, 0xf4, 0x1, 0x50,
    0x0, 0x2f, 0x5a, 0x20, 0x1, 0xf4, 0x7, 0xf1,
    0x0, 0x7e, 0xb, 0xd0, 0xff, 0xff, 0xed, 0x80,
    0x0, 0xd8, 0x0, 0xe5, 0x56, 0xf8, 0xaf, 0x10,
    0x5, 0xf5, 0x0, 0x10, 0x1, 0xf5, 0xe8, 0x0,
    0xd, 0xf5, 0x67, 0x65, 0xcc, 0xfe, 0xfd, 0xc5,
    0x7f, 0xf5, 0xdf, 0xe4, 0x99, 0xff, 0x99, 0x93,
    0x58, 0xf5, 0x5, 0xe0, 0x1b, 0xf4, 0x0, 0x0,
    0x0, 0xf5, 0x5, 0xe3, 0xef, 0xff, 0xff, 0xb0,
    0x0, 0xf5, 0x5, 0xe7, 0xdf, 0x74, 0x4b, 0xb0,
    0x0, 0xf5, 0x5, 0xe0, 0x1f, 0x62, 0x2a, 0xb0,
    0x0, 0xf5, 0x5, 0xe1, 0x1f, 0xff, 0xff, 0xb0,
    0x0, 0xf5, 0x8, 0xfe, 0x4f, 0x40, 0x9, 0xb0,
    0x0, 0xf5, 0xd, 0xd3, 0xf, 0xee, 0xef, 0xb0,
    0x0, 0xf5, 0x3, 0x0, 0xf, 0x85, 0x5b, 0xb0,
    0x0, 0x0, 0x0, 0x0, 0x0, 0x0, 0x0, 0x0,

    /* U+5148 "先" */
    0x0, 0x3, 0x71, 0xb, 0xc0, 0x0, 0x0, 0x0,
    0x0, 0x9, 0xf1, 0xb, 0xc0, 0x0, 0x0, 0x0,
    0x0, 0xe, 0xd2, 0x2c, 0xd2, 0x22, 0x22, 0x0,
    0x0, 0x4f, 0xff, 0xff, 0xff, 0xff, 0xfe, 0x0,
    0x0, 0xcf, 0x54, 0x4d, 0xd4, 0x44, 0x44, 0x0,
    0x4, 0xf6, 0x0, 0xb, 0xc0, 0x0, 0x0, 0x0,
    0x0, 0x40, 0x0, 0xb, 0xc0, 0x0, 0x0, 0x0,
    0x1f, 0xff, 0xff, 0xff, 0xff, 0xff, 0xff, 0xf1,
    0x7, 0x77, 0x8f, 0xb7, 0x7d, 0xe7, 0x77, 0x70,
    0x0, 0x0, 0x3f, 0x50, 0xb, 0xc0, 0x0, 0x0,
    0x0, 0x0, 0x7f, 0x20, 0xb, 0xc0, 0x0, 0x0,
    0x0, 0x0, 0xec, 0x0, 0xb, 0xc0, 0x1, 0x81,
    0x0, 0xb, 0xf5, 0x0, 0xb, 0xc0, 0x2, 0xf3,
    0x5, 0xdf, 0x70, 0x0, 0xa, 0xe7, 0x7a, 0xf1,
    0x1e, 0xd5, 0x0, 0x0, 0x4, 0xef, 0xff, 0x80,
    0x1, 0x0, 0x0, 0x0, 0x0, 0x0, 0x0, 0x0,

    /* U+514B "克" */
    0x0, 0x0, 0x0, 0xc, 0xb0, 0x0, 0x0, 0x0,
    0x0, 0x0, 0x0, 0xd, 0xb0, 0x0, 0x0, 0x0,
    0xe, 0xff, 0xff, 0xff, 0xff, 0xff, 0xff, 0xf0,
    0x5, 0x55, 0x55, 0x5e, 0xd5, 0x55, 0x55, 0x50,
    0x0, 0x0, 0x0, 0xd, 0xb0, 0x0, 0x0, 0x0,
    0x0, 0x2f, 0xff, 0xff, 0xff, 0xff, 0xf4, 0x0,
    0x0, 0x2f, 0x74, 0x44, 0x44, 0x47, 0xf4, 0x0,
    0x0, 0x2f, 0x40, 0x0, 0x0, 0x4, 0xf4, 0x0,
    0x0, 0x2f, 0x96, 0x66, 0x66, 0x68, 0xf4, 0x0,
    0x0, 0x2f, 0xff, 0xff, 0xff, 0xff, 0xf4, 0x0,
    0x0, 0x0, 0xf, 0xa0, 0xf, 0x70, 0x0, 0x0,
    0x0, 0x0, 0x5f, 0x60, 0xf, 0x70, 0x0, 0x50,
    0x0, 0x4, 0xee, 0x0, 0xf, 0x70, 0x1, 0xf5,
    0x17, 0xbf, 0xe3, 0x0, 0xf, 0xc7, 0x69, 0xf2,
    0x1e, 0xe8, 0x10, 0x0, 0x9, 0xff, 0xff, 0xa0,
    0x1, 0x0, 0x0, 0x0, 0x0, 0x0, 0x0, 0x0,

    /* U+5165 "入" */
    0x0, 0x0, 0x1, 0x0, 0x0, 0x0, 0x0, 0x0,
    0x0, 0x0, 0x1e, 0x60, 0x0, 0x0, 0x0, 0x0,
    0x0, 0x0, 0x1c, 0xf6, 0x0, 0x0, 0x0, 0x0,
    0x0, 0x0, 0x0, 0xcf, 0x30, 0x0, 0x0, 0x0,
    0x0, 0x0, 0x0, 0x1f, 0xd0, 0x0, 0x0, 0x0,
    0x0, 0x0, 0x0, 0x2f, 0xf6, 0x0, 0x0, 0x0,
    0x0, 0x0, 0x0, 0x7f, 0xee, 0x10, 0x0, 0x0,
    0x0, 0x0, 0x0, 0xcf, 0x3f, 0x90, 0x0, 0x0,
    0x0, 0x0, 0x4, 0xf9, 0xa, 0xf2, 0x0, 0x0,
    0x0, 0x0, 0xc, 0xf2, 0x2, 0xfc, 0x0, 0x0,
    0x0, 0x0, 0x6f, 0x90, 0x0, 0x9f, 0x60, 0x0,
    0x0, 0x4, 0xfe, 0x10, 0x0, 0x1e, 0xf3, 0x0,
    0x0, 0x5f, 0xf3, 0x0, 0x0, 0x3, 0xff, 0x40,
    0xa, 0xff, 0x40, 0x0, 0x0, 0x0, 0x6f, 0xf5,
    0xb, 0xc2, 0x0, 0x0, 0x0, 0x0, 0x3, 0xe1,
    0x0, 0x0, 0x0, 0x0, 0x0, 0x0, 0x0, 0x0,

    /* U+5168 "全" */
    0x0, 0x0, 0x0, 0x2, 0x20, 0x0, 0x0, 0x0,
    0x0, 0x0, 0x0, 0x1d, 0xf1, 0x0, 0x0, 0x0,
    0x0, 0x0, 0x0, 0xbf, 0xfc, 0x10, 0x0, 0x0,
    0x0, 0x0, 0x1c, 0xf4, 0x3e, 0xd2, 0x0, 0x0,
    0x0, 0x3, 0xdf, 0x40, 0x3, 0xee, 0x40, 0x0,
    0x1, 0x8f, 0xd3, 0x0, 0x0, 0x1c, 0xfb, 0x20,
    0x4e, 0xff, 0x76, 0x66, 0x66, 0x67, 0xef, 0xf6,
    0xa, 0x3b, 0xee, 0xef, 0xfe, 0xee, 0xe3, 0xb1,
    0x0, 0x0, 0x0, 0xb, 0xd0, 0x0, 0x0, 0x0,
    0x0, 0x1, 0x11, 0x1c, 0xd1, 0x11, 0x10, 0x0,
    0x0, 0xa, 0xff, 0xff, 0xff, 0xff, 0xe0, 0x0,
    0x0, 0x2, 0x33, 0x3c, 0xe3, 0x33, 0x30, 0x0,
    0x0, 0x0, 0x0, 0xb, 0xd0, 0x0, 0x0, 0x0,
    0x4, 0x55, 0x55, 0x5d, 0xe5, 0x55, 0x55, 0x50,
    0xb, 0xff, 0xff, 0xff, 0xff, 0xff, 0xff, 0xe0,

    /* U+5173 "关" */
    0x0, 0x0, 0x10, 0x0, 0x0, 0x3, 0x0, 0x0,
    0x0, 0x4, 0xf4, 0x0, 0x0, 0x2f, 0xa0, 0x0,
    0x0, 0x0, 0xce, 0x0, 0x0, 0xaf, 0x20, 0x0,
    0x0, 0x0, 0x4e, 0x30, 0x3, 0xf8, 0x0, 0x0,
    0x0, 0xef, 0xff, 0xff, 0xff, 0xff, 0xff, 0x20,
    0x0, 0x67, 0x77, 0x7e, 0xf7, 0x77, 0x77, 0x10,
    0x0, 0x0, 0x0, 0xc, 0xf0, 0x0, 0x0, 0x0,
    0x1, 0x11, 0x11, 0x1c, 0xf1, 0x11, 0x11, 0x10,
    0xf, 0xff, 0xff, 0xff, 0xff, 0xff, 0xff, 0xf0,
    0x5, 0x66, 0x66, 0x8f, 0xfb, 0x66, 0x66, 0x60,
    0x0, 0x0, 0x0, 0xbf, 0xef, 0x20, 0x0, 0x0,
    0x0, 0x0, 0x9, 0xfb, 0x1e, 0xe2, 0x0, 0x0,
    0x0, 0x3, 0xcf, 0xc1, 0x3, 0xff, 0x70, 0x0,
    0x5, 0xbf, 0xf8, 0x0, 0x0, 0x3d, 0xfe, 0x82,
    0x1d, 0xfa, 0x20, 0x0, 0x0, 0x0, 0x7e, 0xe1,
    0x1, 0x10, 0x0, 0x0, 0x0, 0x0, 0x0, 0x10,

    /* U+51C6 "准" */
    0x0, 0x0, 0x0, 0x7, 0x20, 0x52, 0x0, 0x0,
    0x1c, 0x50, 0x0, 0x6f, 0x20, 0xdb, 0x0, 0x0,
    0xc, 0xe1, 0x0, 0xdc, 0x0, 0x5f, 0x20, 0x0,
    0x3, 0xf8, 0x4, 0xff, 0xee, 0xef, 0xee, 0xe1,
    0x0, 0xbe, 0xc, 0xf7, 0x66, 0xbf, 0x66, 0x60,
    0x0, 0x21, 0x6f, 0xf1, 0x0, 0x8e, 0x0, 0x0,
    0x0, 0x3, 0xfe, 0xf7, 0x55, 0xbf, 0x55, 0x40,
    0x0, 0x6, 0xd5, 0xff, 0xff, 0xff, 0xff, 0xb0,
    0x0, 0x3, 0x4, 0xf1, 0x0, 0x8e, 0x0, 0x0,
    0x0, 0x4f, 0x44, 0xf6, 0x55, 0xbf, 0x55, 0x40,
    0x0, 0xbe, 0x4, 0xff, 0xff, 0xff, 0xff, 0xb0,
    0x2, 0xf8, 0x4, 0xf1, 0x0, 0x8e, 0x0, 0x0,
    0xa, 0xf2, 0x4, 0xf3, 0x11, 0x9e, 0x11, 0x10,
    0x2f, 0xa0, 0x4, 0xff, 0xff, 0xff, 0xff, 0xf5,
    0x2, 0x20, 0x4, 0xf5, 0x33, 0x33, 0x33, 0x31,

    /* U+51FA "出" */
    0x0, 0x0, 0x0, 0xfa, 0x0, 0x0, 0x0, 0x1,
    0x10, 0x0, 0xfa, 0x0, 0x2, 0x10, 0xd, 0xc0,
    0x0, 0xfa, 0x0, 0xf, 0xa0, 0xd, 0xc0, 0x0,
    0xfa, 0x0, 0xf, 0xa0, 0xd, 0xc0, 0x0, 0xfa,
    0x0, 0xf, 0xa0, 0xd, 0xc0, 0x0, 0xfa, 0x0,
    0xf, 0xa0, 0xd, 0xff, 0xff, 0xff, 0xff, 0xff,
    0xa0, 0x6, 0x88, 0x88, 0xfd, 0x88, 0x88, 0x50,
    0x7c, 0x10, 0x0, 0xfa, 0x0, 0x5, 0xd3, 0x9f,
    0x10, 0x0, 0xfa, 0x0, 0x6, 0xf4, 0x9f, 0x10,
    0x0, 0xfa, 0x0, 0x6, 0xf4, 0x9f, 0x10, 0x0,
    0xfa, 0x0, 0x6, 0xf4, 0x9f, 0x10, 0x0, 0xfa,
    0x0, 0x6, 0xf4, 0x9f, 0xff, 0xff, 0xff, 0xff,
    0xff, 0xf4, 0x47, 0x77, 0x77, 0x77, 0x77, 0x7a,
    0xf4,

    /* U+5206 "分" */
    0x0, 0x0, 0x1, 0x0, 0x0, 0x10, 0x0, 0x0,
    0x0, 0x0, 0x5f, 0x70, 0x4, 0xf4, 0x0, 0x0,
    0x0, 0x0, 0xdf, 0x10, 0x0, 0xdd, 0x0, 0x0,
    0x0, 0x6, 0xf8, 0x0, 0x0, 0x4f, 0x90, 0x0,
    0x0, 0x2e, 0xd0, 0x0, 0x0, 0x9, 0xf6, 0x0,
    0x1, 0xdf, 0x30, 0x0, 0x0, 0x0, 0xcf, 0x50,
    0x1d, 0xfd, 0x88, 0x88, 0x88, 0x88, 0xae, 0xf3,
    0x9, 0x7e, 0xff, 0xff, 0xff, 0xff, 0xf3, 0x80,
    0x0, 0x0, 0x3, 0xf6, 0x0, 0x9, 0xf0, 0x0,
    0x0, 0x0, 0x7, 0xf2, 0x0, 0xa, 0xe0, 0x0,
    0x0, 0x0, 0xd, 0xd0, 0x0, 0xb, 0xd0, 0x0,
    0x0, 0x0, 0x7f, 0x60, 0x0, 0xd, 0xc0, 0x0,
    0x0, 0x7, 0xfc, 0x0, 0x0, 0xf, 0xa0, 0x0,
    0x5, 0xdf, 0xc0, 0x1, 0x87, 0xaf, 0x60, 0x0,
    0x9, 0xe7, 0x0, 0x0, 0xef, 0xfb, 0x0, 0x0,
    0x0, 0x0, 0x0, 0x0, 0x0, 0x0, 0x0, 0x0,

    /* U+5230 "到" */
    0x0, 0x0, 0x0, 0x0, 0x0, 0x0, 0xe, 0x80,
    0xef, 0xff, 0xff, 0xff, 0x50, 0x0, 0xe8, 0x4,
    0x5d, 0xe5, 0x65, 0x51, 0xe6, 0xe, 0x80, 0x3,
    0xf5, 0xd, 0x90, 0xe, 0x60, 0xe8, 0x0, 0xbc,
    0x0, 0x5f, 0x40, 0xe6, 0xe, 0x80, 0x6f, 0xee,
    0xff, 0xfd, 0xe, 0x60, 0xe8, 0x2, 0xa8, 0x65,
    0x33, 0xc1, 0xe6, 0xe, 0x80, 0x0, 0x7, 0xf0,
    0x0, 0xe, 0x60, 0xe8, 0x2, 0x55, 0xaf, 0x55,
    0x50, 0xe6, 0xe, 0x80, 0x8f, 0xff, 0xff, 0xff,
    0xe, 0x60, 0xe8, 0x0, 0x11, 0x8f, 0x11, 0x10,
    0xe6, 0xe, 0x80, 0x0, 0x7, 0xf0, 0x1, 0x9,
    0x40, 0xe8, 0x0, 0x3, 0xaf, 0xbe, 0xf3, 0x0,
    0xe, 0x80, 0xdf, 0xff, 0xc9, 0x63, 0x1, 0x77,
    0xf7, 0x7, 0x52, 0x0, 0x0, 0x0, 0xe, 0xfc,
    0x20, 0x0, 0x0, 0x0, 0x0, 0x0, 0x0, 0x0,

    /* U+524D "前" */
    0x0, 0x2, 0x50, 0x0, 0x0, 0x6, 0x30, 0x0,
    0x0, 0x7, 0xf6, 0x0, 0x0, 0x3f, 0xa0, 0x0,
    0x0, 0x0, 0xcd, 0x0, 0x0, 0xce, 0x10, 0x0,
    0x3f, 0xff, 0xff, 0xff, 0xff, 0xff, 0xff, 0xf3,
    0x15, 0x55, 0x55, 0x55, 0x55, 0x55, 0x55, 0x51,
    0x1, 0x55, 0x55, 0x54, 0x0, 0x0, 0x4f, 0x30,
    0x4, 0xff, 0xff, 0xfd, 0x7, 0xe0, 0x4f, 0x30,
    0x4, 0xf4, 0x11, 0xbd, 0x7, 0xe0, 0x4f, 0x30,
    0x4, 0xfa, 0x99, 0xdd, 0x7, 0xe0, 0x4f, 0x30,
    0x4, 0xfa, 0x88, 0xdd, 0x7, 0xe0, 0x4f, 0x30,
    0x4, 0xf3, 0x0, 0xad, 0x7, 0xe0, 0x4f, 0x30,
    0x4, 0xff, 0xff, 0xfd, 0x7, 0xe0, 0x4f, 0x30,
    0x4, 0xf3, 0x0, 0xad, 0x4, 0x70, 0x4f, 0x30,
    0x4, 0xf2, 0x24, 0xcc, 0x0, 0x36, 0x9f, 0x30,
    0x4, 0xf2, 0x4f, 0xe6, 0x0, 0x4f, 0xfa, 0x0,
    0x0, 0x0, 0x0, 0x0, 0x0, 0x0, 0x0, 0x0,

    /* U+529F "功" */
    0x0, 0x0, 0x0, 0x0, 0x7, 0xf1, 0x0, 0x0,
    0x1, 0x11, 0x11, 0x10, 0x7, 0xf1, 0x0, 0x0,
    0x1f, 0xff, 0xff, 0xd0, 0x7, 0xf1, 0x0, 0x0,
    0xa, 0xaf, 0xea, 0x90, 0x7, 0xf0, 0x0, 0x0,
    0x0, 0xd, 0xa0, 0xe, 0xff, 0xff, 0xff, 0xf3,
    0x0, 0xd, 0xa0, 0x7, 0x7c, 0xf7, 0x7a, 0xf3,
    0x0, 0xd, 0xa0, 0x0, 0xa, 0xd0, 0x4, 0xf2,
    0x0, 0xd, 0xa0, 0x0, 0xc, 0xb0, 0x5, 0xf2,
    0x0, 0xd, 0xa0, 0x0, 0xe, 0x90, 0x6, 0xf1,
    0x0, 0xd, 0xb5, 0xa1, 0x4f, 0x50, 0x7, 0xf0,
    0x6, 0x9f, 0xff, 0xd2, 0x9f, 0x0, 0x8, 0xf0,
    0x1f, 0xfa, 0x61, 0x3, 0xf9, 0x0, 0xa, 0xd0,
    0x3, 0x0, 0x0, 0x2d, 0xe1, 0x0, 0xd, 0xb0,
    0x0, 0x0, 0x4, 0xef, 0x40, 0x67, 0x9f, 0x80,
    0x0, 0x0, 0x6, 0xd2, 0x0, 0x9f, 0xfb, 0x10,
    0x0, 0x0, 0x0, 0x0, 0x0, 0x0, 0x0, 0x0,

    /* U+52A8 "动" */
    0x0, 0x0, 0x0, 0x0, 0x0, 0xcb, 0x0, 0x0,
    0x2, 0x33, 0x33, 0x32, 0x0, 0xcb, 0x0, 0x0,
    0x9, 0xff, 0xff, 0xfa, 0x0, 0xcb, 0x0, 0x0,
    0x1, 0x11, 0x11, 0x11, 0x0, 0xca, 0x0, 0x0,
    0x0, 0x0, 0x0, 0x0, 0xce, 0xff, 0xee, 0xe2,
    0x16, 0x66, 0x66, 0x66, 0x89, 0xfd, 0x9b, 0xf2,
    0x2f, 0xff, 0xff, 0xfe, 0x0, 0xf8, 0x5, 0xf2,
    0x0, 0x2f, 0x50, 0x0, 0x0, 0xf6, 0x6, 0xf1,
    0x0, 0x6f, 0x3, 0xb0, 0x2, 0xf5, 0x6, 0xf0,
    0x0, 0xba, 0x1, 0xf4, 0x6, 0xf1, 0x7, 0xf0,
    0x1, 0xf5, 0x2, 0xdb, 0xa, 0xe0, 0x8, 0xf0,
    0x9, 0xfb, 0xef, 0xff, 0x2f, 0x90, 0xa, 0xd0,
    0xd, 0xfb, 0x73, 0x1a, 0xaf, 0x20, 0xc, 0xb0,
    0x2, 0x0, 0x0, 0x4, 0xfa, 0x46, 0x8f, 0x80,
    0x0, 0x0, 0x0, 0x5, 0xd1, 0x4f, 0xfc, 0x10,
    0x0, 0x0, 0x0, 0x0, 0x0, 0x0, 0x0, 0x0,

    /* U+52FF "勿" */
    0x0, 0x0, 0x62, 0x0, 0x0, 0x0, 0x0, 0x0,
    0x0, 0x3f, 0x80, 0x0, 0x0, 0x0, 0x0, 0x0,
    0x9, 0xf3, 0x0, 0x0, 0x0, 0x0, 0x0, 0x0,
    0xff, 0xff, 0xff, 0xff, 0xff, 0xfe, 0x0, 0x7f,
    0x97, 0xee, 0x78, 0xfb, 0x7d, 0xd0, 0x1f, 0xc0,
    0x2f, 0x70, 0x5f, 0x30, 0xbc, 0xc, 0xf3, 0x8,
    0xf1, 0x9, 0xf0, 0xc, 0xb4, 0xf6, 0x1, 0xea,
    0x0, 0xdb, 0x0, 0xda, 0x2, 0x0, 0x8f, 0x20,
    0x3f, 0x50, 0xe, 0xa0, 0x0, 0x3f, 0x90, 0x9,
    0xf0, 0x0, 0xf8, 0x0, 0x1e, 0xd0, 0x2, 0xf9,
    0x0, 0x1f, 0x70, 0x1d, 0xf3, 0x0, 0xbf, 0x10,
    0x3, 0xf5, 0x7, 0xf4, 0x0, 0x7f, 0x70, 0x0,
    0x7f, 0x30, 0x1, 0x0, 0x6f, 0xb0, 0x37, 0x7e,
    0xe0, 0x0, 0x0, 0x5, 0xb0, 0x3, 0xff, 0xe4,
    0x0, 0x0, 0x0, 0x0, 0x0, 0x0, 0x0, 0x0,

    /* U+5361 "卡" */
    0x0, 0x0, 0x0, 0x2f, 0x60, 0x0, 0x0, 0x0,
    0x0, 0x0, 0x0, 0x2f, 0x60, 0x0, 0x0, 0x0,
    0x0, 0x0, 0x0, 0x2f, 0xa6, 0x66, 0x64, 0x0,
    0x0, 0x0, 0x0, 0x2f, 0xff, 0xff, 0xfa, 0x0,
    0x0, 0x0, 0x0, 0x2f, 0x60, 0x0, 0x0, 0x0,
    0x0, 0x0, 0x0, 0x2f, 0x60, 0x0, 0x0, 0x0,
    0x18, 0x88, 0x88, 0xaf, 0xb8, 0x88, 0x88, 0x82,
    0x3f, 0xff, 0xff, 0xff, 0xff, 0xff, 0xff, 0xf3,
    0x0, 0x0, 0x0, 0x1f, 0x70, 0x0, 0x0, 0x0,
    0x0, 0x0, 0x0, 0x1f, 0x77, 0x20, 0x0, 0x0,
    0x0, 0x0, 0x0, 0x1f, 0xbe, 0xfc, 0x60, 0x0,
    0x0, 0x0, 0x0, 0x1f, 0x70, 0x4b, 0xff, 0x40,
    0x0, 0x0, 0x0, 0x1f, 0x70, 0x0, 0x28, 0x0,
    0x0, 0x0, 0x0, 0x1f, 0x70, 0x0, 0x0, 0x0,
    0x0, 0x0, 0x0, 0x1f, 0x70, 0x0, 0x0, 0x0,

    /* U+5373 "即" */
    0x7, 0xff, 0xff, 0xff, 0xd, 0xee, 0xee, 0x80,
    0x7f, 0x65, 0x5b, 0xf0, 0xec, 0x77, 0xf8, 0x7,
    0xf1, 0x0, 0x8f, 0xe, 0x90, 0xe, 0x80, 0x7f,
    0x76, 0x6b, 0xf0, 0xe9, 0x0, 0xe8, 0x7, 0xff,
    0xff, 0xff, 0xe, 0x90, 0xe, 0x80, 0x7f, 0x10,
    0x8, 0xf0, 0xe9, 0x0, 0xe8, 0x7, 0xf5, 0x44,
    0xbf, 0xe, 0x90, 0xe, 0x80, 0x7f, 0xff, 0xff,
    0xf0, 0xe9, 0x0, 0xe8, 0x7, 0xf2, 0x1, 0x20,
    0xe, 0x90, 0xe, 0x80, 0x7f, 0x10, 0xea, 0x0,
    0xe9, 0x11, 0xf8, 0x7, 0xf1, 0x8, 0xf4, 0xe,
    0x9a, 0xff, 0x50, 0x9f, 0x8c, 0xff, 0xc0, 0xe9,
    0x25, 0x20, 0xf, 0xfd, 0x84, 0x6f, 0x2e, 0x90,
    0x0, 0x0, 0x63, 0x0, 0x0, 0x10, 0xe9, 0x0,
    0x0,

    /* U+5382 "厂" */
    0x0, 0x78, 0x88, 0x88, 0x88, 0x88, 0x88, 0x80,
    0xd, 0xff, 0xff, 0xff, 0xff, 0xff, 0xfe, 0x0,
    0xdc, 0x0, 0x0, 0x0, 0x0, 0x0, 0x0, 0xd,
    0xc0, 0x0, 0x0, 0x0, 0x0, 0x0, 0x0, 0xdc,
    0x0, 0x0, 0x0, 0x0, 0x0, 0x0, 0xd, 0xc0,
    0x0, 0x0, 0x0, 0x0, 0x0, 0x0, 0xeb, 0x0,
    0x0, 0x0, 0x0, 0x0, 0x0, 0xf, 0xa0, 0x0,
    0x0, 0x0, 0x0, 0x0, 0x0, 0xf9, 0x0, 0x0,
    0x0, 0x0, 0x0, 0x0, 0x2f, 0x70, 0x0, 0x0,
    0x0, 0x0, 0x0, 0x6, 0xf4, 0x0, 0x0, 0x0,
    0x0, 0x0, 0x0, 0xaf, 0x0, 0x0, 0x0, 0x0,
    0x0, 0x0, 0x2f, 0xb0, 0x0, 0x0, 0x0, 0x0,
    0x0, 0x3, 0xe3, 0x0, 0x0, 0x0, 0x0, 0x0,
    0x0, 0x0, 0x0, 0x0, 0x0, 0x0, 0x0, 0x0,
    0x0,

    /* U+539F "原" */
    0x0, 0xff, 0xff, 0xff, 0xff, 0xff, 0xff, 0xf2,
    0x0, 0xfa, 0x66, 0x66, 0xbb, 0x66, 0x66, 0x60,
    0x0, 0xf7, 0x0, 0x1, 0xfb, 0x0, 0x0, 0x0,
    0x0, 0xf7, 0x4f, 0xff, 0xff, 0xff, 0xfe, 0x0,
    0x0, 0xf7, 0x4f, 0x63, 0x33, 0x33, 0xaf, 0x0,
    0x1, 0xf6, 0x4f, 0x53, 0x33, 0x33, 0xaf, 0x0,
    0x2, 0xf6, 0x4f, 0xed, 0xdd, 0xdd, 0xff, 0x0,
    0x3, 0xf5, 0x4f, 0x30, 0x0, 0x0, 0x9f, 0x0,
    0x4, 0xf3, 0x4f, 0xff, 0xff, 0xff, 0xff, 0x0,
    0x6, 0xf1, 0x3, 0x32, 0x8f, 0x22, 0x32, 0x0,
    0xa, 0xd0, 0xc, 0xe0, 0x6f, 0x8, 0xe2, 0x0,
    0xe, 0xa0, 0xaf, 0x30, 0x6f, 0x0, 0xbe, 0x20,
    0x5f, 0x47, 0xf5, 0x25, 0xaf, 0x0, 0x1d, 0xd0,
    0x7, 0x0, 0x20, 0x5f, 0xfa, 0x0, 0x2, 0x20,

    /* U+53BB "去" */
    0x0, 0x0, 0x0, 0xa, 0xe0, 0x0, 0x0, 0x0,
    0x0, 0x0, 0x0, 0xa, 0xe0, 0x0, 0x0, 0x0,
    0x0, 0x0, 0x0, 0xa, 0xf0, 0x0, 0x0, 0x0,
    0x0, 0xdf, 0xff, 0xff, 0xff, 0xff, 0xff, 0x30,
    0x0, 0x67, 0x77, 0x7d, 0xf7, 0x77, 0x77, 0x10,
    0x0, 0x0, 0x0, 0xa, 0xe0, 0x0, 0x0, 0x0,
    0x0, 0x0, 0x0, 0xa, 0xe0, 0x0, 0x0, 0x0,
    0x1f, 0xff, 0xff, 0xff, 0xff, 0xff, 0xff, 0xf6,
    0x8, 0x88, 0x8b, 0xfc, 0x88, 0x88, 0x88, 0x83,
    0x0, 0x0, 0xd, 0xe1, 0x0, 0x74, 0x0, 0x0,
    0x0, 0x0, 0x7f, 0x50, 0x0, 0xcf, 0x20, 0x0,
    0x0, 0x3, 0xf9, 0x0, 0x0, 0x1e, 0xd0, 0x0,
    0x0, 0x2e, 0xc2, 0x34, 0x56, 0x7b, 0xf9, 0x0,
    0x0, 0xef, 0xff, 0xff, 0xff, 0xfe, 0xef, 0x30,
    0x0, 0x89, 0x76, 0x53, 0x21, 0x0, 0x1e, 0x60,
    0x0, 0x0, 0x0, 0x0, 0x0, 0x0, 0x0, 0x0,

    /* U+53C2 "参" */
    0x0, 0x0, 0x0, 0x63, 0x0, 0x0, 0x0, 0x0,
    0x0, 0x0, 0x9, 0xf9, 0x7, 0xd3, 0x0, 0x0,
    0x0, 0x3, 0xde, 0x40, 0x1, 0xcf, 0x80, 0x0,
    0x0, 0x7f, 0xff, 0xff, 0xff, 0xff, 0xfa, 0x0,
    0x0, 0x38, 0x76, 0xfc, 0x33, 0x21, 0x6c, 0x20,
    0x15, 0x55, 0x59, 0xfa, 0x55, 0x55, 0x56, 0x51,
    0x3f, 0xff, 0xff, 0xff, 0xff, 0xff, 0xff, 0xf3,
    0x0, 0x2, 0xee, 0x10, 0x31, 0xcd, 0x20, 0x0,
    0x0, 0x3e, 0xe4, 0x6d, 0xf6, 0x1d, 0xe4, 0x0,
    0x1a, 0xfd, 0xbf, 0xd8, 0x14, 0x41, 0xbf, 0xb2,
    0x1d, 0x80, 0x12, 0x15, 0xbf, 0x90, 0x6, 0xc1,
    0x0, 0x1, 0x9d, 0xfe, 0x92, 0x8, 0x91, 0x0,
    0x0, 0x0, 0x77, 0x30, 0x16, 0xdf, 0x70, 0x0,
    0x0, 0x0, 0x25, 0x8c, 0xff, 0x92, 0x0, 0x0,
    0x0, 0x1f, 0xff, 0xd9, 0x51, 0x0, 0x0, 0x0,
    0x0, 0x3, 0x30, 0x0, 0x0, 0x0, 0x0, 0x0,

    /* U+53D1 "发" */
    0x0, 0x0, 0x0, 0x7, 0x40, 0x2, 0x0, 0x0,
    0x0, 0xb, 0xd0, 0xf, 0xb0, 0xe, 0xb0, 0x0,
    0x0, 0x1f, 0x80, 0x3f, 0x80, 0x4, 0xf9, 0x0,
    0x0, 0x8f, 0x20, 0x6f, 0x50, 0x0, 0x63, 0x0,
    0x1, 0xff, 0xff, 0xff, 0xff, 0xff, 0xff, 0xf0,
    0x0, 0x98, 0x77, 0xfe, 0x77, 0x77, 0x77, 0x70,
    0x0, 0x0, 0x4, 0xf8, 0x0, 0x0, 0x0, 0x0,
    0x0, 0x0, 0xb, 0xff, 0xff, 0xff, 0xf8, 0x0,
    0x0, 0x0, 0x4f, 0xf9, 0x77, 0x7b, 0xf4, 0x0,
    0x0, 0x0, 0xdf, 0xdc, 0x0, 0x1e, 0xd0, 0x0,
    0x0, 0xb, 0xf6, 0x2f, 0x90, 0xbf, 0x30, 0x0,
    0x0, 0xaf, 0x90, 0x5, 0xfe, 0xf5, 0x0, 0x0,
    0x2d, 0xf9, 0x0, 0x5, 0xff, 0xe5, 0x0, 0x0,
    0x2d, 0x50, 0x27, 0xdf, 0xc5, 0xcf, 0xd8, 0x40,
    0x0, 0x0, 0xdf, 0xb4, 0x0, 0x5, 0xbf, 0xf3,
    0x0, 0x0, 0x21, 0x0, 0x0, 0x0, 0x1, 0x30,

    /* U+53D6 "取" */
    0x3f, 0xff, 0xff, 0xff, 0x0, 0x0, 0x0, 0x0,
    0x18, 0xf7, 0x5b, 0xf5, 0xdf, 0xff, 0xff, 0xd0,
    0x4, 0xf2, 0x8, 0xf0, 0x9f, 0xba, 0xad, 0xb0,
    0x4, 0xf7, 0x5b, 0xf0, 0xf, 0x50, 0xc, 0x80,
    0x4, 0xff, 0xff, 0xf0, 0xc, 0x80, 0xf, 0x50,
    0x4, 0xf2, 0x8, 0xf0, 0x9, 0xc0, 0x3f, 0x20,
    0x4, 0xf4, 0x18, 0xf0, 0x5, 0xf1, 0x9e, 0x0,
    0x4, 0xff, 0xff, 0xf0, 0x0, 0xf7, 0xe7, 0x0,
    0x4, 0xf5, 0x39, 0xf0, 0x0, 0x9f, 0xf1, 0x0,
    0x4, 0xf2, 0x8, 0xf4, 0x10, 0x4f, 0xb0, 0x0,
    0x29, 0xfc, 0xdf, 0xfe, 0x40, 0xbf, 0xe2, 0x0,
    0x3f, 0xc9, 0x7a, 0xf0, 0x8, 0xf7, 0xed, 0x10,
    0x0, 0x0, 0x8, 0xf0, 0xbf, 0x70, 0x3f, 0xe3,
    0x0, 0x0, 0x8, 0xf0, 0xc5, 0x0, 0x2, 0xb1,
    0x0, 0x0, 0x0, 0x0, 0x0, 0x0, 0x0, 0x0,

    /* U+53EF "可" */
    0x17, 0x77, 0x77, 0x77, 0x77, 0x77, 0x77, 0x71,
    0x2f, 0xff, 0xff, 0xff, 0xff, 0xff, 0xff, 0xf3,
    0x0, 0x0, 0x0, 0x0, 0x0, 0x5, 0xf5, 0x0,
    0x0, 0x0, 0x0, 0x0, 0x0, 0x4, 0xf4, 0x0,
    0x0, 0x9f, 0xff, 0xff, 0xf1, 0x4, 0xf4, 0x0,
    0x0, 0x9f, 0x77, 0x7b, 0xf1, 0x4, 0xf4, 0x0,
    0x0, 0x9e, 0x0, 0x6, 0xf1, 0x4, 0xf4, 0x0,
    0x0, 0x9e, 0x0, 0x6, 0xf1, 0x4, 0xf4, 0x0,
    0x0, 0x9e, 0x11, 0x17, 0xf1, 0x4, 0xf4, 0x0,
    0x0, 0x9f, 0xff, 0xff, 0xf1, 0x4, 0xf4, 0x0,
    0x0, 0x9e, 0x44, 0x44, 0x40, 0x4, 0xf4, 0x0,
    0x0, 0x35, 0x0, 0x0, 0x0, 0x4, 0xf4, 0x0,
    0x0, 0x0, 0x0, 0x0, 0x59, 0x8b, 0xf3, 0x0,
    0x0, 0x0, 0x0, 0x0, 0x4f, 0xfe, 0x90, 0x0,
    0x0, 0x0, 0x0, 0x0, 0x0, 0x0, 0x0, 0x0,

    /* U+53F3 "右" */
    0x0, 0x0, 0x0, 0x32, 0x0, 0x0, 0x0, 0x0,
    0x0, 0x0, 0x0, 0xdc, 0x0, 0x0, 0x0, 0x0,
    0x0, 0x0, 0x1, 0xf8, 0x0, 0x0, 0x0, 0x0,
    0x8, 0x88, 0x8a, 0xfa, 0x88, 0x88, 0x88, 0x80,
    0xf, 0xff, 0xff, 0xff, 0xff, 0xff, 0xff, 0xf0,
    0x0, 0x0, 0x3f, 0x70, 0x0, 0x0, 0x0, 0x0,
    0x0, 0x0, 0xce, 0x0, 0x0, 0x0, 0x0, 0x0,
    0x0, 0x5, 0xfa, 0x44, 0x44, 0x44, 0x43, 0x0,
    0x0, 0x1e, 0xff, 0xff, 0xff, 0xff, 0xfe, 0x0,
    0x1, 0xdf, 0xec, 0x22, 0x22, 0x22, 0xbe, 0x0,
    0x2e, 0xf4, 0xcb, 0x0, 0x0, 0x0, 0xae, 0x0,
    0x3e, 0x40, 0xcb, 0x0, 0x0, 0x0, 0xae, 0x0,
    0x0, 0x0, 0xcb, 0x0, 0x0, 0x0, 0xae, 0x0,
    0x0, 0x0, 0xcf, 0xff, 0xff, 0xff, 0xfe, 0x0,
    0x0, 0x0, 0xcd, 0x77, 0x77, 0x77, 0xcd, 0x0,

    /* U+540C "同" */
    0x8f, 0xff, 0xff, 0xff, 0xff, 0xff, 0xfe, 0x8f,
    0x66, 0x66, 0x66, 0x66, 0x66, 0xbe, 0x8e, 0x0,
    0x0, 0x0, 0x0, 0x0, 0x8e, 0x8e, 0xe, 0xff,
    0xff, 0xff, 0xf2, 0x8e, 0x8e, 0x5, 0x55, 0x55,
    0x55, 0x50, 0x8e, 0x8e, 0x0, 0x0, 0x0, 0x0,
    0x0, 0x8e, 0x8e, 0x1, 0xff, 0xff, 0xff, 0x50,
    0x8e, 0x8e, 0x1, 0xf6, 0x33, 0x3f, 0x50, 0x8e,
    0x8e, 0x1, 0xf4, 0x0, 0xf, 0x50, 0x8e, 0x8e,
    0x1, 0xf5, 0x11, 0x2f, 0x50, 0x8e, 0x8e, 0x1,
    0xff, 0xff, 0xff, 0x50, 0x8e, 0x8e, 0x1, 0xf6,
    0x22, 0x22, 0x0, 0x8e, 0x8e, 0x0, 0x41, 0x0,
    0x0, 0x77, 0xcd, 0x8e, 0x0, 0x0, 0x0, 0x0,
    0xdf, 0xd6,

    /* U+540D "名" */
    0x0, 0x0, 0x0, 0x75, 0x0, 0x0, 0x0, 0x0,
    0x0, 0x8, 0xf7, 0x0, 0x0, 0x0, 0x0, 0x0,
    0x7f, 0xff, 0xff, 0xff, 0xe4, 0x0, 0x1a, 0xfa,
    0x66, 0x66, 0x7f, 0xf1, 0x6, 0xef, 0x70, 0x0,
    0x0, 0x9f, 0x60, 0x8, 0xc2, 0x8d, 0x20, 0x9,
    0xf8, 0x0, 0x0, 0x0, 0x3e, 0xe5, 0xcf, 0x70,
    0x0, 0x0, 0x0, 0x2, 0xff, 0xe4, 0x0, 0x0,
    0x0, 0x2, 0x8e, 0xff, 0x86, 0x66, 0x64, 0x19,
    0xdf, 0xff, 0xff, 0xff, 0xff, 0xf9, 0xc, 0xa7,
    0xf6, 0x0, 0x0, 0x0, 0xe9, 0x0, 0x0, 0xf6,
    0x0, 0x0, 0x0, 0xe9, 0x0, 0x0, 0xf6, 0x0,
    0x0, 0x0, 0xe9, 0x0, 0x0, 0xff, 0xff, 0xff,
    0xff, 0xf9, 0x0, 0x0, 0xfa, 0x66, 0x66, 0x66,
    0xf9, 0x0, 0x0, 0x0, 0x0, 0x0, 0x0, 0x0,

    /* U+540E "后" */
    0x0, 0x0, 0x0, 0x0, 0x0, 0x1, 0x50, 0x0,
    0x0, 0x13, 0x45, 0x78, 0xac, 0xef, 0xfb, 0x0,
    0x0, 0xaf, 0xff, 0xed, 0xba, 0x75, 0x20, 0x0,
    0x0, 0xaf, 0x10, 0x0, 0x0, 0x0, 0x0, 0x0,
    0x0, 0xaf, 0x11, 0x11, 0x11, 0x11, 0x11, 0x10,
    0x0, 0xaf, 0xff, 0xff, 0xff, 0xff, 0xff, 0xf6,
    0x0, 0xaf, 0x55, 0x55, 0x55, 0x55, 0x55, 0x52,
    0x0, 0xbe, 0x0, 0x0, 0x0, 0x0, 0x0, 0x0,
    0x0, 0xcd, 0x6, 0x77, 0x77, 0x77, 0x77, 0x0,
    0x0, 0xeb, 0xe, 0xff, 0xff, 0xff, 0xff, 0x10,
    0x0, 0xf8, 0xe, 0x90, 0x0, 0x0, 0x8f, 0x10,
    0x4, 0xf4, 0xe, 0x90, 0x0, 0x0, 0x8f, 0x10,
    0x9, 0xf0, 0xe, 0x90, 0x0, 0x0, 0x8f, 0x10,
    0x2f, 0x90, 0xe, 0xff, 0xff, 0xff, 0xff, 0x10,
    0x3c, 0x10, 0xe, 0xc7, 0x77, 0x77, 0xbf, 0x10,
    0x0, 0x0, 0x0, 0x0, 0x0, 0x0, 0x0, 0x0,

    /* U+5411 "向" */
    0x0, 0x0, 0x2, 0x95, 0x0, 0x0, 0x0, 0x0,
    0x0, 0x8, 0xf5, 0x0, 0x0, 0x0, 0x0, 0x0,
    0xe, 0xd0, 0x0, 0x0, 0x0, 0x7f, 0xff, 0xff,
    0xff, 0xff, 0xff, 0xf8, 0x8f, 0x88, 0x88, 0x88,
    0x88, 0x88, 0xf9, 0x8f, 0x0, 0x0, 0x0, 0x0,
    0x0, 0xe9, 0x8f, 0x0, 0x66, 0x66, 0x66, 0x0,
    0xe9, 0x8f, 0x2, 0xff, 0xff, 0xff, 0x20, 0xe9,
    0x8f, 0x2, 0xf3, 0x0, 0x3f, 0x20, 0xe9, 0x8f,
    0x2, 0xf3, 0x0, 0x3f, 0x20, 0xe9, 0x8f, 0x2,
    0xf8, 0x55, 0x8f, 0x20, 0xe9, 0x8f, 0x2, 0xff,
    0xff, 0xff, 0x20, 0xe9, 0x8f, 0x2, 0xf3, 0x0,
    0x0, 0x0, 0xe9, 0x8f, 0x0, 0x20, 0x0, 0x6,
    0x78, 0xf8, 0x8f, 0x0, 0x0, 0x0, 0x7, 0xff,
    0xc2, 0x0, 0x0, 0x0, 0x0, 0x0, 0x0, 0x0,

    /* U+5426 "否" */
    0xf, 0xff, 0xff, 0xff, 0xff, 0xff, 0xff, 0xf0,
    0x6, 0x66, 0x66, 0x6b, 0xfc, 0x66, 0x66, 0x60,
    0x0, 0x0, 0x0, 0x7f, 0xd0, 0x10, 0x0, 0x0,
    0x0, 0x0, 0x2c, 0xff, 0xb5, 0xfa, 0x20, 0x0,
    0x0, 0x4b, 0xfe, 0x5c, 0xb0, 0x7e, 0xf9, 0x10,
    0x3d, 0xff, 0x90, 0xc, 0xb0, 0x0, 0x8f, 0xe2,
    0xb, 0x81, 0x0, 0xc, 0xb0, 0x0, 0x2, 0x70,
    0x0, 0x0, 0x0, 0x4, 0x40, 0x0, 0x0, 0x0,
    0x0, 0x4f, 0xff, 0xff, 0xff, 0xff, 0xf5, 0x0,
    0x0, 0x4f, 0x95, 0x55, 0x55, 0x58, 0xf6, 0x0,
    0x0, 0x4f, 0x40, 0x0, 0x0, 0x4, 0xf6, 0x0,
    0x0, 0x4f, 0x40, 0x0, 0x0, 0x4, 0xf6, 0x0,
    0x0, 0x4f, 0xee, 0xee, 0xee, 0xee, 0xf6, 0x0,
    0x0, 0x4f, 0x96, 0x66, 0x66, 0x69, 0xf6, 0x0,

    /* U+542F "启" */
    0x0, 0x0, 0x0, 0x4, 0x30, 0x0, 0x0, 0x0,
    0x0, 0x0, 0x0, 0xdd, 0x0, 0x0, 0x0, 0x0,
    0x24, 0x44, 0x49, 0xf6, 0x44, 0x44, 0x0, 0x9,
    0xff, 0xff, 0xff, 0xff, 0xff, 0xf0, 0x0, 0x9f,
    0x22, 0x22, 0x22, 0x22, 0x8f, 0x0, 0x9, 0xf0,
    0x0, 0x0, 0x0, 0x7, 0xf0, 0x0, 0x9f, 0xff,
    0xff, 0xff, 0xff, 0xff, 0x0, 0xa, 0xf7, 0x77,
    0x77, 0x77, 0x77, 0x70, 0x0, 0xbe, 0x0, 0x0,
    0x0, 0x0, 0x0, 0x0, 0xc, 0xc7, 0xff, 0xff,
    0xff, 0xff, 0xf6, 0x0, 0xea, 0x7f, 0x55, 0x55,
    0x55, 0x7f, 0x60, 0x2f, 0x77, 0xf0, 0x0, 0x0,
    0x2, 0xf6, 0x7, 0xf2, 0x7f, 0x0, 0x0, 0x0,
    0x3f, 0x61, 0xeb, 0x7, 0xff, 0xff, 0xff, 0xff,
    0xf6, 0x3e, 0x20, 0x7f, 0x55, 0x55, 0x55, 0x7f,
    0x60, 0x0, 0x0, 0x0, 0x0, 0x0, 0x0, 0x0,

    /* U+548C "和" */
    0x0, 0x0, 0x0, 0x30, 0x0, 0x0, 0x0, 0x0,
    0x14, 0x7a, 0xef, 0x80, 0x0, 0x0, 0x0, 0xe,
    0xfe, 0xfa, 0x30, 0x9f, 0xff, 0xff, 0x90, 0x10,
    0x2f, 0x50, 0x9, 0xf6, 0x66, 0xf9, 0x0, 0x2,
    0xf5, 0x0, 0x9e, 0x0, 0xf, 0x93, 0xff, 0xff,
    0xff, 0xe9, 0xe0, 0x0, 0xf9, 0x17, 0x7d, 0xfa,
    0x76, 0x9e, 0x0, 0xf, 0x90, 0x1, 0xff, 0xd1,
    0x9, 0xe0, 0x0, 0xf9, 0x0, 0x7f, 0xff, 0xc0,
    0x9e, 0x0, 0xf, 0x90, 0xe, 0x9f, 0x7f, 0x99,
    0xe0, 0x0, 0xf9, 0x9, 0xe3, 0xf5, 0x68, 0x9e,
    0x0, 0xf, 0x94, 0xf6, 0x2f, 0x50, 0x9, 0xe2,
    0x22, 0xf9, 0x3b, 0x2, 0xf5, 0x0, 0x9f, 0xff,
    0xff, 0x90, 0x0, 0x2f, 0x50, 0x9, 0xe4, 0x44,
    0xf9, 0x0, 0x2, 0xf5, 0x0, 0x58, 0x0, 0x7,
    0x40,

    /* U+54C1 "品" */
    0x0, 0x8f, 0xff, 0xff, 0xff, 0xf7, 0x0, 0x0,
    0x8f, 0x77, 0x77, 0x77, 0xf7, 0x0, 0x0, 0x8e,
    0x0, 0x0, 0x1, 0xf7, 0x0, 0x0, 0x8e, 0x0,
    0x0, 0x1, 0xf7, 0x0, 0x0, 0x8f, 0xff, 0xff,
    0xff, 0xf7, 0x0, 0x0, 0x47, 0x77, 0x77, 0x77,
    0x73, 0x0, 0x0, 0x0, 0x0, 0x0, 0x0, 0x0,
    0x0, 0xef, 0xff, 0xff, 0x7, 0xff, 0xff, 0xfa,
    0xec, 0x88, 0xbf, 0x7, 0xf8, 0x88, 0xeb, 0xe7,
    0x0, 0x7f, 0x7, 0xf0, 0x0, 0xcb, 0xe7, 0x0,
    0x7f, 0x7, 0xf0, 0x0, 0xcb, 0xe7, 0x0, 0x7f,
    0x7, 0xf0, 0x0, 0xcb, 0xef, 0xff, 0xff, 0x7,
    0xff, 0xff, 0xfb, 0xeb, 0x77, 0xae, 0x7, 0xf7,
    0x77, 0xda,

    /* U+5668 "器" */
    0x0, 0xff, 0xff, 0xf1, 0x3f, 0xff, 0xff, 0x0,
    0x0, 0xf8, 0x48, 0xf1, 0x3f, 0x64, 0x8f, 0x0,
    0x0, 0xf5, 0x5, 0xf1, 0x3f, 0x20, 0x6f, 0x0,
    0x0, 0xf9, 0x69, 0xf1, 0x3f, 0x76, 0xaf, 0x0,
    0x0, 0xdd, 0xdd, 0xe3, 0x3d, 0xfe, 0xdd, 0x0,
    0x0, 0x0, 0x0, 0xcd, 0x0, 0x9d, 0x60, 0x0,
    0x3f, 0xff, 0xff, 0xff, 0xff, 0xff, 0xff, 0xf3,
    0x16, 0x67, 0xff, 0x76, 0x6a, 0xfb, 0x66, 0x61,
    0x0, 0x2d, 0xf5, 0x0, 0x0, 0xaf, 0x90, 0x0,
    0x19, 0xff, 0xb6, 0x60, 0x16, 0x7e, 0xff, 0x82,
    0x3f, 0xfe, 0xde, 0xf1, 0x3f, 0xed, 0xef, 0xf3,
    0x0, 0xf6, 0x5, 0xf1, 0x3f, 0x20, 0x6f, 0x10,
    0x0, 0xf9, 0x48, 0xf1, 0x3f, 0x64, 0x9f, 0x10,
    0x0, 0xff, 0xff, 0xe1, 0x3f, 0xff, 0xfe, 0x10,

    /* U+56DE "回" */
    0xaf, 0xff, 0xff, 0xff, 0xff, 0xff, 0xfe, 0xaf,
    0x88, 0x88, 0x88, 0x88, 0x88, 0xde, 0xae, 0x0,
    0x0, 0x0, 0x0, 0x0, 0xbe, 0xae, 0x0, 0x22,
    0x22, 0x22, 0x0, 0xbe, 0xae, 0x1, 0xff, 0xff,
    0xff, 0x60, 0xbe, 0xae, 0x1, 0xf7, 0x33, 0x4f,
    0x60, 0xbe, 0xae, 0x1, 0xf5, 0x0, 0x1f, 0x60,
    0xbe, 0xae, 0x1, 0xf5, 0x0, 0x1f, 0x60, 0xbe,
    0xae, 0x1, 0xf9, 0x55, 0x6f, 0x60, 0xbe, 0xae,
    0x1, 0xff, 0xff, 0xff, 0x60, 0xbe, 0xae, 0x0,
    0x0, 0x0, 0x0, 0x0, 0xbe, 0xae, 0x0, 0x0,
    0x0, 0x0, 0x0, 0xbe, 0xaf, 0xff, 0xff, 0xff,
    0xff, 0xff, 0xfe, 0xaf, 0x77, 0x77, 0x77, 0x77,
    0x77, 0xde,

    /* U+56FE "图" */
    0xef, 0xff, 0xff, 0xff, 0xff, 0xff, 0xf8, 0xeb,
    0x55, 0x5a, 0x65, 0x55, 0x55, 0xf8, 0xe8, 0x0,
    0x5f, 0x50, 0x0, 0x0, 0xe8, 0xe8, 0x4, 0xff,
    0xff, 0xff, 0xb0, 0xe8, 0xe8, 0x8f, 0xf9, 0x12,
    0xce, 0x20, 0xe8, 0xe8, 0x76, 0x3e, 0xcd, 0xd2,
    0x0, 0xe8, 0xe8, 0x2, 0x7d, 0xff, 0xc6, 0x20,
    0xe8, 0xeb, 0xdf, 0xfa, 0x23, 0xaf, 0xfa, 0xe8,
    0xe8, 0x85, 0x2e, 0xd9, 0x30, 0x42, 0xe8, 0xe8,
    0x0, 0x10, 0x4a, 0xd0, 0x0, 0xe8, 0xe8, 0x8,
    0xfe, 0xb8, 0x50, 0x0, 0xe8, 0xe8, 0x0, 0x14,
    0x6a, 0xef, 0x10, 0xe8, 0xeb, 0x66, 0x66, 0x66,
    0x69, 0x66, 0xf8, 0xef, 0xee, 0xee, 0xee, 0xee,
    0xee, 0xf8,

    /* U+5728 "在" */
    0x0, 0x0, 0x0, 0x62, 0x0, 0x0, 0x0, 0x0,
    0x0, 0x0, 0x3, 0xf7, 0x0, 0x0, 0x0, 0x0,
    0x2, 0x22, 0x29, 0xf4, 0x22, 0x22, 0x22, 0x20,
    0xf, 0xff, 0xff, 0xff, 0xff, 0xff, 0xff, 0xf1,
    0x4, 0x44, 0xbf, 0x64, 0x44, 0x44, 0x44, 0x40,
    0x0, 0x2, 0xfa, 0x0, 0x7, 0xd0, 0x0, 0x0,
    0x0, 0xc, 0xf1, 0x0, 0x8, 0xf0, 0x0, 0x0,
    0x0, 0x9f, 0x80, 0x0, 0x8, 0xf0, 0x0, 0x0,
    0xa, 0xff, 0x70, 0xff, 0xff, 0xff, 0xff, 0x60,
    0x5f, 0xbf, 0x70, 0x55, 0x5b, 0xf6, 0x55, 0x20,
    0x6, 0x1f, 0x70, 0x0, 0x8, 0xf0, 0x0, 0x0,
    0x0, 0xf, 0x70, 0x0, 0x8, 0xf0, 0x0, 0x0,
    0x0, 0xf, 0x70, 0x0, 0x8, 0xf0, 0x0, 0x0,
    0x0, 0xf, 0x73, 0x66, 0x6b, 0xf6, 0x66, 0x60,
    0x0, 0xf, 0x79, 0xff, 0xff, 0xff, 0xff, 0xf0,

    /* U+57DF "域" */
    0x0, 0x0, 0x0, 0x0, 0x0, 0x12, 0x0, 0x0,
    0x0, 0xe7, 0x0, 0x0, 0x0, 0xac, 0x7c, 0x0,
    0x0, 0xe7, 0x0, 0x0, 0x0, 0xac, 0x2f, 0xa0,
    0x0, 0xe7, 0x3, 0x33, 0x33, 0xbd, 0x38, 0xb0,
    0x0, 0xe7, 0xe, 0xff, 0xff, 0xff, 0xff, 0xf1,
    0x49, 0xfc, 0x82, 0x22, 0x22, 0xad, 0x22, 0x20,
    0x7f, 0xff, 0xd2, 0x44, 0x42, 0x8e, 0x2, 0x10,
    0x0, 0xe8, 0x7, 0xfe, 0xf9, 0x7f, 0xd, 0xa0,
    0x0, 0xe7, 0x7, 0xa0, 0x99, 0x6f, 0x3f, 0x40,
    0x0, 0xe7, 0x7, 0xa0, 0x99, 0x4f, 0xbe, 0x0,
    0x0, 0xe7, 0x27, 0xff, 0xf9, 0x1f, 0xf7, 0x0,
    0x0, 0xee, 0xf2, 0x33, 0x33, 0xf, 0xe0, 0x0,
    0x4d, 0xfc, 0x43, 0x6a, 0xdf, 0xbf, 0xa0, 0x20,
    0x4b, 0x40, 0x4f, 0xea, 0x57, 0xfd, 0xf0, 0xc3,
    0x0, 0x0, 0x2, 0x0, 0x9f, 0x72, 0xfb, 0xf2,
    0x0, 0x0, 0x0, 0x0, 0x76, 0x0, 0x6f, 0xa0,

    /* U+58F0 "声" */
    0x0, 0x0, 0x0, 0xc, 0xb0, 0x0, 0x0, 0x0,
    0x33, 0x33, 0x33, 0xdc, 0x33, 0x33, 0x33, 0xe,
    0xff, 0xff, 0xff, 0xff, 0xff, 0xff, 0xe0, 0x11,
    0x11, 0x11, 0xdb, 0x11, 0x11, 0x11, 0x0, 0x56,
    0x66, 0x6e, 0xd6, 0x66, 0x66, 0x10, 0xd, 0xee,
    0xee, 0xee, 0xee, 0xee, 0xe3, 0x0, 0x23, 0x33,
    0x33, 0x33, 0x33, 0x33, 0x0, 0x9, 0xff, 0xff,
    0xff, 0xff, 0xff, 0xe0, 0x0, 0xad, 0x0, 0xc,
    0xb0, 0x0, 0x9e, 0x0, 0xb, 0xd0, 0x0, 0xcb,
    0x0, 0x9, 0xe0, 0x0, 0xdf, 0xff, 0xff, 0xff,
    0xff, 0xfe, 0x0, 0xf, 0xa5, 0x55, 0x55, 0x55,
    0x5b, 0xe0, 0x5, 0xf3, 0x0, 0x0, 0x0, 0x0,
    0x23, 0x0, 0xdd, 0x0, 0x0, 0x0, 0x0, 0x0,
    0x0, 0x5f, 0x30, 0x0, 0x0, 0x0, 0x0, 0x0,
    0x0, 0x20, 0x0, 0x0, 0x0, 0x0, 0x0, 0x0,

    /* U+590D "复" */
    0x0, 0x0, 0x51, 0x0, 0x0, 0x0, 0x0, 0x0,
    0x0, 0x7, 0xf4, 0x0, 0x0, 0x0, 0x0, 0x0,
    0x0, 0x2f, 0xff, 0xff, 0xff, 0xff, 0xff, 0xa0,
    0x3, 0xec, 0x33, 0x33, 0x33, 0x33, 0x33, 0x20,
    0xe, 0xc9, 0xee, 0xee, 0xee, 0xee, 0xe8, 0x0,
    0x3, 0x9, 0xe2, 0x22, 0x22, 0x22, 0xf9, 0x0,
    0x0, 0x9, 0xff, 0xff, 0xff, 0xff, 0xf9, 0x0,
    0x0, 0x9, 0xe1, 0x11, 0x11, 0x11, 0xf9, 0x0,
    0x0, 0x9, 0xff, 0xff, 0xff, 0xff, 0xf9, 0x0,
    0x0, 0x0, 0x6f, 0x82, 0x22, 0x22, 0x10, 0x0,
    0x0, 0x7, 0xff, 0xff, 0xff, 0xff, 0xf2, 0x0,
    0x2, 0xcf, 0xae, 0x40, 0x1, 0xaf, 0x50, 0x0,
    0x0, 0x92, 0x4, 0xec, 0x9f, 0xd3, 0x0, 0x0,
    0x1, 0x34, 0x7b, 0xef, 0xff, 0xc9, 0x64, 0x31,
    0x3f, 0xff, 0xda, 0x51, 0x3, 0x8c, 0xef, 0xf3,
    0x4, 0x20, 0x0, 0x0, 0x0, 0x0, 0x0, 0x20,

    /* U+591A "多" */
    0x0, 0x0, 0x1, 0x73, 0x0, 0x0, 0x0, 0x0,
    0x0, 0x1, 0xcf, 0x52, 0x22, 0x0, 0x0, 0x0,
    0x4, 0xef, 0xff, 0xff, 0xfa, 0x0, 0x0, 0x2a,
    0xfb, 0x32, 0x23, 0xde, 0x10, 0x0, 0x1e, 0xd6,
    0xa5, 0x2, 0xcf, 0x30, 0x0, 0x0, 0x20, 0x8,
    0xfb, 0xfd, 0x20, 0x0, 0x0, 0x0, 0x3, 0x9f,
    0xf8, 0x9c, 0x20, 0x0, 0x6, 0xbe, 0xfe, 0x71,
    0x9f, 0xd6, 0x66, 0x30, 0x6c, 0x83, 0x2, 0xcf,
    0xff, 0xff, 0xfe, 0x0, 0x0, 0x18, 0xfd, 0x30,
    0x0, 0x9f, 0x60, 0x0, 0x8f, 0xe7, 0x87, 0x0,
    0x8f, 0x90, 0x0, 0x2, 0x60, 0x8, 0xfa, 0xcf,
    0x80, 0x0, 0x0, 0x0, 0x1, 0x6e, 0xfd, 0x30,
    0x0, 0x2, 0x46, 0x8c, 0xff, 0xc6, 0x0, 0x0,
    0x0, 0xbf, 0xfe, 0xb7, 0x10, 0x0, 0x0, 0x0,
    0x2, 0x31, 0x0, 0x0, 0x0, 0x0, 0x0, 0x0,

    /* U+5931 "失" */
    0x0, 0x6, 0x80, 0xd, 0xb0, 0x0, 0x0, 0x0,
    0x0, 0xe, 0xe0, 0xd, 0xb0, 0x0, 0x0, 0x0,
    0x0, 0x3f, 0x90, 0xd, 0xb0, 0x0, 0x0, 0x0,
    0x0, 0x9f, 0xff, 0xff, 0xff, 0xff, 0xfc, 0x0,
    0x1, 0xfd, 0x99, 0x9f, 0xe9, 0x99, 0x97, 0x0,
    0xb, 0xf3, 0x0, 0xd, 0xb0, 0x0, 0x0, 0x0,
    0x8, 0x80, 0x0, 0xe, 0xa0, 0x0, 0x0, 0x0,
    0x17, 0x77, 0x77, 0x7f, 0xc7, 0x77, 0x77, 0x71,
    0x2f, 0xff, 0xff, 0xff, 0xff, 0xff, 0xff, 0xf2,
    0x0, 0x0, 0x0, 0xaf, 0xf9, 0x0, 0x0, 0x0,
    0x0, 0x0, 0x3, 0xfb, 0x8f, 0x30, 0x0, 0x0,
    0x0, 0x0, 0x2e, 0xf2, 0x1e, 0xe2, 0x0, 0x0,
    0x0, 0x6, 0xff, 0x40, 0x3, 0xfe, 0x60, 0x0,
    0x17, 0xdf, 0xd3, 0x0, 0x0, 0x3d, 0xfd, 0x82,
    0x1e, 0xd6, 0x0, 0x0, 0x0, 0x0, 0x7d, 0xf2,
    0x1, 0x0, 0x0, 0x0, 0x0, 0x0, 0x0, 0x10,

    /* U+59CB "始" */
    0x0, 0x0, 0x0, 0x0, 0x0, 0x0, 0x0, 0x0,
    0x0, 0x8e, 0x0, 0x0, 0xa, 0xd1, 0x0, 0x0,
    0x0, 0xac, 0x0, 0x0, 0x1f, 0xb0, 0x0, 0x0,
    0x0, 0xba, 0x0, 0x0, 0x7f, 0x40, 0x20, 0x0,
    0x14, 0xea, 0x44, 0x0, 0xec, 0x2, 0xf6, 0x0,
    0x6f, 0xff, 0xff, 0x17, 0xf3, 0x0, 0x9f, 0x20,
    0x5, 0xf3, 0x7f, 0x2f, 0xb3, 0x45, 0x7f, 0xa0,
    0x7, 0xe0, 0x7d, 0xaf, 0xff, 0xff, 0xfe, 0xf2,
    0xb, 0xa0, 0xab, 0x37, 0x53, 0x21, 0x0, 0xc3,
    0xf, 0x70, 0xe8, 0x3, 0x44, 0x44, 0x44, 0x20,
    0xb, 0xf8, 0xf3, 0xe, 0xff, 0xff, 0xff, 0x70,
    0x0, 0x9f, 0xf0, 0xe, 0x81, 0x11, 0x1f, 0x70,
    0x0, 0x2f, 0xf9, 0xe, 0x70, 0x0, 0xf, 0x70,
    0x0, 0xcd, 0x7f, 0x3e, 0x70, 0x0, 0xf, 0x70,
    0x2d, 0xf3, 0x3, 0xe, 0xfe, 0xee, 0xef, 0x70,
    0x1c, 0x20, 0x0, 0xe, 0xb6, 0x66, 0x6f, 0x70,

    /* U+5B58 "存" */
    0x0, 0x0, 0x0, 0x62, 0x0, 0x0, 0x0, 0x0,
    0x0, 0x0, 0x4, 0xf6, 0x0, 0x0, 0x0, 0x0,
    0x6, 0x66, 0x6b, 0xf7, 0x66, 0x66, 0x66, 0x60,
    0xf, 0xff, 0xff, 0xff, 0xff, 0xff, 0xff, 0xf1,
    0x0, 0x0, 0x9f, 0x20, 0x0, 0x0, 0x0, 0x0,
    0x0, 0x3, 0xf9, 0x16, 0x66, 0x66, 0x65, 0x0,
    0x0, 0xc, 0xe1, 0x3f, 0xff, 0xff, 0xff, 0x20,
    0x0, 0xaf, 0x70, 0x0, 0x0, 0x2d, 0xe3, 0x0,
    0xb, 0xff, 0x60, 0x0, 0x2, 0xfb, 0x10, 0x0,
    0x6f, 0xbf, 0x62, 0x44, 0x47, 0xf7, 0x44, 0x41,
    0x6, 0x2f, 0x68, 0xff, 0xff, 0xff, 0xff, 0xf5,
    0x0, 0x1f, 0x60, 0x11, 0x15, 0xf5, 0x11, 0x10,
    0x0, 0x1f, 0x60, 0x0, 0x3, 0xf4, 0x0, 0x0,
    0x0, 0x1f, 0x60, 0x4, 0x69, 0xf3, 0x0, 0x0,
    0x0, 0x1f, 0x60, 0x7, 0xff, 0xb0, 0x0, 0x0,

    /* U+5B89 "安" */
    0x0, 0x0, 0x3, 0xa2, 0x0, 0x0, 0x0, 0x0,
    0x0, 0x0, 0x2f, 0xa0, 0x0, 0x0, 0x0, 0x9e,
    0xee, 0xee, 0xff, 0xee, 0xee, 0xe9, 0x9, 0xf7,
    0x77, 0x77, 0x77, 0x77, 0x7f, 0xa0, 0x9e, 0x0,
    0x9, 0xc1, 0x0, 0x0, 0xfa, 0x4, 0x60, 0x1,
    0xfc, 0x0, 0x0, 0x7, 0x40, 0x44, 0x44, 0x9f,
    0x84, 0x44, 0x44, 0x44, 0xf, 0xff, 0xff, 0xff,
    0xff, 0xff, 0xff, 0xf0, 0x22, 0x2c, 0xf4, 0x22,
    0x2e, 0xd2, 0x22, 0x0, 0x5, 0xf9, 0x0, 0x6,
    0xf5, 0x0, 0x0, 0x0, 0xaf, 0xfb, 0x54, 0xfb,
    0x0, 0x0, 0x0, 0x0, 0x17, 0xdf, 0xff, 0x30,
    0x0, 0x0, 0x0, 0x0, 0x4b, 0xfd, 0xff, 0xa3,
    0x0, 0x2, 0x69, 0xdf, 0xd5, 0x2, 0x9f, 0xfb,
    0x20, 0x7f, 0xea, 0x50, 0x0, 0x0, 0x2a, 0xf5,
    0x0, 0x30, 0x0, 0x0, 0x0, 0x0, 0x1, 0x0,

    /* U+5B8C "完" */
    0x0, 0x0, 0x0, 0x2a, 0x50, 0x0, 0x0, 0x0,
    0x0, 0x0, 0x0, 0xe, 0xd0, 0x0, 0x0, 0x0,
    0xb, 0xff, 0xff, 0xff, 0xff, 0xff, 0xff, 0xb0,
    0xc, 0xd8, 0x88, 0x88, 0x88, 0x88, 0x8e, 0xb0,
    0xc, 0xb0, 0x0, 0x0, 0x0, 0x0, 0xd, 0xb0,
    0x9, 0x94, 0xff, 0xff, 0xff, 0xff, 0x3a, 0x90,
    0x0, 0x2, 0x66, 0x66, 0x66, 0x66, 0x10, 0x0,
    0x0, 0x0, 0x0, 0x0, 0x0, 0x0, 0x0, 0x0,
    0x2f, 0xff, 0xff, 0xff, 0xff, 0xff, 0xff, 0xf1,
    0x17, 0x77, 0x7f, 0xc7, 0x7f, 0xc7, 0x77, 0x70,
    0x0, 0x0, 0x1f, 0x60, 0xe, 0xa0, 0x0, 0x0,
    0x0, 0x0, 0x6f, 0x30, 0xe, 0xa0, 0x0, 0x30,
    0x0, 0x2, 0xed, 0x0, 0xe, 0xa0, 0x0, 0xf4,
    0x3, 0x8f, 0xe3, 0x0, 0xd, 0xd6, 0x68, 0xf2,
    0x1f, 0xf9, 0x10, 0x0, 0x7, 0xef, 0xff, 0xa0,
    0x1, 0x0, 0x0, 0x0, 0x0, 0x0, 0x0, 0x0,

    /* U+5B9A "定" */
    0x0, 0x0, 0x0, 0x2a, 0x30, 0x0, 0x0, 0x0,
    0x0, 0x0, 0x0, 0x1f, 0xa0, 0x0, 0x0, 0x0,
    0xe, 0xff, 0xff, 0xff, 0xff, 0xff, 0xff, 0x90,
    0xe, 0xc7, 0x77, 0x77, 0x77, 0x77, 0x7f, 0x90,
    0xe, 0x80, 0x0, 0x0, 0x0, 0x0, 0xe, 0x90,
    0xb, 0x75, 0x77, 0x77, 0x77, 0x77, 0x3b, 0x70,
    0x0, 0xa, 0xff, 0xff, 0xff, 0xff, 0x60, 0x0,
    0x0, 0x0, 0x0, 0xf, 0x90, 0x0, 0x0, 0x0,
    0x0, 0xd, 0xb0, 0xf, 0x90, 0x0, 0x0, 0x0,
    0x0, 0xf, 0x80, 0xf, 0xff, 0xff, 0xf3, 0x0,
    0x0, 0x4f, 0xb0, 0xf, 0xc7, 0x77, 0x71, 0x0,
    0x0, 0x9f, 0xf5, 0xf, 0x90, 0x0, 0x0, 0x0,
    0x2, 0xf8, 0xaf, 0x7f, 0x90, 0x0, 0x0, 0x0,
    0x1c, 0xe1, 0xa, 0xff, 0xd9, 0x88, 0x88, 0x81,
    0x4f, 0x40, 0x0, 0x49, 0xde, 0xff, 0xff, 0xe0,
    0x1, 0x0, 0x0, 0x0, 0x0, 0x0, 0x0, 0x0,

    /* U+5B9E "实" */
    0x0, 0x0, 0x1, 0x85, 0x0, 0x0, 0x0, 0x0,
    0x0, 0x0, 0xde, 0x0, 0x0, 0x0, 0xaf, 0xff,
    0xff, 0xff, 0xff, 0xff, 0xfa, 0xae, 0x77, 0x77,
    0x77, 0x77, 0x77, 0xfa, 0xad, 0x8, 0x50, 0x1a,
    0x50, 0x0, 0xea, 0x56, 0x9, 0xfa, 0x2f, 0x60,
    0x0, 0x65, 0x1, 0x30, 0x57, 0x3f, 0x60, 0x0,
    0x0, 0x9, 0xf9, 0x0, 0x4f, 0x40, 0x0, 0x0,
    0x0, 0x7f, 0x40, 0x7f, 0x10, 0x0, 0x0, 0x33,
    0x36, 0x33, 0xbf, 0x33, 0x33, 0x33, 0xdf, 0xff,
    0xff, 0xff, 0xff, 0xff, 0xff, 0x11, 0x11, 0x1c,
    0xf3, 0x72, 0x11, 0x11, 0x0, 0x2, 0xbf, 0x73,
    0xef, 0xa3, 0x0, 0x15, 0xaf, 0xf6, 0x0, 0x6,
    0xdf, 0xc3, 0x6f, 0xe8, 0x10, 0x0, 0x0, 0x5,
    0xe9, 0x2, 0x0, 0x0, 0x0, 0x0, 0x0, 0x0,

    /* U+5BC6 "密" */
    0x0, 0x0, 0x0, 0x19, 0x30, 0x0, 0x0, 0x0,
    0x2, 0x33, 0x33, 0x3f, 0xa3, 0x33, 0x33, 0x20,
    0xe, 0xff, 0xff, 0xff, 0xff, 0xff, 0xff, 0xb0,
    0xe, 0x92, 0x25, 0xc4, 0x22, 0x32, 0x2d, 0xb0,
    0xe, 0x80, 0x3, 0x9f, 0x72, 0xea, 0xc, 0xb0,
    0x0, 0x87, 0x5f, 0x3, 0x9e, 0xb3, 0x91, 0x0,
    0x4, 0xf5, 0x5f, 0x2a, 0xf9, 0x4, 0xcd, 0x20,
    0x2f, 0xa0, 0x7f, 0xfc, 0x30, 0x2f, 0x3d, 0xd0,
    0x7, 0x9e, 0xff, 0xfd, 0xdd, 0xfd, 0x1, 0x60,
    0x4f, 0xd8, 0x32, 0x48, 0x75, 0x41, 0x0, 0x0,
    0x2, 0x46, 0x0, 0xe, 0x90, 0x0, 0xa5, 0x0,
    0x0, 0x9d, 0x0, 0xe, 0x90, 0x0, 0xf7, 0x0,
    0x0, 0x9e, 0x0, 0xe, 0x90, 0x0, 0xf7, 0x0,
    0x0, 0x9f, 0xff, 0xff, 0xff, 0xff, 0xf7, 0x0,
    0x0, 0x36, 0x66, 0x66, 0x66, 0x66, 0xf7, 0x0,

    /* U+5BF9 "对" */
    0x0, 0x0, 0x0, 0x0, 0x0, 0x0, 0xcb, 0x0,
    0x0, 0x0, 0x0, 0x0, 0x0, 0x0, 0xcb, 0x0,
    0xb, 0xcc, 0xcc, 0xc5, 0x0, 0x0, 0xcb, 0x0,
    0xb, 0xcc, 0xcc, 0xf6, 0x0, 0x0, 0xcb, 0x0,
    0x0, 0x0, 0x4, 0xf5, 0xff, 0xff, 0xff, 0xf8,
    0x0, 0x10, 0x8, 0xf2, 0x88, 0x88, 0xed, 0x84,
    0x6, 0xf4, 0xc, 0xe0, 0x0, 0x0, 0xcb, 0x0,
    0x0, 0xbf, 0x6f, 0x90, 0x99, 0x0, 0xcb, 0x0,
    0x0, 0xb, 0xff, 0x40, 0x6f, 0x30, 0xcb, 0x0,
    0x0, 0x0, 0xef, 0x60, 0xd, 0xa0, 0xcb, 0x0,
    0x0, 0x6, 0xff, 0xf3, 0x7, 0xa0, 0xcb, 0x0,
    0x0, 0x1f, 0xd2, 0xee, 0x0, 0x0, 0xcb, 0x0,
    0x1, 0xdf, 0x20, 0x59, 0x0, 0x0, 0xcb, 0x0,
    0x2e, 0xf5, 0x0, 0x0, 0x1, 0x89, 0xfa, 0x0,
    0xa, 0x40, 0x0, 0x0, 0x0, 0xef, 0xd3, 0x0,
    0x0, 0x0, 0x0, 0x0, 0x0, 0x0, 0x0, 0x0,

    /* U+5BFC "导" */
    0x0, 0xef, 0xff, 0xff, 0xff, 0xff, 0xf3, 0x0,
    0x0, 0xec, 0x44, 0x44, 0x44, 0x47, 0xf3, 0x0,
    0x0, 0xeb, 0x33, 0x33, 0x33, 0x37, 0xf3, 0x0,
    0x0, 0xef, 0xff, 0xff, 0xff, 0xff, 0xf3, 0x0,
    0x0, 0xea, 0x11, 0x11, 0x11, 0x11, 0x16, 0x40,
    0x0, 0xde, 0x54, 0x44, 0x44, 0x44, 0x6f, 0xa0,
    0x0, 0x3b, 0xef, 0xff, 0xff, 0xff, 0xeb, 0x20,
    0x0, 0x0, 0x0, 0x0, 0x0, 0xa8, 0x0, 0x0,
    0xf, 0xff, 0xff, 0xff, 0xff, 0xff, 0xff, 0xf1,
    0x7, 0x7a, 0xe7, 0x77, 0x77, 0xed, 0x77, 0x70,
    0x0, 0x5, 0xfb, 0x0, 0x0, 0xdb, 0x0, 0x0,
    0x0, 0x0, 0x3f, 0xb0, 0x0, 0xdb, 0x0, 0x0,
    0x0, 0x0, 0x5, 0x34, 0x55, 0xea, 0x0, 0x0,
    0x0, 0x0, 0x0, 0x8, 0xff, 0xd4, 0x0, 0x0,

    /* U+5C06 "将" */
    0x0, 0x8, 0xf0, 0x0, 0x7, 0xa2, 0x0, 0x0,
    0x0, 0x8, 0xf0, 0x0, 0x6f, 0xe4, 0x33, 0x10,
    0x1, 0x8, 0xf0, 0x8, 0xff, 0xff, 0xff, 0xd0,
    0x2f, 0x68, 0xf2, 0xdf, 0x92, 0x0, 0x9f, 0x30,
    0x6, 0xfd, 0xf0, 0x61, 0xae, 0x4b, 0xf6, 0x0,
    0x0, 0x8b, 0xf0, 0x0, 0x3e, 0xfe, 0x30, 0x0,
    0x0, 0x8, 0xf1, 0x9e, 0xfe, 0x71, 0xc5, 0x0,
    0x0, 0x8, 0xf0, 0xa9, 0x40, 0x1, 0xf6, 0x0,
    0x0, 0x4e, 0xf5, 0xee, 0xee, 0xef, 0xff, 0xe4,
    0x6, 0xff, 0xf3, 0x79, 0x77, 0x78, 0xfb, 0x72,
    0x3f, 0x98, 0xf0, 0x1f, 0x80, 0x1, 0xf6, 0x0,
    0x4, 0x8, 0xf0, 0x7, 0xf5, 0x1, 0xf6, 0x0,
    0x0, 0x8, 0xf0, 0x0, 0xc9, 0x1, 0xf6, 0x0,
    0x0, 0x8, 0xf0, 0x0, 0x2, 0x67, 0xf6, 0x0,
    0x0, 0x8, 0xf0, 0x0, 0x3, 0xff, 0xc1, 0x0,

    /* U+5C11 "少" */
    0x0, 0x0, 0x0, 0xf, 0x80, 0x0, 0x0, 0x0,
    0x0, 0x0, 0x0, 0xf, 0x80, 0x0, 0x0, 0x0,
    0x0, 0x4, 0x40, 0xf, 0x80, 0x2, 0x40, 0x0,
    0x0, 0xe, 0xb0, 0xf, 0x80, 0x9, 0xe1, 0x0,
    0x0, 0x5f, 0x30, 0xf, 0x80, 0x1, 0xea, 0x0,
    0x0, 0xdc, 0x0, 0xf, 0x80, 0x0, 0x6f, 0x40,
    0x8, 0xf3, 0x0, 0xf, 0x80, 0x0, 0xd, 0xc0,
    0xe, 0x90, 0x0, 0xf, 0x80, 0x0, 0x5, 0xe1,
    0x0, 0x0, 0x0, 0xf, 0x80, 0x3, 0x81, 0x0,
    0x0, 0x0, 0x0, 0xe, 0x80, 0x2e, 0xd0, 0x0,
    0x0, 0x0, 0x0, 0x0, 0x4, 0xee, 0x10, 0x0,
    0x0, 0x0, 0x0, 0x3, 0xbf, 0xc2, 0x0, 0x0,
    0x0, 0x1, 0x49, 0xdf, 0xe6, 0x0, 0x0, 0x0,
    0x4c, 0xff, 0xff, 0xa5, 0x0, 0x0, 0x0, 0x0,
    0xb, 0x96, 0x30, 0x0, 0x0, 0x0, 0x0, 0x0,

    /* U+5C31 "就" */
    0x0, 0x0, 0x0, 0x0, 0x0, 0x0, 0x0, 0x0,
    0x0, 0x6, 0xe0, 0x0, 0x0, 0x7f, 0x0, 0x0,
    0x0, 0x4, 0xf4, 0x0, 0x0, 0x7f, 0x5c, 0x0,
    0x15, 0x56, 0xfa, 0x55, 0x0, 0x7e, 0x1e, 0x70,
    0x3f, 0xff, 0xff, 0xff, 0x10, 0x8e, 0x6, 0xe0,
    0x1, 0x22, 0x22, 0x21, 0x46, 0xbe, 0x66, 0x73,
    0x6, 0xff, 0xff, 0xf8, 0xaf, 0xff, 0xff, 0xf7,
    0x6, 0xe0, 0x0, 0xe8, 0x0, 0xbc, 0x20, 0x0,
    0x6, 0xe3, 0x33, 0xe8, 0x0, 0xdf, 0xe0, 0x0,
    0x6, 0xff, 0xff, 0xf7, 0x0, 0xfd, 0xe0, 0x0,
    0x0, 0x51, 0xf5, 0x60, 0x4, 0xf9, 0xe0, 0x0,
    0x3, 0xf2, 0xf5, 0xe6, 0x8, 0xe6, 0xe0, 0x0,
    0x9, 0xc0, 0xf4, 0x7d, 0x1f, 0x86, 0xe0, 0x21,
    0x1f, 0x40, 0xf4, 0x14, 0x9f, 0x16, 0xe0, 0x6b,
    0x6, 0x14, 0xf4, 0x6, 0xf7, 0x5, 0xf6, 0xba,
    0x0, 0x4f, 0xd1, 0xa, 0x90, 0x1, 0x9c, 0xa2,
    0x0, 0x0, 0x0, 0x0, 0x0, 0x0, 0x0, 0x0,

    /* U+5C40 "局" */
    0x0, 0x8f, 0xff, 0xff, 0xff, 0xff, 0xfa, 0x0,
    0x8, 0xf4, 0x44, 0x44, 0x44, 0x4e, 0xa0, 0x0,
    0x8f, 0x0, 0x0, 0x0, 0x0, 0xda, 0x0, 0x8,
    0xfd, 0xdd, 0xdd, 0xdd, 0xdf, 0xa0, 0x0, 0x9f,
    0x66, 0x66, 0x66, 0x66, 0x64, 0x0, 0x9, 0xf5,
    0x55, 0x55, 0x55, 0x55, 0x54, 0x0, 0xaf, 0xff,
    0xff, 0xff, 0xff, 0xff, 0xc0, 0xc, 0xb0, 0x0,
    0x0, 0x0, 0x0, 0xcb, 0x0, 0xe8, 0xe, 0xee,
    0xee, 0xe2, 0xd, 0xb0, 0x2f, 0x50, 0xf9, 0x44,
    0x7f, 0x30, 0xea, 0x7, 0xf2, 0xf, 0x60, 0x3,
    0xf3, 0xf, 0x80, 0xec, 0x0, 0xfe, 0xdd, 0xef,
    0x31, 0xf7, 0x5f, 0x50, 0xf, 0x95, 0x55, 0x97,
    0xaf, 0x40, 0x50, 0x0, 0x41, 0x0, 0x6, 0xff,
    0xa0, 0x0, 0x0, 0x0, 0x0, 0x0, 0x0, 0x0,
    0x0,

    /* U+5C4F "屏" */
    0x0, 0xff, 0xff, 0xff, 0xff, 0xff, 0xff, 0x90,
    0x0, 0xfb, 0x44, 0x44, 0x44, 0x44, 0x4f, 0x90,
    0x0, 0xf9, 0x11, 0x11, 0x11, 0x11, 0x1f, 0x90,
    0x0, 0xff, 0xff, 0xff, 0xff, 0xff, 0xff, 0x90,
    0x0, 0xfa, 0x35, 0xd5, 0x33, 0x38, 0xc5, 0x10,
    0x0, 0xf9, 0x0, 0xd8, 0x0, 0xd, 0xc0, 0x0,
    0x0, 0xf8, 0xcf, 0xff, 0xff, 0xff, 0xff, 0xd0,
    0x1, 0xf7, 0x44, 0xaf, 0x44, 0x5f, 0x94, 0x40,
    0x2, 0xf6, 0x0, 0x8f, 0x0, 0x1f, 0x60, 0x0,
    0x3, 0xf6, 0x55, 0xbf, 0x55, 0x6f, 0xa5, 0x52,
    0x6, 0xf5, 0xee, 0xff, 0xee, 0xef, 0xfe, 0xe5,
    0xb, 0xe0, 0x3, 0xf9, 0x0, 0x1f, 0x60, 0x0,
    0x2f, 0x80, 0x5e, 0xd1, 0x0, 0x1f, 0x60, 0x0,
    0x3d, 0x11, 0xd9, 0x10, 0x0, 0x1f, 0x60, 0x0,
    0x0, 0x0, 0x0, 0x0, 0x0, 0x0, 0x0, 0x0,

    /* U+5DE6 "左" */
    0x0, 0x0, 0x1, 0x30, 0x0, 0x0, 0x0, 0x0,
    0x0, 0x0, 0x5, 0xf3, 0x0, 0x0, 0x0, 0x0,
    0x0, 0x0, 0x8, 0xf0, 0x0, 0x0, 0x0, 0x0,
    0x7, 0x77, 0x7d, 0xf7, 0x77, 0x77, 0x77, 0x70,
    0xe, 0xff, 0xff, 0xff, 0xff, 0xff, 0xff, 0xe0,
    0x0, 0x0, 0x4f, 0x50, 0x0, 0x0, 0x0, 0x0,
    0x0, 0x0, 0xaf, 0x0, 0x0, 0x0, 0x0, 0x0,
    0x0, 0x0, 0xfd, 0x66, 0x66, 0x66, 0x66, 0x40,
    0x0, 0x6, 0xfb, 0xff, 0xff, 0xff, 0xff, 0x90,
    0x0, 0xc, 0xc0, 0x0, 0x2f, 0x70, 0x0, 0x0,
    0x0, 0x5f, 0x40, 0x0, 0x1f, 0x70, 0x0, 0x0,
    0x1, 0xec, 0x0, 0x0, 0x1f, 0x70, 0x0, 0x0,
    0xc, 0xe1, 0x0, 0x0, 0x1f, 0x70, 0x0, 0x0,
    0x5f, 0x31, 0x77, 0x77, 0x8f, 0xb7, 0x77, 0x71,
    0x3, 0x2, 0xff, 0xff, 0xff, 0xff, 0xff, 0xf3,

    /* U+5DF2 "已" */
    0xbf, 0xff, 0xff, 0xff, 0xff, 0xff, 0x10, 0x5,
    0x77, 0x77, 0x77, 0x77, 0x7b, 0xf1, 0x0, 0x0,
    0x0, 0x0, 0x0, 0x0, 0x7f, 0x10, 0x0, 0x75,
    0x0, 0x0, 0x0, 0x7, 0xf1, 0x0, 0xe, 0xa0,
    0x0, 0x0, 0x0, 0x7f, 0x10, 0x0, 0xeb, 0x22,
    0x22, 0x22, 0x29, 0xf1, 0x0, 0xe, 0xff, 0xff,
    0xff, 0xff, 0xff, 0x10, 0x0, 0xeb, 0x44, 0x44,
    0x44, 0x47, 0xa0, 0x0, 0xe, 0xa0, 0x0, 0x0,
    0x0, 0x0, 0x0, 0x0, 0xea, 0x0, 0x0, 0x0,
    0x0, 0x5, 0x70, 0xe, 0xa0, 0x0, 0x0, 0x0,
    0x0, 0x8f, 0x0, 0xea, 0x0, 0x0, 0x0, 0x0,
    0xd, 0xd0, 0xb, 0xf9, 0x87, 0x77, 0x77, 0x8b,
    0xf7, 0x0, 0x2b, 0xef, 0xff, 0xff, 0xff, 0xe9,
    0x0,

    /* U+5E38 "常" */
    0x3, 0xa1, 0x0, 0xf7, 0x0, 0x69, 0x10, 0x2,
    0xfa, 0x0, 0xf7, 0x1, 0xfb, 0x0, 0x66, 0xdc,
    0x77, 0xfb, 0x68, 0xf8, 0x64, 0xef, 0xff, 0xff,
    0xff, 0xff, 0xff, 0xf9, 0xe8, 0x0, 0x0, 0x0,
    0x0, 0x0, 0xe9, 0xe8, 0x5f, 0xff, 0xff, 0xff,
    0xf1, 0xe9, 0x53, 0x6f, 0x32, 0x22, 0x28, 0xf1,
    0x53, 0x0, 0x6f, 0x43, 0x33, 0x39, 0xf1, 0x0,
    0x0, 0x5e, 0xee, 0xff, 0xee, 0xe1, 0x0, 0x2,
    0x22, 0x22, 0xea, 0x22, 0x22, 0x10, 0xd, 0xff,
    0xff, 0xff, 0xff, 0xff, 0xa0, 0xd, 0xb3, 0x33,
    0xfb, 0x33, 0x3e, 0xa0, 0xd, 0xa0, 0x0, 0xe9,
    0x0, 0xe, 0xa0, 0xd, 0xa0, 0x0, 0xe9, 0xd,
    0xdf, 0x80, 0x5, 0x40, 0x0, 0xe9, 0x6, 0x76,
    0x0,

    /* U+5E55 "幕" */
    0x0, 0x0, 0x6f, 0x0, 0x1, 0xf5, 0x0, 0x0,
    0xf, 0xff, 0xff, 0xff, 0xff, 0xff, 0xff, 0xf0,
    0x2, 0x22, 0x6c, 0x32, 0x23, 0xc6, 0x22, 0x20,
    0x0, 0x13, 0x33, 0x33, 0x33, 0x33, 0x31, 0x0,
    0x0, 0x6f, 0xcb, 0xbb, 0xbb, 0xbb, 0xf8, 0x0,
    0x0, 0x6f, 0x87, 0x77, 0x77, 0x77, 0xf8, 0x0,
    0x0, 0x6f, 0x54, 0x44, 0x44, 0x44, 0xf8, 0x0,
    0x0, 0x6f, 0xff, 0xff, 0xff, 0xff, 0xf8, 0x0,
    0x3, 0x33, 0x3d, 0xd3, 0x33, 0x33, 0x33, 0x30,
    0x2f, 0xff, 0xff, 0xff, 0xff, 0xff, 0xff, 0xf2,
    0x0, 0x2c, 0xf4, 0xc, 0xa0, 0x3f, 0xb2, 0x0,
    0x19, 0xff, 0xff, 0xff, 0xff, 0xff, 0xff, 0xa2,
    0x2e, 0x7b, 0xd3, 0x3d, 0xb3, 0x3b, 0xd6, 0xc1,
    0x0, 0xa, 0xc0, 0xc, 0xa0, 0x2b, 0xd0, 0x0,
    0x0, 0xa, 0xc0, 0xc, 0xa0, 0xdd, 0x70, 0x0,

    /* U+5E93 "库" */
    0x0, 0x0, 0x0, 0x1, 0x61, 0x0, 0x0, 0x0,
    0x0, 0x0, 0x0, 0x2, 0xf8, 0x0, 0x0, 0x0,
    0x2, 0xff, 0xff, 0xff, 0xff, 0xff, 0xff, 0xf4,
    0x2, 0xfa, 0x77, 0x79, 0x97, 0x77, 0x77, 0x72,
    0x2, 0xf5, 0x0, 0xc, 0xf0, 0x0, 0x0, 0x0,
    0x2, 0xf5, 0xbf, 0xff, 0xff, 0xff, 0xff, 0xa0,
    0x2, 0xf5, 0x56, 0xde, 0x67, 0x86, 0x66, 0x40,
    0x3, 0xf5, 0x2, 0xf6, 0x9, 0xe0, 0x0, 0x0,
    0x3, 0xf4, 0x1c, 0xe4, 0x4b, 0xf4, 0x44, 0x0,
    0x4, 0xf3, 0x1f, 0xff, 0xff, 0xff, 0xff, 0x30,
    0x6, 0xf1, 0x2, 0x11, 0x19, 0xe1, 0x11, 0x0,
    0x9, 0xe1, 0x44, 0x44, 0x4b, 0xf4, 0x44, 0x41,
    0xd, 0xb3, 0xff, 0xff, 0xff, 0xff, 0xff, 0xf4,
    0x3f, 0x60, 0x11, 0x11, 0x19, 0xe1, 0x11, 0x10,
    0x4d, 0x0, 0x0, 0x0, 0x9, 0xe0, 0x0, 0x0,
    0x0, 0x0, 0x0, 0x0, 0x0, 0x0, 0x0, 0x0,

    /* U+5E94 "应" */
    0x0, 0x0, 0x0, 0x2, 0x70, 0x0, 0x0, 0x0,
    0x0, 0x0, 0x0, 0x4, 0xf6, 0x0, 0x0, 0x0,
    0x1, 0x77, 0x77, 0x77, 0xfd, 0x77, 0x77, 0x71,
    0x2, 0xff, 0xff, 0xff, 0xff, 0xff, 0xff, 0xf2,
    0x2, 0xf5, 0x0, 0x0, 0x0, 0x0, 0x0, 0x0,
    0x2, 0xf5, 0x2, 0x5, 0xf1, 0x0, 0x4f, 0x50,
    0x2, 0xf5, 0xad, 0x2, 0xf5, 0x0, 0x9f, 0x20,
    0x3, 0xf5, 0x5f, 0x30, 0xda, 0x0, 0xec, 0x0,
    0x3, 0xf5, 0xf, 0x90, 0x9e, 0x3, 0xf6, 0x0,
    0x4, 0xf4, 0xa, 0xe0, 0x6f, 0x29, 0xe0, 0x0,
    0x5, 0xf2, 0x6, 0xf2, 0x27, 0x3f, 0x70, 0x0,
    0x8, 0xf0, 0x1, 0x40, 0x0, 0xae, 0x0, 0x0,
    0xb, 0xc0, 0x0, 0x0, 0x2, 0xf6, 0x0, 0x0,
    0x1f, 0x89, 0xff, 0xff, 0xff, 0xff, 0xff, 0xf5,
    0x4f, 0x24, 0x77, 0x77, 0x77, 0x77, 0x77, 0x72,
    0x1, 0x0, 0x0, 0x0, 0x0, 0x0, 0x0, 0x0,

    /* U+5EA6 "度" */
    0x0, 0x0, 0x0, 0x2, 0x70, 0x0, 0x0, 0x0,
    0x0, 0x0, 0x0, 0x4, 0xf7, 0x0, 0x0, 0x0,
    0x1, 0xff, 0xff, 0xff, 0xff, 0xff, 0xff, 0xf3,
    0x1, 0xfa, 0x66, 0x98, 0x66, 0x69, 0x86, 0x61,
    0x1, 0xf6, 0x0, 0xe8, 0x0, 0xe, 0x80, 0x0,
    0x1, 0xfa, 0xff, 0xff, 0xff, 0xff, 0xff, 0xf0,
    0x1, 0xf7, 0x33, 0xfa, 0x33, 0x3f, 0xa3, 0x30,
    0x1, 0xf6, 0x0, 0xea, 0x44, 0x4f, 0x80, 0x0,
    0x2, 0xf5, 0x0, 0xde, 0xee, 0xee, 0x80, 0x0,
    0x3, 0xf4, 0x33, 0x33, 0x33, 0x33, 0x42, 0x0,
    0x4, 0xf3, 0xff, 0xff, 0xff, 0xff, 0xfc, 0x0,
    0x7, 0xf0, 0x6, 0xf6, 0x0, 0x1c, 0xe2, 0x0,
    0xb, 0xd0, 0x0, 0x5f, 0xb8, 0xfd, 0x20, 0x0,
    0x1f, 0x90, 0x36, 0x9e, 0xff, 0xfa, 0x74, 0x10,
    0x5f, 0x39, 0xff, 0xd8, 0x43, 0x8d, 0xff, 0xf2,
    0x2, 0x1, 0x20, 0x0, 0x0, 0x0, 0x3, 0x30,

    /* U+5EF6 "延" */
    0x0, 0x0, 0x10, 0x0, 0x0, 0x3, 0x7b, 0x60,
    0x4f, 0xff, 0xf4, 0x5a, 0xce, 0xff, 0xeb, 0x70,
    0x15, 0x5c, 0xe0, 0x6b, 0x97, 0xbe, 0x0, 0x0,
    0x0, 0x1f, 0x80, 0x0, 0x0, 0x9e, 0x0, 0x0,
    0x0, 0x8f, 0x10, 0x0, 0x0, 0x9e, 0x0, 0x0,
    0x1, 0xf7, 0x0, 0x1f, 0x40, 0x9f, 0x55, 0x51,
    0xd, 0xff, 0xfa, 0x1f, 0x40, 0x9f, 0xff, 0xf3,
    0x8, 0x66, 0xe9, 0x1f, 0x40, 0x9e, 0x0, 0x0,
    0x4, 0x30, 0xf6, 0x1f, 0x40, 0x9e, 0x0, 0x0,
    0xa, 0xc4, 0xf3, 0x1f, 0x40, 0x9e, 0x0, 0x0,
    0x4, 0xfc, 0xe0, 0x1f, 0x85, 0xbf, 0x55, 0x52,
    0x0, 0xbf, 0x80, 0x1f, 0xff, 0xff, 0xff, 0xf5,
    0x0, 0x9f, 0xe6, 0x0, 0x0, 0x0, 0x0, 0x0,
    0x6, 0xf9, 0xbf, 0xfb, 0xa8, 0x76, 0x67, 0x74,
    0x4f, 0xb0, 0x3, 0x9b, 0xde, 0xff, 0xff, 0xf4,
    0x4, 0x0, 0x0, 0x0, 0x0, 0x0, 0x0, 0x0,

    /* U+5F00 "开" */
    0xa, 0xff, 0xff, 0xff, 0xff, 0xff, 0xff, 0xb0,
    0x4, 0x66, 0xbf, 0x76, 0x66, 0xee, 0x66, 0x50,
    0x0, 0x0, 0x7f, 0x10, 0x0, 0xcc, 0x0, 0x0,
    0x0, 0x0, 0x7f, 0x10, 0x0, 0xcc, 0x0, 0x0,
    0x0, 0x0, 0x7f, 0x10, 0x0, 0xcc, 0x0, 0x0,
    0x0, 0x0, 0x7f, 0x10, 0x0, 0xcc, 0x0, 0x0,
    0x3f, 0xff, 0xff, 0xff, 0xff, 0xff, 0xff, 0xf3,
    0x17, 0x77, 0xcf, 0x77, 0x77, 0xee, 0x77, 0x71,
    0x0, 0x0, 0xcd, 0x0, 0x0, 0xcc, 0x0, 0x0,
    0x0, 0x2, 0xf9, 0x0, 0x0, 0xcc, 0x0, 0x0,
    0x0, 0xa, 0xf3, 0x0, 0x0, 0xcc, 0x0, 0x0,
    0x0, 0x7f, 0x90, 0x0, 0x0, 0xcc, 0x0, 0x0,
    0x9, 0xfc, 0x0, 0x0, 0x0, 0xcc, 0x0, 0x0,
    0x9, 0xa0, 0x0, 0x0, 0x0, 0xcc, 0x0, 0x0,
    0x0, 0x0, 0x0, 0x0, 0x0, 0x0, 0x0, 0x0,

    /* U+5F52 "归" */
    0x0, 0x6, 0xf1, 0x0, 0x0, 0x0, 0x0, 0x0,
    0x6, 0xf1, 0x47, 0x77, 0x77, 0x77, 0x6b, 0x6,
    0xf1, 0x9f, 0xff, 0xff, 0xfe, 0x8e, 0x6, 0xf1,
    0x1, 0x11, 0x11, 0xae, 0x8e, 0x6, 0xf1, 0x0,
    0x0, 0x0, 0x9e, 0x8e, 0x6, 0xf1, 0x0, 0x0,
    0x0, 0x9e, 0x8e, 0x6, 0xf1, 0x3, 0x33, 0x33,
    0xbe, 0x8e, 0x7, 0xf0, 0x2f, 0xff, 0xff, 0xfe,
    0x8e, 0x8, 0xf0, 0x4, 0x44, 0x44, 0xbe, 0x8e,
    0xa, 0xe0, 0x0, 0x0, 0x0, 0x9e, 0x12, 0xd,
    0xb0, 0x0, 0x0, 0x0, 0x9e, 0x0, 0x3f, 0x70,
    0x0, 0x0, 0x0, 0x9e, 0x0, 0xaf, 0x10, 0x77,
    0x77, 0x77, 0xce, 0x7, 0xf8, 0x0, 0xff, 0xff,
    0xff, 0xfe, 0xd, 0xa0, 0x0, 0x0, 0x0, 0x0,
    0xae, 0x0, 0x0, 0x0, 0x0, 0x0, 0x0, 0x0,

    /* U+5F55 "录" */
    0x0, 0x0, 0x0, 0x0, 0x0, 0x0, 0x0, 0x0,
    0x0, 0xef, 0xff, 0xff, 0xff, 0xff, 0xf3, 0x0,
    0x0, 0x66, 0x66, 0x66, 0x66, 0x6a, 0xf3, 0x0,
    0x0, 0x0, 0x0, 0x0, 0x0, 0x7, 0xf2, 0x0,
    0x0, 0x6f, 0xff, 0xff, 0xff, 0xff, 0xf1, 0x0,
    0x0, 0x24, 0x44, 0x44, 0x44, 0x4a, 0xf0, 0x0,
    0x5, 0x55, 0x55, 0x55, 0x55, 0x5b, 0xf6, 0x50,
    0xe, 0xff, 0xff, 0xff, 0xff, 0xff, 0xff, 0xf0,
    0x0, 0x47, 0x0, 0xc, 0xd0, 0x0, 0x96, 0x0,
    0x0, 0x5e, 0xe4, 0xc, 0xf9, 0x1b, 0xf6, 0x0,
    0x0, 0x1, 0xb8, 0x3e, 0xef, 0xfc, 0x20, 0x0,
    0x0, 0x2, 0x8e, 0xff, 0xb5, 0xfa, 0x10, 0x0,
    0x7, 0xdf, 0xe7, 0x1c, 0xb0, 0x4f, 0xe8, 0x30,
    0x7, 0xa4, 0x4, 0x4e, 0xb0, 0x1, 0x8e, 0xd0,
    0x0, 0x0, 0xd, 0xfe, 0x50, 0x0, 0x0, 0x10,

    /* U+5F85 "待" */
    0x0, 0x5, 0x91, 0x0, 0x7, 0xf0, 0x0, 0x0,
    0x0, 0x2f, 0xb0, 0x0, 0x7, 0xf0, 0x0, 0x0,
    0x1, 0xdd, 0x10, 0x66, 0x6b, 0xf6, 0x66, 0x40,
    0x2e, 0xe2, 0x0, 0xef, 0xff, 0xff, 0xff, 0x90,
    0x1c, 0x11, 0xb3, 0x0, 0x7, 0xf0, 0x0, 0x0,
    0x0, 0xc, 0xe6, 0x66, 0x6b, 0xf6, 0x66, 0x62,
    0x0, 0x9f, 0x5c, 0xff, 0xff, 0xff, 0xff, 0xf5,
    0xa, 0xff, 0x40, 0x0, 0x0, 0x4, 0xf3, 0x0,
    0x7f, 0xbf, 0x44, 0x66, 0x66, 0x69, 0xf9, 0x61,
    0x18, 0x2f, 0x49, 0xff, 0xff, 0xff, 0xff, 0xf4,
    0x0, 0x2f, 0x40, 0x29, 0x0, 0x4, 0xf3, 0x0,
    0x0, 0x2f, 0x40, 0x1e, 0xb0, 0x4, 0xf3, 0x0,
    0x0, 0x2f, 0x40, 0x4, 0xf5, 0x4, 0xf3, 0x0,
    0x0, 0x2f, 0x40, 0x0, 0x33, 0x69, 0xf3, 0x0,
    0x0, 0x2f, 0x40, 0x0, 0x5, 0xff, 0xb0, 0x0,
    0x0, 0x0, 0x0, 0x0, 0x0, 0x0, 0x0, 0x0,

    /* U+5FC5 "必" */
    0x0, 0x0, 0x3, 0x50, 0x0, 0x0, 0x0, 0x0,
    0x0, 0x0, 0xa, 0xfa, 0x0, 0x0, 0x66, 0x0,
    0x0, 0x0, 0x0, 0x7f, 0xd3, 0x1, 0xfc, 0x0,
    0x0, 0x0, 0x0, 0x4, 0xea, 0xa, 0xf2, 0x0,
    0x0, 0x0, 0x1e, 0x70, 0x20, 0x5f, 0x80, 0x0,
    0x0, 0xc9, 0x1f, 0x80, 0x2, 0xec, 0x11, 0x0,
    0x0, 0xf7, 0x1f, 0x80, 0x1d, 0xf3, 0xea, 0x0,
    0x4, 0xf4, 0x1f, 0x81, 0xdf, 0x40, 0x8f, 0x30,
    0xa, 0xf0, 0x1f, 0x9c, 0xf5, 0x0, 0x1e, 0xc0,
    0x1f, 0xa0, 0x1f, 0xff, 0x60, 0x0, 0x8, 0xf3,
    0x19, 0x30, 0x4f, 0xf4, 0x0, 0x2, 0x1, 0xf8,
    0x0, 0x1a, 0xff, 0x80, 0x0, 0x9, 0xe0, 0x30,
    0x6, 0xff, 0xaf, 0x80, 0x0, 0xb, 0xd0, 0x0,
    0x1e, 0xc3, 0xf, 0xe8, 0x77, 0x8f, 0x90, 0x0,
    0x1, 0x0, 0x6, 0xef, 0xff, 0xfc, 0x10, 0x0,

    /* U+6062 "恢" */
    0x0, 0x0, 0x0, 0x0, 0x0, 0x0, 0x0, 0x0,
    0x0, 0x6e, 0x0, 0x3, 0xf2, 0x0, 0x0, 0x0,
    0x0, 0x6e, 0x0, 0x5, 0xf1, 0x0, 0x0, 0x0,
    0x0, 0x6e, 0x1, 0x27, 0xf2, 0x22, 0x22, 0x20,
    0x4, 0x8f, 0xb8, 0xff, 0xff, 0xff, 0xff, 0xf1,
    0xd, 0xbe, 0xc8, 0x2c, 0xc2, 0x26, 0x42, 0x20,
    0xf, 0xae, 0x7b, 0xf, 0x80, 0xf, 0x50, 0x0,
    0x2f, 0x7e, 0x24, 0x3f, 0x4a, 0x3f, 0x45, 0xa0,
    0x4b, 0x6e, 0x0, 0x7f, 0x1f, 0x3f, 0x2a, 0x80,
    0x0, 0x6e, 0x0, 0xcb, 0x5d, 0x4f, 0x1e, 0x40,
    0x0, 0x6e, 0x3, 0xf5, 0xa7, 0x8f, 0x5e, 0x0,
    0x0, 0x6e, 0xb, 0xd0, 0x0, 0xdf, 0x61, 0x0,
    0x0, 0x6e, 0x6f, 0x40, 0x6, 0xfb, 0xd0, 0x0,
    0x0, 0x6e, 0x17, 0x0, 0x3f, 0x91, 0xe9, 0x0,
    0x0, 0x6e, 0x0, 0x18, 0xfd, 0x0, 0x5f, 0xa1,
    0x0, 0x6e, 0x0, 0xd, 0x80, 0x0, 0x3, 0xa0,
    0x0, 0x0, 0x0, 0x0, 0x0, 0x0, 0x0, 0x0,

    /* U+60A8 "您" */
    0x0, 0x0, 0x62, 0x5, 0x20, 0x0, 0x0, 0x0,
    0x0, 0x6, 0xf4, 0x1f, 0x81, 0x11, 0x11, 0x0,
    0x0, 0x1f, 0xa0, 0x9f, 0xff, 0xff, 0xff, 0xf0,
    0x0, 0xcf, 0x44, 0xf7, 0x33, 0x53, 0x3e, 0xa0,
    0x1c, 0xff, 0x4d, 0xb0, 0x3, 0xf3, 0x2f, 0x30,
    0x3f, 0x8f, 0x41, 0x1b, 0x53, 0xf3, 0x95, 0x0,
    0x2, 0x2f, 0x40, 0x6f, 0x33, 0xf3, 0x9f, 0x10,
    0x0, 0x2f, 0x44, 0xf9, 0x3, 0xf3, 0xe, 0xa0,
    0x0, 0x2f, 0x42, 0x90, 0x69, 0xf2, 0x6, 0x80,
    0x0, 0x2e, 0x30, 0x6, 0xbd, 0x90, 0x0, 0x0,
    0x0, 0x50, 0x75, 0x1d, 0xd1, 0x0, 0x57, 0x0,
    0x2, 0xf6, 0xda, 0x1, 0xeb, 0x0, 0x7f, 0x30,
    0x8, 0xf1, 0xda, 0x0, 0x43, 0xd, 0x7e, 0xb0,
    0x1f, 0x90, 0xdd, 0x66, 0x66, 0x8f, 0x68, 0xf1,
    0x5, 0x20, 0x5e, 0xff, 0xff, 0xfb, 0x1, 0x20,

    /* U+6210 "成" */
    0x0, 0x0, 0x0, 0x0, 0x0, 0x0, 0x0, 0x0,
    0x0, 0x0, 0x0, 0x0, 0x8f, 0x1c, 0x70, 0x0,
    0x0, 0x0, 0x0, 0x0, 0x7f, 0x19, 0xfb, 0x10,
    0x0, 0x0, 0x0, 0x0, 0x7f, 0x10, 0x6e, 0x20,
    0x0, 0xff, 0xff, 0xff, 0xff, 0xff, 0xff, 0xf5,
    0x0, 0xfc, 0x88, 0x88, 0xaf, 0xa8, 0x88, 0x83,
    0x0, 0xf8, 0x0, 0x0, 0x3f, 0x50, 0x12, 0x0,
    0x0, 0xfc, 0x66, 0x64, 0x1f, 0x60, 0x8f, 0x30,
    0x0, 0xff, 0xff, 0xf9, 0xf, 0x90, 0xec, 0x0,
    0x1, 0xf8, 0x0, 0xe9, 0xd, 0xc7, 0xf5, 0x0,
    0x2, 0xf6, 0x0, 0xe8, 0x9, 0xfe, 0xd0, 0x0,
    0x3, 0xf5, 0x0, 0xf7, 0x5, 0xff, 0x30, 0x0,
    0x5, 0xf5, 0x57, 0xf6, 0x8, 0xfb, 0x0, 0xc4,
    0xa, 0xf1, 0xff, 0xd2, 0x9f, 0xff, 0x30, 0xf5,
    0x1f, 0xb0, 0x0, 0x3d, 0xf8, 0x2e, 0xeb, 0xf2,
    0x2e, 0x30, 0x0, 0x1d, 0x40, 0x3, 0xdf, 0x80,
    0x0, 0x0, 0x0, 0x0, 0x0, 0x0, 0x0, 0x0,

    /* U+6216 "或" */
    0x0, 0x0, 0x0, 0x0, 0x0, 0x0, 0x0, 0x0,
    0x0, 0x0, 0x0, 0x0, 0x5f, 0x46, 0xb2, 0x0,
    0x0, 0x0, 0x0, 0x0, 0x4f, 0x55, 0xfe, 0x30,
    0x0, 0x0, 0x0, 0x0, 0x5f, 0x60, 0x3d, 0x40,
    0xf, 0xff, 0xff, 0xff, 0xff, 0xff, 0xff, 0xf1,
    0x7, 0x77, 0x77, 0x77, 0x8f, 0xb7, 0x77, 0x70,
    0x0, 0x44, 0x44, 0x42, 0xf, 0x80, 0x16, 0x10,
    0x2, 0xff, 0xff, 0xf9, 0xe, 0xa0, 0x7f, 0x30,
    0x2, 0xf3, 0x0, 0xe9, 0xd, 0xc0, 0xdd, 0x0,
    0x2, 0xf3, 0x0, 0xe9, 0xa, 0xf4, 0xf6, 0x0,
    0x2, 0xf8, 0x66, 0xe9, 0x7, 0xfd, 0xe0, 0x0,
    0x2, 0xdd, 0xdd, 0xd8, 0x3, 0xff, 0x50, 0x0,
    0x0, 0x0, 0x1, 0x47, 0x4, 0xfd, 0x0, 0xa2,
    0x6, 0x9b, 0xef, 0xfc, 0x8f, 0xef, 0x40, 0xf5,
    0xd, 0xb8, 0x52, 0x3c, 0xf8, 0xd, 0xfc, 0xf2,
    0x0, 0x0, 0x0, 0x1c, 0x40, 0x2, 0xcf, 0x80,
    0x0, 0x0, 0x0, 0x0, 0x0, 0x0, 0x0, 0x0,

    /* U+6237 "户" */
    0x0, 0x0, 0x0, 0x6, 0x40, 0x0, 0x0, 0x0,
    0x0, 0x0, 0xd, 0xc0, 0x0, 0x0, 0x0, 0x0,
    0x0, 0x8, 0xf3, 0x0, 0x0, 0x0, 0x7f, 0xff,
    0xff, 0xff, 0xff, 0xfa, 0x0, 0x7f, 0x65, 0x55,
    0x55, 0x55, 0xfa, 0x0, 0x7f, 0x10, 0x0, 0x0,
    0x0, 0xea, 0x0, 0x7f, 0x10, 0x0, 0x0, 0x0,
    0xea, 0x0, 0x8f, 0xff, 0xff, 0xff, 0xff, 0xfa,
    0x0, 0x8f, 0x77, 0x77, 0x77, 0x77, 0xfa, 0x0,
    0xad, 0x0, 0x0, 0x0, 0x0, 0x96, 0x0, 0xda,
    0x0, 0x0, 0x0, 0x0, 0x0, 0x1, 0xf7, 0x0,
    0x0, 0x0, 0x0, 0x0, 0x6, 0xf3, 0x0, 0x0,
    0x0, 0x0, 0x0, 0xe, 0xe0, 0x0, 0x0, 0x0,
    0x0, 0x0, 0x4f, 0x50, 0x0, 0x0, 0x0, 0x0,
    0x0, 0x3, 0x0, 0x0, 0x0, 0x0, 0x0, 0x0,

    /* U+6240 "所" */
    0x0, 0x0, 0x0, 0x0, 0x0, 0x0, 0x0, 0x0,
    0x0, 0x13, 0x6a, 0xe6, 0x0, 0x37, 0xbf, 0xa0,
    0x7, 0xff, 0xfd, 0x94, 0x6f, 0xff, 0xc8, 0x30,
    0x8, 0xf2, 0x0, 0x0, 0x7f, 0x30, 0x0, 0x0,
    0x8, 0xf6, 0x66, 0x61, 0x7f, 0x10, 0x0, 0x0,
    0x8, 0xff, 0xff, 0xf3, 0x7f, 0x10, 0x0, 0x0,
    0x8, 0xf0, 0x3, 0xf3, 0x7f, 0xff, 0xff, 0xf6,
    0x8, 0xf0, 0x3, 0xf3, 0x7f, 0x54, 0xfb, 0x41,
    0x8, 0xff, 0xff, 0xf3, 0x8f, 0x0, 0xe9, 0x0,
    0x9, 0xe6, 0x66, 0x61, 0x9e, 0x0, 0xe9, 0x0,
    0xa, 0xc0, 0x0, 0x0, 0xcc, 0x0, 0xe9, 0x0,
    0xc, 0xa0, 0x0, 0x1, 0xf8, 0x0, 0xe9, 0x0,
    0xf, 0x80, 0x0, 0x8, 0xf2, 0x0, 0xe9, 0x0,
    0x5f, 0x20, 0x0, 0x3f, 0xb0, 0x0, 0xe9, 0x0,
    0x4b, 0x0, 0x0, 0x4d, 0x10, 0x0, 0xe9, 0x0,
    0x0, 0x0, 0x0, 0x0, 0x0, 0x0, 0x0, 0x0,

    /* U+624B "手" */
    0x0, 0x0, 0x0, 0x0, 0x0, 0x3, 0x60, 0x0,
    0x0, 0x34, 0x57, 0x89, 0xbd, 0xff, 0xf9, 0x0,
    0x0, 0xdf, 0xff, 0xee, 0xf9, 0x64, 0x10, 0x0,
    0x0, 0x11, 0x0, 0x9, 0xf0, 0x0, 0x0, 0x0,
    0x0, 0x0, 0x0, 0x9, 0xf0, 0x0, 0x0, 0x0,
    0x0, 0xff, 0xff, 0xff, 0xff, 0xff, 0xff, 0x80,
    0x0, 0x77, 0x77, 0x7c, 0xf7, 0x77, 0x77, 0x40,
    0x0, 0x0, 0x0, 0x9, 0xf0, 0x0, 0x0, 0x0,
    0x3, 0x33, 0x33, 0x3a, 0xf3, 0x33, 0x33, 0x31,
    0x1f, 0xff, 0xff, 0xff, 0xff, 0xff, 0xff, 0xf7,
    0x3, 0x33, 0x33, 0x3a, 0xf3, 0x33, 0x33, 0x31,
    0x0, 0x0, 0x0, 0x9, 0xf0, 0x0, 0x0, 0x0,
    0x0, 0x0, 0x0, 0x9, 0xf0, 0x0, 0x0, 0x0,
    0x0, 0x0, 0x67, 0x7d, 0xe0, 0x0, 0x0, 0x0,
    0x0, 0x0, 0x9f, 0xfd, 0x60, 0x0, 0x0, 0x0,
    0x0, 0x0, 0x0, 0x0, 0x0, 0x0, 0x0, 0x0,

    /* U+6253 "打" */
    0x0, 0xc, 0xb0, 0x0, 0x0, 0x0, 0x0, 0x0,
    0x0, 0xc, 0xb0, 0x8, 0x88, 0x88, 0x88, 0x85,
    0x0, 0xc, 0xb0, 0x1f, 0xff, 0xff, 0xff, 0xfa,
    0x5, 0x5d, 0xd5, 0x43, 0x33, 0x3c, 0xf3, 0x32,
    0x1f, 0xff, 0xff, 0xb0, 0x0, 0xb, 0xe0, 0x0,
    0x1, 0x1d, 0xb1, 0x10, 0x0, 0xb, 0xe0, 0x0,
    0x0, 0xc, 0xb0, 0x0, 0x0, 0xb, 0xe0, 0x0,
    0x0, 0xc, 0xc7, 0x80, 0x0, 0xb, 0xe0, 0x0,
    0x7, 0xaf, 0xff, 0xa0, 0x0, 0xb, 0xe0, 0x0,
    0xf, 0xef, 0xc0, 0x0, 0x0, 0xb, 0xe0, 0x0,
    0x1, 0xc, 0xb0, 0x0, 0x0, 0xb, 0xe0, 0x0,
    0x0, 0xc, 0xb0, 0x0, 0x0, 0xb, 0xe0, 0x0,
    0x0, 0xc, 0xb0, 0x0, 0x0, 0xb, 0xe0, 0x0,
    0x4, 0x6e, 0xa0, 0x0, 0x68, 0x8f, 0xd0, 0x0,
    0x6, 0xfd, 0x40, 0x0, 0x5f, 0xfe, 0x50, 0x0,
    0x0, 0x0, 0x0, 0x0, 0x0, 0x0, 0x0, 0x0,

    /* U+626B "扫" */
    0x0, 0xc, 0xa0, 0x0, 0x0, 0x0, 0x0, 0x0,
    0x0, 0xca, 0x0, 0x44, 0x44, 0x44, 0x44, 0x0,
    0xc, 0xa0, 0xe, 0xff, 0xff, 0xff, 0xe0, 0x66,
    0xed, 0x64, 0x55, 0x55, 0x55, 0xbe, 0x1f, 0xff,
    0xff, 0x90, 0x0, 0x0, 0x8, 0xe0, 0x0, 0xca,
    0x0, 0x0, 0x0, 0x0, 0x8e, 0x0, 0xc, 0xa0,
    0x0, 0x0, 0x0, 0x8, 0xe0, 0x0, 0xcb, 0x56,
    0x8f, 0xff, 0xff, 0xfe, 0x16, 0xaf, 0xff, 0xb4,
    0x88, 0x88, 0x8c, 0xe1, 0xfd, 0xfc, 0x10, 0x0,
    0x0, 0x0, 0x8e, 0x1, 0xc, 0xa0, 0x0, 0x0,
    0x0, 0x8, 0xe0, 0x0, 0xca, 0x0, 0x0, 0x0,
    0x0, 0x8e, 0x0, 0xc, 0xa0, 0x3, 0x33, 0x33,
    0x3a, 0xe0, 0x35, 0xea, 0x0, 0xff, 0xff, 0xff,
    0xfe, 0x7, 0xfe, 0x40, 0x3, 0x33, 0x33, 0x3a,
    0xe0, 0x0, 0x0, 0x0, 0x0, 0x0, 0x0, 0x0,

    /* U+627E "找" */
    0x0, 0x2f, 0x40, 0x0, 0x8d, 0x5, 0x20, 0x0,
    0x0, 0x2f, 0x40, 0x0, 0x8f, 0xd, 0xe1, 0x0,
    0x0, 0x2f, 0x40, 0x0, 0x7f, 0x2, 0xfb, 0x0,
    0x15, 0x7f, 0x85, 0x0, 0x7f, 0x10, 0x67, 0x0,
    0x4f, 0xff, 0xff, 0x43, 0x9f, 0x99, 0xbd, 0xe1,
    0x0, 0x3f, 0x50, 0x9f, 0xff, 0xed, 0xb9, 0x81,
    0x0, 0x2f, 0x40, 0x23, 0x4f, 0x50, 0x6, 0x0,
    0x0, 0x2f, 0x88, 0x20, 0xf, 0x80, 0x6f, 0x30,
    0x28, 0xcf, 0xfe, 0x30, 0xd, 0xb2, 0xf9, 0x0,
    0x4f, 0xcf, 0x60, 0x0, 0x9, 0xfc, 0xe1, 0x0,
    0x0, 0x2f, 0x40, 0x0, 0x5, 0xff, 0x30, 0x0,
    0x0, 0x2f, 0x40, 0x0, 0x2d, 0xfb, 0x0, 0xb4,
    0x0, 0x2f, 0x40, 0x6, 0xfe, 0xbf, 0x50, 0xf6,
    0x5, 0x7f, 0x40, 0xdf, 0xb1, 0x1e, 0xfd, 0xf2,
    0xc, 0xfc, 0x10, 0x34, 0x0, 0x2, 0xbf, 0x90,
    0x0, 0x0, 0x0, 0x0, 0x0, 0x0, 0x0, 0x0,

    /* U+62D2 "拒" */
    0x0, 0x3f, 0x30, 0x0, 0x0, 0x0, 0x0, 0x0,
    0x0, 0x3f, 0x30, 0x6f, 0xff, 0xff, 0xff, 0xe0,
    0x0, 0x3f, 0x30, 0x6f, 0x97, 0x77, 0x77, 0x60,
    0x28, 0x9f, 0xa8, 0x6f, 0x20, 0x0, 0x0, 0x0,
    0x5f, 0xff, 0xff, 0x6f, 0x20, 0x0, 0x0, 0x0,
    0x0, 0x4f, 0x40, 0x6f, 0xff, 0xff, 0xff, 0x10,
    0x0, 0x3f, 0x30, 0x6f, 0x86, 0x66, 0x9f, 0x10,
    0x0, 0x3f, 0x78, 0x6f, 0x20, 0x0, 0x4f, 0x10,
    0x28, 0xdf, 0xfc, 0x7f, 0x20, 0x0, 0x4f, 0x10,
    0x4f, 0xcf, 0x40, 0x6f, 0xff, 0xff, 0xff, 0x10,
    0x0, 0x3f, 0x30, 0x6f, 0x87, 0x77, 0x77, 0x0,
    0x0, 0x3f, 0x30, 0x6f, 0x20, 0x0, 0x0, 0x0,
    0x0, 0x3f, 0x30, 0x6f, 0x20, 0x0, 0x0, 0x0,
    0x5, 0x8f, 0x30, 0x6f, 0x98, 0x88, 0x88, 0x82,
    0xd, 0xfb, 0x0, 0x5f, 0xff, 0xff, 0xff, 0xf5,
    0x0, 0x0, 0x0, 0x0, 0x0, 0x0, 0x0, 0x0,

    /* U+62D4 "拔" */
    0x0, 0x0, 0x0, 0x0, 0x0, 0x0, 0x0, 0x0,
    0x0, 0x2f, 0x50, 0x0, 0xf8, 0x7, 0x60, 0x0,
    0x0, 0x2f, 0x50, 0x0, 0xf8, 0xb, 0xfa, 0x0,
    0x0, 0x2f, 0x50, 0x0, 0xf8, 0x0, 0x7f, 0x70,
    0x13, 0x5f, 0x83, 0x77, 0xfb, 0x77, 0x7d, 0x92,
    0x5f, 0xff, 0xff, 0xef, 0xff, 0xee, 0xee, 0xe5,
    0x2, 0x4f, 0x72, 0x1, 0xf6, 0x0, 0x0, 0x0,
    0x0, 0x2f, 0x50, 0x2, 0xf9, 0x66, 0x66, 0x10,
    0x0, 0x2f, 0x75, 0x4, 0xff, 0xff, 0xff, 0x30,
    0x15, 0xaf, 0xfe, 0x17, 0xf8, 0x0, 0x7e, 0x0,
    0x5f, 0xef, 0x80, 0xb, 0xff, 0x10, 0xd9, 0x0,
    0x3, 0x2f, 0x50, 0x1f, 0x8c, 0xb6, 0xf2, 0x0,
    0x0, 0x2f, 0x50, 0x7f, 0x12, 0xff, 0x90, 0x0,
    0x0, 0x2f, 0x52, 0xea, 0x4, 0xef, 0xc2, 0x0,
    0x5, 0x7f, 0x6d, 0xd3, 0xaf, 0xb4, 0xef, 0xa2,
    0xb, 0xfc, 0x2a, 0x20, 0xc6, 0x0, 0x18, 0xd1,
    0x0, 0x0, 0x0, 0x0, 0x0, 0x0, 0x0, 0x0,

    /* U+62E9 "择" */
    0x0, 0x5f, 0x10, 0x0, 0x0, 0x0, 0x0, 0x0,
    0x0, 0x5f, 0x10, 0x9f, 0xff, 0xff, 0xff, 0x80,
    0x0, 0x5f, 0x10, 0x38, 0xf7, 0x55, 0xbf, 0x20,
    0x16, 0x9f, 0x75, 0x0, 0xad, 0x15, 0xf7, 0x0,
    0x4f, 0xff, 0xff, 0x0, 0xd, 0xdf, 0x90, 0x0,
    0x0, 0x5f, 0x20, 0x1, 0x6d, 0xff, 0x82, 0x0,
    0x0, 0x5f, 0x12, 0xcf, 0xf9, 0x16, 0xef, 0xd6,
    0x0, 0x5f, 0xbb, 0x96, 0x11, 0xf6, 0x5, 0xa2,
    0x29, 0xef, 0xfb, 0x14, 0x45, 0xf9, 0x44, 0x10,
    0x5f, 0xdf, 0x30, 0x5f, 0xff, 0xff, 0xff, 0x60,
    0x0, 0x5f, 0x10, 0x0, 0x2, 0xf7, 0x0, 0x0,
    0x0, 0x5f, 0x10, 0x66, 0x67, 0xfa, 0x66, 0x63,
    0x0, 0x5f, 0x12, 0xff, 0xff, 0xff, 0xff, 0xf7,
    0x6, 0xaf, 0x10, 0x0, 0x1, 0xf6, 0x0, 0x0,
    0xc, 0xfa, 0x0, 0x0, 0x1, 0xf6, 0x0, 0x0,
    0x0, 0x0, 0x0, 0x0, 0x0, 0x0, 0x0, 0x0,

    /* U+6309 "按" */
    0x0, 0x0, 0x0, 0x0, 0x0, 0x0, 0x0, 0x0,
    0x0, 0x2f, 0x40, 0x0, 0x4, 0xf3, 0x0, 0x0,
    0x0, 0x2f, 0x40, 0x0, 0x2, 0xf7, 0x0, 0x0,
    0x0, 0x2f, 0x40, 0x8b, 0xbb, 0xfe, 0xbb, 0xb3,
    0x15, 0x7f, 0x85, 0xbe, 0xcc, 0xcc, 0xcc, 0xf5,
    0x3f, 0xff, 0xfe, 0xbb, 0x7, 0x60, 0x1, 0xf5,
    0x0, 0x3f, 0x50, 0x77, 0xf, 0xa0, 0x1, 0xb3,
    0x0, 0x2f, 0x40, 0x33, 0x7f, 0x83, 0x33, 0x32,
    0x0, 0x2f, 0x43, 0xff, 0xff, 0xff, 0xff, 0xf8,
    0x0, 0x5f, 0xdf, 0x34, 0xf8, 0x11, 0xdd, 0x10,
    0x4e, 0xff, 0xb6, 0xa, 0xf1, 0x1, 0xf8, 0x0,
    0x28, 0x6f, 0x40, 0x1e, 0xf8, 0x19, 0xf2, 0x0,
    0x0, 0x2f, 0x40, 0x0, 0x7e, 0xff, 0x80, 0x0,
    0x0, 0x2f, 0x40, 0x0, 0x1a, 0xff, 0xe6, 0x0,
    0x5, 0x8f, 0x40, 0x7b, 0xfe, 0x62, 0xbf, 0xc2,
    0xc, 0xfc, 0x0, 0xbb, 0x61, 0x0, 0x6, 0xc1,
    0x0, 0x0, 0x0, 0x0, 0x0, 0x0, 0x0, 0x0,

    /* U+636E "据" */
    0x0, 0x4f, 0x10, 0x0, 0x0, 0x0, 0x0, 0x0,
    0x0, 0x4f, 0x10, 0x8f, 0xff, 0xff, 0xff, 0xf0,
    0x0, 0x4f, 0x10, 0x8f, 0x44, 0x44, 0x49, 0xf0,
    0x18, 0xaf, 0x97, 0x8e, 0x0, 0x0, 0x5, 0xf0,
    0x1d, 0xef, 0xdb, 0x8f, 0xff, 0xff, 0xff, 0xf0,
    0x0, 0x4f, 0x10, 0x9f, 0x55, 0x8f, 0x75, 0x50,
    0x0, 0x4f, 0x10, 0x9e, 0x0, 0x4f, 0x20, 0x0,
    0x0, 0x4f, 0x66, 0xaf, 0xff, 0xff, 0xff, 0xf5,
    0x18, 0xcf, 0xfa, 0xbd, 0x55, 0x8f, 0x65, 0x51,
    0x2f, 0xcf, 0x20, 0xca, 0x0, 0x4f, 0x20, 0x0,
    0x0, 0x4f, 0x10, 0xe8, 0xff, 0xff, 0xff, 0xf1,
    0x0, 0x4f, 0x12, 0xf6, 0xf8, 0x44, 0x47, 0xf1,
    0x0, 0x4f, 0x16, 0xf1, 0xf4, 0x0, 0x3, 0xf1,
    0x7, 0xbf, 0x1d, 0xb0, 0xf7, 0x44, 0x47, 0xf1,
    0x9, 0xc7, 0x2d, 0x30, 0xff, 0xff, 0xff, 0xf1,
    0x0, 0x0, 0x0, 0x0, 0x0, 0x0, 0x0, 0x0,

    /* U+63A5 "接" */
    0x0, 0xc9, 0x0, 0x0, 0xb, 0x50, 0x0, 0x0,
    0x0, 0xc9, 0x0, 0x0, 0xb, 0xc0, 0x0, 0x0,
    0x0, 0xc9, 0x1, 0xff, 0xff, 0xff, 0xff, 0xa0,
    0x35, 0xdb, 0x50, 0x5a, 0x95, 0x57, 0xc6, 0x30,
    0x9f, 0xff, 0xf1, 0x9, 0xd0, 0x9, 0xe0, 0x0,
    0x0, 0xc9, 0x2, 0x35, 0xe5, 0x4f, 0x83, 0x30,
    0x0, 0xc9, 0x9, 0xff, 0xff, 0xff, 0xff, 0xf1,
    0x0, 0xca, 0x50, 0x11, 0x5e, 0x31, 0x11, 0x10,
    0x38, 0xef, 0xf4, 0x44, 0xce, 0x54, 0x44, 0x41,
    0xaf, 0xfb, 0x1c, 0xff, 0xff, 0xff, 0xff, 0xf3,
    0x10, 0xc9, 0x0, 0x1e, 0x90, 0x7, 0xf2, 0x0,
    0x0, 0xc9, 0x0, 0x9f, 0xc6, 0x3f, 0xa0, 0x0,
    0x0, 0xc9, 0x0, 0x3, 0x9f, 0xff, 0x40, 0x0,
    0x26, 0xe9, 0x5, 0x7a, 0xfe, 0x8c, 0xfc, 0x30,
    0x2f, 0xd3, 0xb, 0xc9, 0x50, 0x0, 0x4d, 0x50,
    0x0, 0x0, 0x0, 0x0, 0x0, 0x0, 0x0, 0x0,

    /* U+63CF "描" */
    0x0, 0x5f, 0x0, 0x0, 0xf7, 0x0, 0xf7, 0x0,
    0x0, 0x5f, 0x0, 0x0, 0xf7, 0x0, 0xf7, 0x0,
    0x0, 0x5f, 0x0, 0x44, 0xfa, 0x44, 0xfa, 0x42,
    0x5, 0x9f, 0x64, 0xff, 0xff, 0xff, 0xff, 0xf7,
    0x1c, 0xdf, 0xc8, 0x11, 0xf8, 0x11, 0xf8, 0x10,
    0x0, 0x5f, 0x0, 0x0, 0x84, 0x0, 0x84, 0x0,
    0x0, 0x5f, 0x0, 0x25, 0x55, 0x55, 0x55, 0x50,
    0x0, 0x5f, 0x44, 0x6f, 0xff, 0xff, 0xff, 0xf0,
    0x16, 0xcf, 0xfa, 0x6f, 0x0, 0xf6, 0x7, 0xf0,
    0x3f, 0xef, 0x30, 0x6f, 0x11, 0xf7, 0x18, 0xf0,
    0x2, 0x5f, 0x0, 0x6f, 0xff, 0xff, 0xff, 0xf0,
    0x0, 0x5f, 0x0, 0x6f, 0x33, 0xf8, 0x39, 0xf0,
    0x0, 0x5f, 0x0, 0x6f, 0x0, 0xf6, 0x7, 0xf0,
    0x7, 0xbf, 0x0, 0x6f, 0xff, 0xff, 0xff, 0xf0,
    0xa, 0xd8, 0x0, 0x6f, 0x55, 0x55, 0x5a, 0xe0,

    /* U+63D2 "插" */
    0x0, 0x7f, 0x0, 0x0, 0x0, 0x1, 0x5b, 0x20,
    0x0, 0x7f, 0x0, 0x27, 0x9b, 0xdf, 0xff, 0x90,
    0x0, 0x7f, 0x0, 0x4d, 0xcb, 0xfa, 0x52, 0x0,
    0x6, 0xbf, 0x63, 0x0, 0x0, 0xf5, 0x0, 0x0,
    0x1d, 0xef, 0xd6, 0xff, 0xff, 0xff, 0xff, 0xf7,
    0x0, 0x7f, 0x0, 0x66, 0x66, 0xfa, 0x66, 0x63,
    0x0, 0x7f, 0x0, 0x1, 0x60, 0xf6, 0x0, 0x0,
    0x0, 0x7f, 0x22, 0x7f, 0xf3, 0xf6, 0xff, 0xe0,
    0x15, 0xcf, 0xf9, 0x9b, 0x0, 0xf6, 0x49, 0xe0,
    0x3f, 0xff, 0x40, 0x9a, 0x0, 0xf5, 0x6, 0xe0,
    0x2, 0x7f, 0x0, 0x9f, 0xf4, 0xf6, 0xff, 0xe0,
    0x0, 0x7f, 0x0, 0x9c, 0x41, 0xf6, 0x49, 0xe0,
    0x0, 0x7f, 0x0, 0x9a, 0x0, 0xf5, 0x6, 0xe0,
    0x5, 0xbf, 0x0, 0x9f, 0xff, 0xff, 0xff, 0xe0,
    0x8, 0xe8, 0x0, 0x9c, 0x66, 0x66, 0x6a, 0xe0,
    0x0, 0x0, 0x0, 0x0, 0x0, 0x0, 0x0, 0x0,

    /* U+641C "搜" */
    0x0, 0x0, 0x0, 0x0, 0x0, 0x0, 0x0, 0x0,
    0x0, 0x4f, 0x20, 0x0, 0x11, 0xf4, 0x0, 0x0,
    0x0, 0x4f, 0x20, 0x6, 0xf9, 0xf5, 0x33, 0x30,
    0x0, 0x4f, 0x20, 0x9f, 0x94, 0xf7, 0xff, 0xf0,
    0x7, 0x9f, 0x85, 0x99, 0x0, 0xf4, 0x6, 0xf0,
    0x1d, 0xef, 0xd9, 0x9f, 0xe1, 0xf5, 0xff, 0xf0,
    0x0, 0x4f, 0x20, 0x9a, 0x21, 0xf4, 0x28, 0xf0,
    0x0, 0x4f, 0x20, 0x9b, 0x44, 0xf7, 0x49, 0xf0,
    0x0, 0x4f, 0x76, 0x9f, 0xff, 0xff, 0xff, 0xe0,
    0x17, 0xcf, 0xe8, 0x0, 0x0, 0xf4, 0x0, 0x0,
    0xe, 0xbf, 0x20, 0xbf, 0xff, 0xff, 0xff, 0xa0,
    0x0, 0x4f, 0x20, 0x4f, 0xa4, 0x44, 0x9f, 0x30,
    0x0, 0x4f, 0x20, 0x3, 0xf8, 0x6, 0xf8, 0x0,
    0x0, 0x4f, 0x20, 0x0, 0x4f, 0xff, 0x70, 0x0,
    0x5, 0xaf, 0x13, 0x8c, 0xff, 0xbe, 0xfc, 0x83,
    0x9, 0xfa, 0x8, 0xeb, 0x71, 0x0, 0x5a, 0xe3,
    0x0, 0x0, 0x0, 0x0, 0x0, 0x0, 0x0, 0x0,

    /* U+64CD "操" */
    0x0, 0xca, 0x0, 0x0, 0x0, 0x0, 0x0, 0x0,
    0x0, 0xca, 0x0, 0xe, 0xff, 0xff, 0xf3, 0x0,
    0x0, 0xca, 0x0, 0xe, 0x71, 0x13, 0xf3, 0x0,
    0x38, 0xed, 0x80, 0xe, 0xb8, 0x89, 0xf3, 0x0,
    0x6d, 0xff, 0xd1, 0x7, 0x88, 0x88, 0x81, 0x0,
    0x0, 0xca, 0x5, 0xdd, 0xda, 0x5d, 0xdd, 0xa0,
    0x0, 0xca, 0x6, 0xc3, 0xac, 0x6c, 0x38, 0xc0,
    0x0, 0xcd, 0xc6, 0xc5, 0xac, 0x6d, 0x59, 0xc0,
    0x5d, 0xff, 0x95, 0xbb, 0xbb, 0x9b, 0xbb, 0x80,
    0x7d, 0xea, 0x0, 0x0, 0x8, 0xe0, 0x0, 0x0,
    0x0, 0xca, 0x9, 0xff, 0xff, 0xff, 0xff, 0xf1,
    0x0, 0xca, 0x2, 0x45, 0xef, 0xff, 0x64, 0x40,
    0x0, 0xca, 0x0, 0x4d, 0xeb, 0xea, 0xe5, 0x0,
    0x5, 0xe9, 0x5d, 0xfb, 0x18, 0xe0, 0x8f, 0xd2,
    0xd, 0xe4, 0x2a, 0x30, 0x8, 0xe0, 0x2, 0x70,

    /* U+653E "放" */
    0x0, 0x1, 0x40, 0x0, 0x1, 0x41, 0x0, 0x0,
    0x0, 0x6, 0xf1, 0x0, 0x6, 0xf3, 0x0, 0x0,
    0x0, 0x1, 0xf5, 0x0, 0xa, 0xf0, 0x0, 0x0,
    0x2d, 0xdd, 0xed, 0xdc, 0xe, 0xe7, 0x77, 0x74,
    0x18, 0xbf, 0x88, 0x87, 0x2f, 0xff, 0xff, 0xf9,
    0x0, 0x6f, 0x0, 0x0, 0x8f, 0x50, 0x3f, 0x40,
    0x0, 0x6f, 0x77, 0x73, 0xef, 0x90, 0x6f, 0x10,
    0x0, 0x6f, 0xee, 0xfd, 0xfc, 0xd0, 0xad, 0x0,
    0x0, 0x7f, 0x2, 0xf7, 0x83, 0xf3, 0xf9, 0x0,
    0x0, 0x8f, 0x3, 0xf3, 0x0, 0xdd, 0xf2, 0x0,
    0x0, 0xbc, 0x3, 0xf3, 0x0, 0x7f, 0xb0, 0x0,
    0x0, 0xf9, 0x4, 0xf2, 0x0, 0xaf, 0xd1, 0x0,
    0x6, 0xf3, 0x5, 0xf1, 0xa, 0xf9, 0xfc, 0x10,
    0x2f, 0xc2, 0x5b, 0xf6, 0xef, 0x50, 0x6f, 0xe5,
    0x2d, 0x13, 0xff, 0x77, 0xc3, 0x0, 0x4, 0xd3,
    0x0, 0x0, 0x0, 0x0, 0x0, 0x0, 0x0, 0x0,

    /* U+6548 "效" */
    0x0, 0x0, 0x20, 0x0, 0x0, 0x31, 0x0, 0x0,
    0x0, 0x9, 0xe1, 0x0, 0x0, 0xf7, 0x0, 0x0,
    0x0, 0x2, 0xf5, 0x0, 0x2, 0xf4, 0x0, 0x0,
    0x2f, 0xff, 0xff, 0xff, 0x46, 0xf8, 0x77, 0x72,
    0x4, 0x87, 0x46, 0x94, 0x1a, 0xff, 0xff, 0xf4,
    0x0, 0xe9, 0x7, 0xf2, 0x1f, 0x70, 0x2f, 0x50,
    0x6, 0xf1, 0x0, 0xcb, 0x8f, 0x70, 0x5f, 0x10,
    0x2f, 0x81, 0xb, 0xae, 0xff, 0xc0, 0x8e, 0x0,
    0x3b, 0x9d, 0x4f, 0x41, 0xc7, 0xf2, 0xda, 0x0,
    0x0, 0x1e, 0xfe, 0x0, 0x0, 0xeb, 0xf4, 0x0,
    0x0, 0x4, 0xfd, 0x0, 0x0, 0x8f, 0xd0, 0x0,
    0x0, 0xc, 0xef, 0x90, 0x0, 0x6f, 0xa0, 0x0,
    0x0, 0x9f, 0x38, 0xf4, 0x4, 0xfe, 0xf6, 0x0,
    0xb, 0xf7, 0x0, 0xa2, 0x7f, 0xc0, 0xbf, 0x70,
    0x2e, 0x50, 0x0, 0xb, 0xfa, 0x0, 0x1b, 0xf4,
    0x0, 0x0, 0x0, 0x2, 0x40, 0x0, 0x0, 0x40,

    /* U+6570 "数" */
    0x1, 0x50, 0xe8, 0x6, 0x0, 0xb4, 0x0, 0x0,
    0x4, 0xf1, 0xe8, 0x6f, 0x12, 0xf4, 0x0, 0x0,
    0x0, 0xe6, 0xe8, 0xd7, 0x5, 0xf2, 0x0, 0x0,
    0x9, 0xb9, 0xfc, 0xa9, 0x69, 0xf7, 0x66, 0x62,
    0xa, 0xad, 0xff, 0xba, 0x7d, 0xff, 0xff, 0xf6,
    0x0, 0x7f, 0xfd, 0xe8, 0x3f, 0xe0, 0x2f, 0x30,
    0x1d, 0xe4, 0xe8, 0x27, 0xbf, 0xf2, 0x5f, 0x0,
    0x6, 0x13, 0x80, 0x1, 0xf7, 0xd7, 0x8d, 0x0,
    0x3, 0x3a, 0xe3, 0x33, 0x50, 0x8b, 0xd9, 0x0,
    0xc, 0xff, 0xff, 0xff, 0x0, 0x4f, 0xf3, 0x0,
    0x0, 0x9d, 0x0, 0xd9, 0x0, 0xf, 0xd0, 0x0,
    0x1, 0xee, 0x79, 0xe1, 0x0, 0x6f, 0xf3, 0x0,
    0x0, 0x7, 0xff, 0x90, 0x4, 0xfa, 0xdd, 0x10,
    0x2, 0x7e, 0xd8, 0xf4, 0x8f, 0xb0, 0x2f, 0xe3,
    0x1f, 0xd7, 0x0, 0x16, 0xf8, 0x0, 0x3, 0xe6,
    0x1, 0x0, 0x0, 0x0, 0x20, 0x0, 0x0, 0x0,

    /* U+6587 "文" */
    0x0, 0x0, 0x0, 0x2, 0x30, 0x0, 0x0, 0x0,
    0x0, 0x0, 0x0, 0xe, 0xe0, 0x0, 0x0, 0x0,
    0x0, 0x0, 0x0, 0x8, 0xf6, 0x0, 0x0, 0x0,
    0x8, 0x88, 0x88, 0x89, 0xe9, 0x88, 0x88, 0x83,
    0x1f, 0xff, 0xff, 0xff, 0xff, 0xff, 0xff, 0xf7,
    0x0, 0x5, 0xf4, 0x0, 0x0, 0x1f, 0xb0, 0x0,
    0x0, 0x0, 0xdc, 0x0, 0x0, 0x7f, 0x30, 0x0,
    0x0, 0x0, 0x5f, 0x50, 0x0, 0xec, 0x0, 0x0,
    0x0, 0x0, 0xc, 0xe2, 0xa, 0xf4, 0x0, 0x0,
    0x0, 0x0, 0x1, 0xed, 0x7f, 0x70, 0x0, 0x0,
    0x0, 0x0, 0x0, 0x4f, 0xfb, 0x0, 0x0, 0x0,
    0x0, 0x0, 0x1, 0xaf, 0xfe, 0x40, 0x0, 0x0,
    0x0, 0x0, 0x5e, 0xf8, 0x5e, 0xfa, 0x10, 0x0,
    0x3, 0x8e, 0xfd, 0x30, 0x1, 0xaf, 0xfb, 0x60,
    0x1f, 0xfc, 0x50, 0x0, 0x0, 0x3, 0x9f, 0xf5,
    0x4, 0x20, 0x0, 0x0, 0x0, 0x0, 0x0, 0x40,

    /* U+6599 "料" */
    0x0, 0x0, 0x0, 0x0, 0x0, 0x0, 0x0, 0x0,
    0x0, 0xc, 0x90, 0x0, 0x0, 0x0, 0xe8, 0x0,
    0x1d, 0xc, 0x92, 0xe1, 0x57, 0x0, 0xe8, 0x0,
    0xf, 0x3c, 0x95, 0xe0, 0x7f, 0xb0, 0xe8, 0x0,
    0xb, 0x7c, 0x99, 0x90, 0x4, 0xf3, 0xe8, 0x0,
    0x9, 0xac, 0x9d, 0x30, 0x0, 0x20, 0xe8, 0x0,
    0x4, 0x3d, 0xa5, 0x21, 0x40, 0x0, 0xe8, 0x0,
    0x4f, 0xff, 0xff, 0xf7, 0xfa, 0x0, 0xe8, 0x0,
    0x14, 0x9f, 0xd4, 0x40, 0x4e, 0x90, 0xe8, 0x0,
    0x0, 0xcf, 0xf8, 0x0, 0x2, 0x10, 0xe8, 0x0,
    0x3, 0xfd, 0xcf, 0x50, 0x0, 0x14, 0xfd, 0xc5,
    0xc, 0x9c, 0x98, 0xc8, 0xce, 0xff, 0xfd, 0x93,
    0x6f, 0x2c, 0x90, 0x19, 0xa7, 0x41, 0xe8, 0x0,
    0x38, 0xc, 0x90, 0x0, 0x0, 0x0, 0xe8, 0x0,
    0x0, 0xc, 0x90, 0x0, 0x0, 0x0, 0xe8, 0x0,
    0x0, 0xc, 0x90, 0x0, 0x0, 0x0, 0xe8, 0x0,
    0x0, 0x0, 0x0, 0x0, 0x0, 0x0, 0x0, 0x0,

    /* U+65AD "断" */
    0x0, 0x0, 0x0, 0x0, 0x0, 0x0, 0x0, 0x0,
    0x0, 0x1f, 0x20, 0x0, 0x0, 0x2a, 0x90, 0xe6,
    0x41, 0xf2, 0x41, 0x16, 0xcf, 0xfc, 0x1e, 0x6e,
    0x2f, 0x3f, 0x3f, 0xfc, 0x83, 0x0, 0xe6, 0xa6,
    0xf8, 0xc0, 0xf6, 0x0, 0x0, 0xe, 0x65, 0x5f,
    0x84, 0xf, 0x50, 0x0, 0x0, 0xe9, 0xcc, 0xfc,
    0xc5, 0xf7, 0x22, 0x22, 0xe, 0x88, 0xbf, 0xa8,
    0x4f, 0xff, 0xff, 0xf4, 0xe6, 0xc, 0xfe, 0x21,
    0xf8, 0x39, 0xf3, 0x1e, 0x67, 0xef, 0xae, 0x3f,
    0x40, 0x7e, 0x0, 0xeb, 0xf4, 0xf3, 0x73, 0xf3,
    0x7, 0xe0, 0xe, 0x85, 0x1f, 0x20, 0x3f, 0x20,
    0x7e, 0x0, 0xe6, 0x0, 0x81, 0x6, 0xf0, 0x7,
    0xe0, 0xe, 0xa5, 0x55, 0x55, 0x9d, 0x0, 0x7e,
    0x0, 0xef, 0xff, 0xff, 0xee, 0x80, 0x7, 0xe0,
    0x0, 0x0, 0x0, 0x1, 0xd2, 0x0, 0x7e, 0x0,
    0x0, 0x0, 0x0, 0x0, 0x0, 0x0, 0x0, 0x0,

    /* U+65B0 "新" */
    0x0, 0x4, 0x70, 0x0, 0x0, 0x0, 0x3, 0x0,
    0x0, 0x5, 0xf2, 0x0, 0x2, 0x69, 0xdf, 0xa0,
    0x1f, 0xff, 0xff, 0xff, 0x3f, 0xeb, 0x73, 0x0,
    0x5, 0xc6, 0x47, 0xd5, 0x2f, 0x40, 0x0, 0x0,
    0x0, 0xe6, 0x8, 0xe0, 0x2f, 0x40, 0x0, 0x0,
    0x13, 0xba, 0x3d, 0xa3, 0x3f, 0x62, 0x22, 0x20,
    0x5f, 0xff, 0xff, 0xff, 0x7f, 0xff, 0xff, 0xf6,
    0x0, 0x2, 0xf3, 0x0, 0x2f, 0x73, 0xaf, 0x31,
    0x15, 0x56, 0xf7, 0x55, 0x4f, 0x30, 0x8e, 0x0,
    0x3f, 0xff, 0xff, 0xff, 0x5f, 0x20, 0x8e, 0x0,
    0x1, 0x72, 0xf4, 0x70, 0x5f, 0x10, 0x8e, 0x0,
    0x8, 0xc2, 0xf4, 0xd7, 0x8f, 0x0, 0x8e, 0x0,
    0x2f, 0x31, 0xf3, 0x4b, 0xdb, 0x0, 0x8e, 0x0,
    0x2, 0x39, 0xf3, 0x5, 0xf5, 0x0, 0x8e, 0x0,
    0x0, 0x3c, 0x90, 0x2, 0xa0, 0x0, 0x8e, 0x0,

    /* U+65E0 "无" */
    0x0, 0x77, 0x77, 0x77, 0x77, 0x77, 0x77, 0x30,
    0x1, 0xff, 0xff, 0xff, 0xff, 0xff, 0xff, 0x80,
    0x0, 0x0, 0x0, 0xf, 0x90, 0x0, 0x0, 0x0,
    0x0, 0x0, 0x0, 0xf, 0x80, 0x0, 0x0, 0x0,
    0x0, 0x0, 0x0, 0x1f, 0x70, 0x0, 0x0, 0x0,
    0x1f, 0xff, 0xff, 0xff, 0xff, 0xff, 0xff, 0xf6,
    0x8, 0x88, 0x88, 0xcf, 0xee, 0x88, 0x88, 0x83,
    0x0, 0x0, 0x0, 0xcd, 0xbd, 0x0, 0x0, 0x0,
    0x0, 0x0, 0x2, 0xf8, 0xbd, 0x0, 0x0, 0x0,
    0x0, 0x0, 0xb, 0xf1, 0xbd, 0x0, 0x0, 0x0,
    0x0, 0x0, 0x7f, 0x80, 0xbd, 0x0, 0x0, 0xc4,
    0x0, 0x8, 0xfb, 0x0, 0xbd, 0x0, 0x0, 0xf7,
    0x4, 0xdf, 0xb0, 0x0, 0xaf, 0x87, 0x7a, 0xf4,
    0x1e, 0xe6, 0x0, 0x0, 0x3d, 0xff, 0xff, 0xa0,
    0x2, 0x0, 0x0, 0x0, 0x0, 0x0, 0x0, 0x0,

    /* U+65F6 "时" */
    0x0, 0x0, 0x0, 0x0, 0x0, 0xf, 0x80, 0x8,
    0x99, 0x99, 0x20, 0x0, 0x0, 0xf8, 0x0, 0xef,
    0xff, 0xf4, 0x0, 0x0, 0xf, 0x80, 0xe, 0x80,
    0x1f, 0x57, 0x77, 0x77, 0xfb, 0x72, 0xe7, 0x1,
    0xf5, 0xff, 0xff, 0xff, 0xff, 0x5e, 0x70, 0x1f,
    0x50, 0x0, 0x0, 0xf8, 0x0, 0xeb, 0x67, 0xf4,
    0x5, 0x0, 0xf, 0x80, 0xe, 0xfe, 0xef, 0x46,
    0xf5, 0x0, 0xf8, 0x0, 0xe7, 0x1, 0xf4, 0xb,
    0xe1, 0xf, 0x80, 0xe, 0x70, 0x1f, 0x40, 0x1f,
    0xb0, 0xf8, 0x0, 0xe7, 0x1, 0xf4, 0x0, 0x65,
    0xf, 0x80, 0xe, 0xff, 0xff, 0x40, 0x0, 0x0,
    0xf8, 0x0, 0xeb, 0x66, 0x61, 0x0, 0x0, 0xf,
    0x80, 0x9, 0x50, 0x0, 0x0, 0x8, 0x88, 0xf7,
    0x0, 0x0, 0x0, 0x0, 0x0, 0xdf, 0xeb, 0x10,
    0x0, 0x0, 0x0, 0x0, 0x0, 0x0, 0x0, 0x0,

    /* U+662F "是" */
    0x0, 0x7f, 0xff, 0xff, 0xff, 0xff, 0xf6, 0x0,
    0x0, 0x7f, 0x11, 0x11, 0x11, 0x12, 0xf6, 0x0,
    0x0, 0x7f, 0xdd, 0xdd, 0xdd, 0xde, 0xf6, 0x0,
    0x0, 0x7f, 0x22, 0x22, 0x22, 0x23, 0xf6, 0x0,
    0x0, 0x7f, 0xcc, 0xcc, 0xcc, 0xcd, 0xf6, 0x0,
    0x0, 0x24, 0x44, 0x44, 0x44, 0x44, 0x42, 0x0,
    0x6, 0x66, 0x66, 0x66, 0x66, 0x66, 0x66, 0x60,
    0x1f, 0xff, 0xff, 0xff, 0xff, 0xff, 0xff, 0xf1,
    0x0, 0x7, 0x90, 0x9, 0xe0, 0x0, 0x0, 0x0,
    0x0, 0xe, 0xc0, 0x9, 0xfe, 0xee, 0xee, 0x0,
    0x0, 0x4f, 0xf3, 0x9, 0xf6, 0x66, 0x66, 0x0,
    0x0, 0xce, 0xdd, 0x49, 0xe0, 0x0, 0x0, 0x0,
    0x9, 0xf4, 0x2e, 0xff, 0xf7, 0x76, 0x66, 0x72,
    0x3f, 0x70, 0x0, 0x6b, 0xef, 0xff, 0xff, 0xf2,
    0x1, 0x0, 0x0, 0x0, 0x0, 0x0, 0x0, 0x0,

    /* U+66F4 "更" */
    0xf, 0xff, 0xff, 0xff, 0xff, 0xff, 0xff, 0xf0,
    0x5, 0x55, 0x55, 0x5c, 0xf5, 0x55, 0x55, 0x50,
    0x0, 0x12, 0x22, 0x2b, 0xe2, 0x22, 0x22, 0x0,
    0x0, 0x8f, 0xff, 0xff, 0xff, 0xff, 0xff, 0x0,
    0x0, 0x8e, 0x11, 0x1b, 0xe1, 0x11, 0x8f, 0x0,
    0x0, 0x8e, 0x55, 0x5c, 0xf5, 0x55, 0xaf, 0x0,
    0x0, 0x8f, 0xcc, 0xce, 0xfc, 0xcc, 0xef, 0x0,
    0x0, 0x8e, 0x0, 0xb, 0xe0, 0x0, 0x8f, 0x0,
    0x0, 0x8f, 0xff, 0xff, 0xff, 0xff, 0xff, 0x0,
    0x0, 0x2b, 0xa3, 0x4f, 0xa3, 0x33, 0x33, 0x0,
    0x0, 0x7, 0xf8, 0xaf, 0x30, 0x0, 0x0, 0x0,
    0x0, 0x0, 0xaf, 0xfb, 0x20, 0x0, 0x0, 0x0,
    0x5, 0x8d, 0xfd, 0xaf, 0xff, 0xb9, 0x87, 0x73,
    0xd, 0xea, 0x40, 0x1, 0x58, 0xbc, 0xdf, 0xf3,
    0x0, 0x0, 0x0, 0x0, 0x0, 0x0, 0x0, 0x0,

    /* U+6700 "最" */
    0x0, 0x3f, 0xff, 0xff, 0xff, 0xff, 0xf4, 0x0,
    0x0, 0x3f, 0x40, 0x0, 0x0, 0x4, 0xf4, 0x0,
    0x0, 0x3f, 0xfe, 0xee, 0xee, 0xef, 0xf4, 0x0,
    0x0, 0x3f, 0x40, 0x0, 0x0, 0x4, 0xf4, 0x0,
    0x0, 0x3f, 0xff, 0xff, 0xff, 0xff, 0xf4, 0x0,
    0x14, 0x44, 0x44, 0x44, 0x44, 0x44, 0x44, 0x41,
    0x3e, 0xff, 0xee, 0xff, 0xee, 0xee, 0xee, 0xe3,
    0x0, 0xca, 0x22, 0xd9, 0x33, 0x33, 0x34, 0x10,
    0x0, 0xcf, 0xee, 0xf9, 0xcf, 0xff, 0xff, 0xa0,
    0x0, 0xca, 0x11, 0xd9, 0x1e, 0x60, 0x4f, 0x30,
    0x0, 0xcf, 0xff, 0xf9, 0x5, 0xf3, 0xea, 0x0,
    0x0, 0xca, 0x24, 0xec, 0x30, 0xaf, 0xd0, 0x0,
    0x3e, 0xff, 0xed, 0xfd, 0x7a, 0xfc, 0xfd, 0x71,
    0x3, 0x10, 0x0, 0xda, 0x99, 0x20, 0x17, 0xc1,

    /* U+6709 "有" */
    0x0, 0x0, 0x0, 0x61, 0x0, 0x0, 0x0, 0x0,
    0x0, 0x0, 0x4, 0xf6, 0x0, 0x0, 0x0, 0x0,
    0x7, 0x77, 0x7b, 0xf8, 0x77, 0x77, 0x77, 0x70,
    0xf, 0xff, 0xff, 0xff, 0xff, 0xff, 0xff, 0xf1,
    0x0, 0x0, 0x9f, 0x20, 0x0, 0x0, 0x0, 0x0,
    0x0, 0x4, 0xfd, 0x66, 0x66, 0x66, 0x61, 0x0,
    0x0, 0x1e, 0xff, 0xff, 0xff, 0xff, 0xf3, 0x0,
    0x2, 0xdf, 0xf6, 0x0, 0x0, 0x3, 0xf3, 0x0,
    0x2e, 0xf4, 0xff, 0xff, 0xff, 0xff, 0xf3, 0x0,
    0x1c, 0x30, 0xf9, 0x55, 0x55, 0x57, 0xf3, 0x0,
    0x0, 0x0, 0xf7, 0x11, 0x11, 0x14, 0xf3, 0x0,
    0x0, 0x0, 0xff, 0xff, 0xff, 0xff, 0xf3, 0x0,
    0x0, 0x0, 0xf8, 0x33, 0x33, 0x36, 0xf3, 0x0,
    0x0, 0x0, 0xf6, 0x0, 0x5, 0x69, 0xf3, 0x0,
    0x0, 0x0, 0xf6, 0x0, 0x7, 0xff, 0xb0, 0x0,

    /* U+671F "期" */
    0x0, 0xc9, 0x0, 0xd8, 0x0, 0x0, 0x0, 0x0,
    0x0, 0xc9, 0x0, 0xd8, 0xa, 0xff, 0xff, 0xf1,
    0x5, 0xdc, 0x55, 0xeb, 0x4a, 0xd5, 0x59, 0xf1,
    0x1f, 0xff, 0xff, 0xff, 0xaa, 0xc0, 0x6, 0xf1,
    0x0, 0xc9, 0x0, 0xd8, 0xa, 0xc1, 0x17, 0xf1,
    0x0, 0xcf, 0xee, 0xf8, 0xa, 0xff, 0xff, 0xf1,
    0x0, 0xcb, 0x33, 0xe8, 0xa, 0xd3, 0x38, 0xf1,
    0x0, 0xcb, 0x33, 0xe8, 0xb, 0xc0, 0x6, 0xf1,
    0x0, 0xcf, 0xff, 0xf8, 0xc, 0xc3, 0x38, 0xf1,
    0x0, 0xc9, 0x0, 0xd8, 0xc, 0xfe, 0xef, 0xf1,
    0x4f, 0xff, 0xff, 0xff, 0x9e, 0x80, 0x6, 0xf1,
    0x15, 0x79, 0x67, 0x95, 0x4f, 0x60, 0x6, 0xf1,
    0x0, 0xbe, 0x8, 0xf3, 0x4f, 0x30, 0x6, 0xf1,
    0x9, 0xf4, 0x0, 0xcd, 0xbd, 0x3, 0x6b, 0xf0,
    0x1c, 0x60, 0x0, 0x22, 0xa6, 0x3, 0xfe, 0x90,
    0x0, 0x0, 0x0, 0x0, 0x0, 0x0, 0x0, 0x0,

    /* U+672A "未" */
    0x0, 0x0, 0x0, 0xc, 0xc0, 0x0, 0x0, 0x0,
    0x0, 0x0, 0x0, 0xc, 0xc0, 0x0, 0x0, 0x0,
    0x0, 0x0, 0x0, 0xc, 0xc0, 0x0, 0x0, 0x0,
    0x0, 0xef, 0xff, 0xff, 0xff, 0xff, 0xff, 0x0,
    0x0, 0x78, 0x88, 0x8e, 0xe8, 0x88, 0x88, 0x0,
    0x0, 0x0, 0x0, 0xc, 0xc0, 0x0, 0x0, 0x0,
    0x0, 0x0, 0x0, 0xd, 0xc0, 0x0, 0x0, 0x0,
    0x1f, 0xff, 0xff, 0xff, 0xff, 0xff, 0xff, 0xf2,
    0x7, 0x77, 0x77, 0xef, 0xfe, 0x77, 0x77, 0x71,
    0x0, 0x0, 0x8, 0xff, 0xff, 0x70, 0x0, 0x0,
    0x0, 0x0, 0x9f, 0x6c, 0xc6, 0xf8, 0x0, 0x0,
    0x0, 0x2b, 0xf6, 0xc, 0xc0, 0x6f, 0xb1, 0x0,
    0x18, 0xfe, 0x40, 0xc, 0xc0, 0x5, 0xef, 0x80,
    0x2e, 0xa1, 0x0, 0xc, 0xc0, 0x0, 0x1a, 0xe2,
    0x1, 0x0, 0x0, 0xc, 0xc0, 0x0, 0x0, 0x10,

    /* U+672C "本" */
    0x0, 0x0, 0x0, 0xc, 0xc0, 0x0, 0x0, 0x0,
    0x0, 0x0, 0x0, 0xc, 0xc0, 0x0, 0x0, 0x0,
    0x0, 0x0, 0x0, 0xc, 0xc0, 0x0, 0x0, 0x0,
    0x0, 0x0, 0x0, 0xd, 0xc0, 0x0, 0x0, 0x0,
    0xf, 0xff, 0xff, 0xff, 0xff, 0xff, 0xff, 0xf0,
    0x7, 0x77, 0x7d, 0xfe, 0xef, 0xc7, 0x77, 0x70,
    0x0, 0x0, 0x2f, 0x7c, 0xc9, 0xe1, 0x0, 0x0,
    0x0, 0x0, 0xbf, 0x1c, 0xc1, 0xf9, 0x0, 0x0,
    0x0, 0x5, 0xf7, 0xc, 0xc0, 0x8f, 0x40, 0x0,
    0x0, 0x2e, 0xb0, 0xc, 0xc0, 0xc, 0xe2, 0x0,
    0x2, 0xee, 0x20, 0xd, 0xc0, 0x3, 0xfe, 0x30,
    0x3f, 0xe9, 0xff, 0xff, 0xff, 0xff, 0x9e, 0xf3,
    0x9, 0x13, 0x77, 0x7e, 0xe7, 0x77, 0x22, 0x70,
    0x0, 0x0, 0x0, 0xc, 0xc0, 0x0, 0x0, 0x0,
    0x0, 0x0, 0x0, 0xc, 0xc0, 0x0, 0x0, 0x0,

    /* U+673A "机" */
    0x0, 0xa, 0xc0, 0x0, 0x0, 0x0, 0x0, 0x0,
    0x0, 0xa, 0xc0, 0x1, 0xff, 0xff, 0xf6, 0x0,
    0x0, 0xa, 0xc0, 0x1, 0xfa, 0x67, 0xf6, 0x0,
    0x1, 0x1b, 0xc1, 0x11, 0xf5, 0x0, 0xf6, 0x0,
    0x3f, 0xff, 0xff, 0xf1, 0xf5, 0x0, 0xf6, 0x0,
    0x14, 0x5f, 0xd4, 0x41, 0xf5, 0x0, 0xf6, 0x0,
    0x0, 0x5f, 0xd0, 0x1, 0xf5, 0x0, 0xf6, 0x0,
    0x0, 0xbf, 0xfa, 0x2, 0xf4, 0x0, 0xf6, 0x0,
    0x1, 0xfd, 0xde, 0x93, 0xf3, 0x0, 0xf6, 0x0,
    0xa, 0xba, 0xc4, 0xd6, 0xf1, 0x0, 0xf6, 0x0,
    0x4f, 0x4a, 0xc0, 0x18, 0xe0, 0x0, 0xf6, 0x0,
    0x4a, 0xa, 0xc0, 0xe, 0xa0, 0x0, 0xf6, 0x5a,
    0x0, 0xa, 0xc0, 0x4f, 0x40, 0x0, 0xf7, 0x5c,
    0x0, 0xa, 0xc1, 0xeb, 0x0, 0x0, 0xfb, 0xba,
    0x0, 0xa, 0xc2, 0xc1, 0x0, 0x0, 0x9f, 0xe4,

    /* U+6750 "材" */
    0x0, 0x0, 0x0, 0x0, 0x0, 0x0, 0x0, 0x0,
    0x0, 0x8, 0xf0, 0x0, 0x0, 0x0, 0xea, 0x0,
    0x0, 0x8, 0xf0, 0x0, 0x0, 0x0, 0xea, 0x0,
    0x0, 0x8, 0xf0, 0x0, 0x0, 0x0, 0xea, 0x0,
    0x1, 0x19, 0xf1, 0x10, 0x11, 0x11, 0xeb, 0x10,
    0x2f, 0xff, 0xff, 0xf7, 0xff, 0xff, 0xff, 0xf4,
    0x4, 0x5e, 0xf5, 0x42, 0x55, 0x5b, 0xfc, 0x51,
    0x0, 0x3f, 0xfb, 0x0, 0x0, 0x1f, 0xfa, 0x0,
    0x0, 0xaf, 0xfe, 0xa0, 0x0, 0xbe, 0xfa, 0x0,
    0x1, 0xfd, 0xf3, 0xf4, 0x7, 0xf4, 0xea, 0x0,
    0xa, 0xd9, 0xf0, 0x40, 0x5f, 0x80, 0xea, 0x0,
    0x5f, 0x58, 0xf0, 0x5, 0xfb, 0x0, 0xea, 0x0,
    0x4a, 0x8, 0xf0, 0x3f, 0xb0, 0x0, 0xea, 0x0,
    0x0, 0x8, 0xf0, 0x5, 0x0, 0x0, 0xea, 0x0,
    0x0, 0x8, 0xf0, 0x0, 0x3, 0x88, 0xf9, 0x0,
    0x0, 0x8, 0xf0, 0x0, 0x3, 0xff, 0xc3, 0x0,
    0x0, 0x0, 0x0, 0x0, 0x0, 0x0, 0x0, 0x0,

    /* U+67E5 "查" */
    0x0, 0x0, 0x0, 0xc, 0xb0, 0x0, 0x0, 0x0,
    0x0, 0x0, 0x0, 0xc, 0xb0, 0x0, 0x0, 0x0,
    0x5, 0x55, 0x55, 0x5d, 0xd5, 0x55, 0x55, 0x50,
    0x1f, 0xff, 0xff, 0xff, 0xff, 0xff, 0xff, 0xf2,
    0x0, 0x0, 0x4e, 0xbd, 0xcb, 0xd4, 0x0, 0x0,
    0x0, 0x3a, 0xf8, 0xc, 0xb0, 0x9f, 0xb5, 0x0,
    0x3d, 0xfe, 0x61, 0x16, 0x51, 0x15, 0xdf, 0xf3,
    0x9, 0x59, 0xff, 0xff, 0xff, 0xff, 0x83, 0x70,
    0x0, 0x9, 0xf0, 0x0, 0x0, 0x1f, 0x70, 0x0,
    0x0, 0x9, 0xfb, 0xbb, 0xbb, 0xcf, 0x70, 0x0,
    0x0, 0x9, 0xf4, 0x44, 0x44, 0x5f, 0x70, 0x0,
    0x0, 0x9, 0xf7, 0x77, 0x77, 0x8f, 0x70, 0x0,
    0x0, 0x5, 0xaa, 0xaa, 0xaa, 0xaa, 0x50, 0x0,
    0x5, 0x66, 0x66, 0x66, 0x66, 0x66, 0x66, 0x50,
    0xd, 0xff, 0xff, 0xff, 0xff, 0xff, 0xff, 0xe0,

    /* U+6807 "标" */
    0x0, 0xf, 0x80, 0x0, 0x0, 0x0, 0x0, 0x0,
    0x0, 0xf, 0x80, 0x2, 0x66, 0x66, 0x66, 0x40,
    0x0, 0xf, 0x80, 0x5, 0xff, 0xff, 0xff, 0xa0,
    0x2, 0x2f, 0x92, 0x10, 0x0, 0x0, 0x0, 0x0,
    0x4f, 0xff, 0xff, 0x80, 0x0, 0x0, 0x0, 0x0,
    0x14, 0x9f, 0xb4, 0x37, 0x77, 0x77, 0x77, 0x73,
    0x0, 0xbf, 0xf4, 0x1f, 0xff, 0xff, 0xff, 0xf7,
    0x1, 0xff, 0xdf, 0x30, 0x0, 0xcb, 0x0, 0x0,
    0x8, 0xdf, 0x8b, 0x82, 0x50, 0xcb, 0x16, 0x0,
    0x1f, 0x6f, 0x81, 0x9, 0xe0, 0xcb, 0x2f, 0x50,
    0x8d, 0xf, 0x80, 0xe, 0x90, 0xcb, 0xb, 0xc0,
    0x14, 0xf, 0x80, 0x7f, 0x30, 0xcb, 0x5, 0xf1,
    0x0, 0xf, 0x81, 0xfa, 0x0, 0xcb, 0x1, 0xf6,
    0x0, 0xf, 0x80, 0x42, 0x58, 0xeb, 0x0, 0x62,
    0x0, 0xf, 0x80, 0x0, 0x7f, 0xd5, 0x0, 0x0,

    /* U+6821 "校" */
    0x0, 0x0, 0x0, 0x0, 0x0, 0x0, 0x0, 0x0,
    0x0, 0x1f, 0x40, 0x0, 0xb, 0xa0, 0x0, 0x0,
    0x0, 0x1f, 0x40, 0x0, 0x7, 0xf3, 0x0, 0x0,
    0x0, 0x1f, 0x40, 0x45, 0x56, 0xe7, 0x55, 0x50,
    0x3, 0x4f, 0x73, 0xcf, 0xff, 0xff, 0xff, 0xf1,
    0x1f, 0xff, 0xff, 0x23, 0x94, 0x35, 0x93, 0x30,
    0x3, 0x9f, 0x73, 0x6, 0xf4, 0x6, 0xf7, 0x0,
    0x0, 0xbf, 0xc0, 0x3f, 0x80, 0x0, 0x7f, 0x50,
    0x0, 0xff, 0xf6, 0xee, 0x90, 0x3, 0x9c, 0xd0,
    0x6, 0xdf, 0x9e, 0x43, 0xf6, 0xa, 0xe1, 0x10,
    0xd, 0x7f, 0x57, 0x0, 0xbe, 0x3f, 0x80, 0x0,
    0x5f, 0x2f, 0x40, 0x0, 0x2f, 0xfe, 0x0, 0x0,
    0x48, 0x1f, 0x40, 0x0, 0xc, 0xfb, 0x0, 0x0,
    0x0, 0x1f, 0x40, 0x1, 0xcf, 0xbf, 0xc3, 0x0,
    0x0, 0x1f, 0x40, 0x8f, 0xe3, 0x5, 0xff, 0xc1,
    0x0, 0x1f, 0x40, 0xc7, 0x0, 0x0, 0x18, 0xa0,
    0x0, 0x0, 0x0, 0x0, 0x0, 0x0, 0x0, 0x0,

    /* U+6838 "核" */
    0x0, 0x0, 0x0, 0x0, 0x0, 0x0, 0x0, 0x0,
    0x0, 0x1f, 0x50, 0x0, 0x4, 0xe2, 0x0, 0x0,
    0x0, 0x1f, 0x50, 0x0, 0x2, 0xf8, 0x0, 0x0,
    0x0, 0x1f, 0x50, 0x89, 0x99, 0xfe, 0x99, 0x91,
    0x17, 0x8f, 0xa7, 0xdf, 0xff, 0xff, 0xff, 0xf2,
    0x2f, 0xff, 0xff, 0x0, 0x4f, 0x40, 0x0, 0x0,
    0x0, 0x5f, 0x60, 0x0, 0xea, 0x0, 0xb5, 0x0,
    0x0, 0xaf, 0xe1, 0x3c, 0xf8, 0x7b, 0xf2, 0x0,
    0x0, 0xff, 0xe9, 0x7f, 0xed, 0xff, 0x50, 0x0,
    0x6, 0xef, 0x7d, 0x0, 0xa, 0xf6, 0x1d, 0x80,
    0xd, 0x8f, 0x50, 0x4, 0xde, 0x40, 0xaf, 0x30,
    0x6f, 0x3f, 0x50, 0x9f, 0xb1, 0xa, 0xf6, 0x0,
    0x17, 0x1f, 0x50, 0x24, 0x1, 0xbf, 0xb0, 0x0,
    0x0, 0x1f, 0x50, 0x0, 0x7f, 0xd9, 0xfa, 0x0,
    0x0, 0x1f, 0x52, 0x9f, 0xf8, 0x0, 0x5f, 0xc1,
    0x0, 0x1f, 0x52, 0xd7, 0x10, 0x0, 0x4, 0x80,
    0x0, 0x0, 0x0, 0x0, 0x0, 0x0, 0x0, 0x0,

    /* U+68C0 "检" */
    0x0, 0x0, 0x0, 0x0, 0x0, 0x0, 0x0, 0x0,
    0x0, 0x4f, 0x10, 0x0, 0x7, 0xd0, 0x0, 0x0,
    0x0, 0x4f, 0x10, 0x0, 0x1e, 0xf4, 0x0, 0x0,
    0x0, 0x4f, 0x10, 0x0, 0xbf, 0xff, 0x20, 0x0,
    0x29, 0xbf, 0xa5, 0x7, 0xf8, 0x3f, 0xe2, 0x0,
    0x4f, 0xff, 0xf9, 0x6f, 0xa0, 0x3, 0xfe, 0x40,
    0x0, 0x9f, 0x18, 0xfe, 0x65, 0x55, 0x9e, 0xf5,
    0x0, 0xdf, 0xab, 0x98, 0xee, 0xee, 0xe1, 0xb1,
    0x2, 0xff, 0xf5, 0x0, 0x0, 0x0, 0x0, 0x0,
    0x8, 0xff, 0x7a, 0x57, 0x8, 0xb0, 0xd, 0x70,
    0x1e, 0x9f, 0x11, 0x5e, 0x4, 0xe0, 0x4f, 0x10,
    0x6e, 0x5f, 0x10, 0x1f, 0x32, 0xf1, 0xaa, 0x0,
    0x4, 0x4f, 0x10, 0xd, 0x50, 0x84, 0xf2, 0x0,
    0x0, 0x4f, 0x10, 0x0, 0x0, 0xa, 0x90, 0x0,
    0x0, 0x4f, 0x17, 0xee, 0xee, 0xef, 0xfe, 0xe0,
    0x0, 0x4f, 0x13, 0x66, 0x66, 0x66, 0x66, 0x60,

    /* U+6B21 "次" */
    0x0, 0x0, 0x0, 0x7, 0x40, 0x0, 0x0, 0x0,
    0x3, 0x10, 0x0, 0x2f, 0x80, 0x0, 0x0, 0x0,
    0xe, 0xf6, 0x0, 0x7f, 0x40, 0x0, 0x0, 0x0,
    0x1, 0xbf, 0x90, 0xbf, 0xff, 0xff, 0xff, 0xb0,
    0x0, 0x8, 0x31, 0xfc, 0x88, 0x88, 0x8f, 0xc0,
    0x0, 0x0, 0x8, 0xf3, 0xc, 0x70, 0x2f, 0x60,
    0x0, 0x0, 0x3f, 0xc0, 0x1f, 0x90, 0x8f, 0x10,
    0x0, 0x0, 0x2a, 0x20, 0x2f, 0xa0, 0x99, 0x0,
    0x0, 0x9, 0xa0, 0x0, 0x5f, 0xe0, 0x0, 0x0,
    0x0, 0x4f, 0x80, 0x0, 0xaf, 0xf4, 0x0, 0x0,
    0x0, 0xde, 0x0, 0x1, 0xfc, 0xcc, 0x0, 0x0,
    0x9, 0xf5, 0x0, 0xb, 0xf5, 0x3f, 0x60, 0x0,
    0x3f, 0xb0, 0x0, 0xaf, 0x90, 0xa, 0xf5, 0x0,
    0x5, 0x20, 0x3c, 0xfa, 0x0, 0x1, 0xdf, 0xb2,
    0x0, 0x0, 0xcf, 0x70, 0x0, 0x0, 0x19, 0xe1,
    0x0, 0x0, 0x1, 0x0, 0x0, 0x0, 0x0, 0x0,

    /* U+6B62 "止" */
    0x0, 0x0, 0x0, 0x3, 0xf5, 0x0, 0x0, 0x0,
    0x0, 0x0, 0x0, 0x3, 0xf5, 0x0, 0x0, 0x0,
    0x0, 0x0, 0x0, 0x3, 0xf5, 0x0, 0x0, 0x0,
    0x0, 0x1, 0x0, 0x3, 0xf5, 0x0, 0x0, 0x0,
    0x0, 0x4f, 0x40, 0x3, 0xf5, 0x0, 0x0, 0x0,
    0x0, 0x4f, 0x40, 0x3, 0xfa, 0x77, 0x77, 0x30,
    0x0, 0x4f, 0x40, 0x3, 0xff, 0xff, 0xff, 0x70,
    0x0, 0x4f, 0x40, 0x3, 0xf6, 0x0, 0x0, 0x0,
    0x0, 0x4f, 0x40, 0x3, 0xf5, 0x0, 0x0, 0x0,
    0x0, 0x4f, 0x40, 0x3, 0xf5, 0x0, 0x0, 0x0,
    0x0, 0x4f, 0x40, 0x3, 0xf5, 0x0, 0x0, 0x0,
    0x0, 0x4f, 0x40, 0x3, 0xf5, 0x0, 0x0, 0x0,
    0x0, 0x4f, 0x40, 0x3, 0xf5, 0x0, 0x0, 0x0,
    0x6f, 0xff, 0xff, 0xff, 0xff, 0xff, 0xff, 0xf1,
    0x38, 0x88, 0x88, 0x88, 0x88, 0x88, 0x88, 0x80,

    /* U+6B65 "步" */
    0x0, 0x0, 0x0, 0x8, 0xf1, 0x0, 0x0, 0x0,
    0x0, 0x7, 0x60, 0x8, 0xf1, 0x0, 0x0, 0x0,
    0x0, 0xc, 0xb0, 0x8, 0xff, 0xff, 0xfb, 0x0,
    0x0, 0xc, 0xb0, 0x8, 0xf7, 0x66, 0x65, 0x0,
    0x0, 0xc, 0xb0, 0x8, 0xf1, 0x0, 0x0, 0x0,
    0x1f, 0xff, 0xff, 0xff, 0xff, 0xff, 0xff, 0xf1,
    0x7, 0x77, 0x77, 0x7d, 0xf7, 0x77, 0x77, 0x70,
    0x0, 0x0, 0xb7, 0xb, 0xe0, 0x0, 0x85, 0x0,
    0x0, 0xa, 0xf3, 0xb, 0xe0, 0x5, 0xf8, 0x0,
    0x0, 0xaf, 0x70, 0xb, 0xe0, 0x3e, 0xc0, 0x0,
    0x7, 0xf7, 0x0, 0xb, 0xe5, 0xfe, 0x20, 0x0,
    0x0, 0x30, 0x0, 0x7, 0xff, 0xc1, 0x0, 0x0,
    0x0, 0x0, 0x16, 0xcf, 0xf8, 0x0, 0x0, 0x0,
    0x8, 0xbe, 0xff, 0xd7, 0x10, 0x0, 0x0, 0x0,
    0xc, 0xea, 0x73, 0x0, 0x0, 0x0, 0x0, 0x0,
    0x0, 0x0, 0x0, 0x0, 0x0, 0x0, 0x0, 0x0,

    /* U+6CD5 "法" */
    0x0, 0x92, 0x0, 0x0, 0x8, 0xf0, 0x0, 0x0,
    0x3, 0xff, 0x80, 0x0, 0x8, 0xf0, 0x0, 0x0,
    0x0, 0x1b, 0xf2, 0x0, 0x8, 0xf0, 0x0, 0x0,
    0x0, 0x0, 0x40, 0xdf, 0xff, 0xff, 0xff, 0x60,
    0x0, 0x0, 0x0, 0x67, 0x7c, 0xf7, 0x77, 0x30,
    0x1d, 0x91, 0x0, 0x0, 0x8, 0xf0, 0x0, 0x0,
    0x7, 0xef, 0x30, 0x0, 0x8, 0xf0, 0x0, 0x0,
    0x0, 0x18, 0x8, 0xff, 0xff, 0xff, 0xff, 0xf0,
    0x0, 0x0, 0x4, 0x77, 0xaf, 0xb7, 0x77, 0x70,
    0x0, 0x2, 0xc1, 0x0, 0xbf, 0x10, 0x0, 0x0,
    0x0, 0xa, 0xf1, 0x3, 0xf8, 0x6, 0xb0, 0x0,
    0x0, 0x3f, 0x70, 0xc, 0xd0, 0x2, 0xf7, 0x0,
    0x0, 0xde, 0x0, 0x7f, 0x53, 0x46, 0xdf, 0x20,
    0x7, 0xf5, 0x1, 0xff, 0xff, 0xff, 0xde, 0xa0,
    0x4, 0xb0, 0x0, 0x97, 0x53, 0x10, 0x7, 0xe0,
    0x0, 0x0, 0x0, 0x0, 0x0, 0x0, 0x0, 0x0,

    /* U+6D4B "测" */
    0x0, 0x0, 0x0, 0x0, 0x0, 0x0, 0x0, 0x0,
    0x5, 0xc1, 0x0, 0x0, 0x0, 0x0, 0x0, 0xf2,
    0x5, 0xfe, 0x4f, 0xff, 0xff, 0x40, 0x0, 0xf2,
    0x0, 0x2d, 0x6f, 0x31, 0x1e, 0x43, 0xe0, 0xf2,
    0x0, 0x0, 0xf, 0x1c, 0xe, 0x43, 0xe0, 0xf2,
    0x2, 0x0, 0xf, 0x1f, 0xe, 0x43, 0xe0, 0xf2,
    0x3f, 0xb2, 0xf, 0x1f, 0xe, 0x43, 0xe0, 0xf2,
    0x6, 0xfd, 0x1f, 0x1f, 0xe, 0x43, 0xe0, 0xf2,
    0x0, 0x23, 0xf, 0x1f, 0xe, 0x43, 0xe0, 0xf2,
    0x0, 0x0, 0xf, 0x1f, 0xe, 0x43, 0xe0, 0xf2,
    0x0, 0x38, 0x1f, 0x1f, 0xe, 0x43, 0xe0, 0xf2,
    0x0, 0x9f, 0x1f, 0x3f, 0xe, 0x43, 0xe0, 0xf2,
    0x0, 0xf9, 0x9, 0x6b, 0x8, 0x22, 0x90, 0xf2,
    0x6, 0xf3, 0x0, 0xd8, 0xc2, 0x0, 0x0, 0xf2,
    0xd, 0xc0, 0x2c, 0xb0, 0x7e, 0x20, 0x35, 0xf2,
    0x7, 0x50, 0x89, 0x0, 0xa, 0x60, 0xef, 0xb0,
    0x0, 0x0, 0x0, 0x0, 0x0, 0x0, 0x0, 0x0,

    /* U+6D88 "消" */
    0x2, 0x91, 0x0, 0x30, 0x7, 0xf1, 0x2, 0x20,
    0x5, 0xfe, 0x33, 0xf6, 0x7, 0xf1, 0xb, 0xe0,
    0x0, 0x3e, 0xc0, 0xbe, 0x7, 0xf1, 0x2f, 0x70,
    0x0, 0x1, 0x20, 0x4f, 0x47, 0xf1, 0xae, 0x0,
    0x0, 0x0, 0x0, 0x4, 0x7, 0xf1, 0x3, 0x0,
    0x2e, 0x80, 0x0, 0xff, 0xff, 0xff, 0xff, 0x70,
    0x8, 0xfd, 0x10, 0xfb, 0x66, 0x66, 0x6f, 0x80,
    0x0, 0x39, 0x0, 0xf8, 0x11, 0x11, 0x1f, 0x80,
    0x0, 0x0, 0x0, 0xff, 0xff, 0xff, 0xff, 0x80,
    0x0, 0x6, 0x40, 0xf9, 0x33, 0x33, 0x3f, 0x80,
    0x0, 0xe, 0x90, 0xfa, 0x44, 0x44, 0x4f, 0x80,
    0x0, 0x8f, 0x10, 0xff, 0xff, 0xff, 0xff, 0x80,
    0x2, 0xf9, 0x0, 0xf8, 0x0, 0x0, 0xf, 0x80,
    0xb, 0xf1, 0x0, 0xf8, 0x0, 0x17, 0x7f, 0x70,
    0x4, 0x70, 0x0, 0xf8, 0x0, 0xe, 0xec, 0x20,

    /* U+6E05 "清" */
    0x2, 0x20, 0x0, 0x0, 0x1f, 0x50, 0x0, 0x0,
    0xb, 0xf5, 0x2, 0x22, 0x3f, 0x72, 0x22, 0x10,
    0x1, 0xcf, 0x5f, 0xff, 0xff, 0xff, 0xff, 0x60,
    0x0, 0x8, 0x1, 0x22, 0x3f, 0x72, 0x22, 0x0,
    0x0, 0x0, 0x9, 0xee, 0xef, 0xfe, 0xee, 0x0,
    0x2a, 0x10, 0x12, 0x22, 0x4f, 0x72, 0x22, 0x20,
    0x4e, 0xf6, 0xaf, 0xff, 0xff, 0xff, 0xff, 0xf1,
    0x1, 0xb6, 0x1, 0x33, 0x33, 0x33, 0x32, 0x0,
    0x0, 0x0, 0x6, 0xfe, 0xee, 0xee, 0xfb, 0x0,
    0x0, 0x7, 0x6, 0xf1, 0x11, 0x11, 0xbb, 0x0,
    0x0, 0x6f, 0x46, 0xff, 0xff, 0xff, 0xfb, 0x0,
    0x0, 0xdc, 0x6, 0xf2, 0x22, 0x22, 0xbb, 0x0,
    0x6, 0xf4, 0x6, 0xff, 0xff, 0xff, 0xfb, 0x0,
    0xe, 0xc0, 0x6, 0xf0, 0x0, 0x34, 0xcb, 0x0,
    0x5, 0x40, 0x6, 0xf0, 0x0, 0x6f, 0xd5, 0x0,

    /* U+7248 "版" */
    0x0, 0x0, 0x7e, 0x0, 0x1, 0x23, 0x57, 0x70,
    0x5, 0xf0, 0x7e, 0x3, 0xff, 0xff, 0xfe, 0xa1,
    0x5, 0xf0, 0x7e, 0x3, 0xf8, 0x43, 0x10, 0x0,
    0x5, 0xf0, 0x7e, 0x3, 0xf3, 0x0, 0x0, 0x0,
    0x5, 0xf3, 0x9f, 0x34, 0xf3, 0x0, 0x0, 0x0,
    0x5, 0xff, 0xff, 0xf6, 0xff, 0xff, 0xff, 0xe0,
    0x5, 0xf3, 0x22, 0x24, 0xfe, 0xc6, 0x6b, 0xd0,
    0x5, 0xf0, 0x0, 0x4, 0xf9, 0xd0, 0xc, 0x90,
    0x6, 0xff, 0xff, 0x45, 0xf3, 0xf2, 0x1f, 0x50,
    0x7, 0xf6, 0x7f, 0x46, 0xf1, 0xc9, 0x8e, 0x0,
    0x8, 0xd0, 0x1f, 0x47, 0xf0, 0x4f, 0xf7, 0x0,
    0xa, 0xb0, 0x1f, 0x4a, 0xe0, 0xe, 0xf1, 0x0,
    0xd, 0x80, 0x1f, 0x4d, 0xa0, 0xaf, 0xfa, 0x0,
    0x3f, 0x30, 0x1f, 0x8f, 0x8d, 0xf6, 0x6f, 0xc2,
    0x2b, 0x0, 0x1f, 0x8d, 0x3d, 0x40, 0x5, 0xd1,
    0x0, 0x0, 0x0, 0x0, 0x0, 0x0, 0x0, 0x0,

    /* U+724C "牌" */
    0x0, 0x0, 0x0, 0x0, 0x0, 0x0, 0x0, 0x0,
    0x0, 0x0, 0x6e, 0x0, 0x0, 0xc7, 0x0, 0x0,
    0x4, 0xf0, 0x6e, 0x0, 0x2, 0xf8, 0x0, 0x0,
    0x4, 0xf0, 0x6e, 0xe, 0xff, 0xff, 0xff, 0xf2,
    0x4, 0xf0, 0x6e, 0xe, 0x82, 0x9d, 0x26, 0xf2,
    0x4, 0xf3, 0x8e, 0x2e, 0xa6, 0xbe, 0x68, 0xf2,
    0x4, 0xff, 0xff, 0xee, 0xca, 0xde, 0xac, 0xf2,
    0x4, 0xf2, 0x11, 0x1e, 0x60, 0xaa, 0x3, 0xf2,
    0x4, 0xf0, 0x0, 0xe, 0xff, 0xff, 0xff, 0xf2,
    0x4, 0xff, 0xff, 0x41, 0x2e, 0xc3, 0xc3, 0x10,
    0x5, 0xf5, 0x5f, 0x46, 0xed, 0x12, 0xf3, 0x0,
    0x6, 0xd0, 0xf, 0x59, 0xb3, 0x35, 0xf6, 0x31,
    0x9, 0xc0, 0xf, 0x9f, 0xff, 0xff, 0xff, 0xf9,
    0xb, 0x90, 0xf, 0x41, 0x11, 0x14, 0xf4, 0x10,
    0xf, 0x50, 0xf, 0x40, 0x0, 0x2, 0xf3, 0x0,
    0x2d, 0x10, 0xf, 0x40, 0x0, 0x2, 0xf3, 0x0,
    0x0, 0x0, 0x0, 0x0, 0x0, 0x0, 0x0, 0x0,

    /* U+7269 "物" */
    0x0, 0x7, 0xe0, 0x0, 0x99, 0x0, 0x0, 0x0,
    0x7, 0x87, 0xe0, 0x0, 0xe9, 0x0, 0x0, 0x0,
    0xb, 0xa7, 0xe0, 0x3, 0xf5, 0x0, 0x0, 0x0,
    0xc, 0xaa, 0xf4, 0x28, 0xff, 0xff, 0xff, 0xf6,
    0xf, 0xff, 0xff, 0x7e, 0xca, 0xf8, 0xfc, 0xf5,
    0x3f, 0x38, 0xe2, 0x9f, 0x29, 0xb1, 0xf5, 0xf4,
    0x6c, 0x7, 0xe1, 0xf8, 0x1f, 0x46, 0xf3, 0xf3,
    0x1, 0x7, 0xe1, 0x60, 0x7e, 0xb, 0xa4, 0xf2,
    0x0, 0x4b, 0xff, 0xb1, 0xe7, 0x2f, 0x45, 0xf1,
    0x4f, 0xff, 0xf4, 0xb, 0xd0, 0x8e, 0x6, 0xf0,
    0x17, 0x27, 0xe0, 0xaf, 0x31, 0xf7, 0x8, 0xe0,
    0x0, 0x7, 0xe0, 0x13, 0xb, 0xe0, 0xa, 0xd0,
    0x0, 0x7, 0xe0, 0x0, 0x7f, 0x50, 0xe, 0xa0,
    0x0, 0x7, 0xe0, 0x8, 0xf8, 0x27, 0x9f, 0x60,
    0x0, 0x7, 0xe0, 0x4, 0x80, 0x1f, 0xfa, 0x0,
    0x0, 0x0, 0x0, 0x0, 0x0, 0x0, 0x0, 0x0,

    /* U+7387 "率" */
    0x0, 0x0, 0x0, 0x6, 0x40, 0x0, 0x0, 0x0,
    0x1, 0x22, 0x22, 0x2d, 0xe2, 0x22, 0x22, 0x20,
    0xd, 0xff, 0xff, 0xff, 0xff, 0xff, 0xff, 0xf1,
    0x3, 0x53, 0x33, 0x9f, 0x56, 0x53, 0x45, 0x30,
    0x6, 0xf7, 0x3, 0xf7, 0x2d, 0xb0, 0x9f, 0x20,
    0x0, 0x6f, 0x6c, 0xff, 0xfc, 0xa, 0xe3, 0x0,
    0x0, 0x2, 0x32, 0x3d, 0xb7, 0x13, 0x20, 0x0,
    0x1, 0x6d, 0xd4, 0xeb, 0x4d, 0xcd, 0xe6, 0x0,
    0xe, 0xe6, 0x2f, 0xfe, 0xdb, 0xe7, 0x8f, 0xa0,
    0x3, 0x0, 0x2, 0xa, 0xa0, 0x41, 0x4, 0x20,
    0x4, 0x44, 0x44, 0x4d, 0xd4, 0x44, 0x44, 0x41,
    0x3f, 0xff, 0xff, 0xff, 0xff, 0xff, 0xff, 0xf3,
    0x2, 0x22, 0x22, 0x2d, 0xd2, 0x22, 0x22, 0x20,
    0x0, 0x0, 0x0, 0xc, 0xc0, 0x0, 0x0, 0x0,
    0x0, 0x0, 0x0, 0xc, 0xc0, 0x0, 0x0, 0x0,

    /* U+73B0 "现" */
    0x3f, 0xff, 0xff, 0x5f, 0xff, 0xff, 0xff, 0x60,
    0x16, 0x7f, 0x96, 0x3f, 0x84, 0x44, 0x5f, 0x60,
    0x0, 0x2f, 0x40, 0x1f, 0x40, 0x20, 0x1f, 0x60,
    0x0, 0x2f, 0x40, 0x1f, 0x42, 0xf3, 0x1f, 0x60,
    0x0, 0x2f, 0x40, 0x1f, 0x42, 0xf3, 0x1f, 0x60,
    0xf, 0xff, 0xfd, 0x1f, 0x42, 0xf3, 0x1f, 0x60,
    0x6, 0x8f, 0x96, 0x1f, 0x43, 0xf2, 0x1f, 0x60,
    0x0, 0x2f, 0x40, 0x1f, 0x44, 0xf0, 0x1f, 0x60,
    0x0, 0x2f, 0x40, 0x18, 0x29, 0xf5, 0x8, 0x30,
    0x0, 0x2f, 0x54, 0x20, 0xe, 0xfe, 0x0, 0x0,
    0x1, 0x7f, 0xff, 0x60, 0x8f, 0x9e, 0x0, 0x83,
    0x5f, 0xfe, 0x94, 0x4, 0xf8, 0x7e, 0x0, 0xc6,
    0x28, 0x30, 0x0, 0x6f, 0xa0, 0x7f, 0x22, 0xe4,
    0x0, 0x0, 0x6, 0xf9, 0x0, 0x3e, 0xff, 0xc0,
    0x0, 0x0, 0x0, 0x30, 0x0, 0x0, 0x0, 0x0,

    /* U+751F "生" */
    0x0, 0x5, 0x70, 0xb, 0xc0, 0x0, 0x0, 0x0,
    0x0, 0xd, 0xe0, 0xb, 0xc0, 0x0, 0x0, 0x0,
    0x0, 0x2f, 0xa0, 0xb, 0xc0, 0x0, 0x0, 0x0,
    0x0, 0x8f, 0xb7, 0x7d, 0xe7, 0x77, 0x77, 0x30,
    0x0, 0xef, 0xff, 0xff, 0xff, 0xff, 0xff, 0x60,
    0x9, 0xf4, 0x0, 0xb, 0xc0, 0x0, 0x0, 0x0,
    0x1e, 0xa0, 0x0, 0xb, 0xc0, 0x0, 0x0, 0x0,
    0x1, 0x10, 0x0, 0xb, 0xc0, 0x0, 0x0, 0x0,
    0x0, 0x5f, 0xff, 0xff, 0xff, 0xff, 0xfc, 0x0,
    0x0, 0x27, 0x77, 0x7d, 0xe7, 0x77, 0x76, 0x0,
    0x0, 0x0, 0x0, 0xb, 0xc0, 0x0, 0x0, 0x0,
    0x0, 0x0, 0x0, 0xb, 0xc0, 0x0, 0x0, 0x0,
    0x0, 0x0, 0x0, 0xb, 0xc0, 0x0, 0x0, 0x0,
    0x18, 0x88, 0x88, 0x8e, 0xe8, 0x88, 0x88, 0x81,
    0x2f, 0xff, 0xff, 0xff, 0xff, 0xff, 0xff, 0xf3,

    /* U+7528 "用" */
    0x0, 0x36, 0x66, 0x66, 0x66, 0x66, 0x66, 0x20,
    0x9, 0xff, 0xff, 0xff, 0xff, 0xff, 0xf6, 0x0,
    0x9e, 0x0, 0x9, 0xe0, 0x0, 0x1f, 0x60, 0x9,
    0xe0, 0x0, 0x9e, 0x0, 0x1, 0xf6, 0x0, 0x9f,
    0x77, 0x7c, 0xf7, 0x77, 0x8f, 0x60, 0x9, 0xfe,
    0xee, 0xff, 0xee, 0xef, 0xf6, 0x0, 0x9e, 0x0,
    0x9, 0xe0, 0x0, 0x1f, 0x60, 0xa, 0xe0, 0x0,
    0x9e, 0x0, 0x1, 0xf6, 0x0, 0xcf, 0xff, 0xff,
    0xff, 0xff, 0xff, 0x60, 0xd, 0xd7, 0x77, 0xcf,
    0x77, 0x78, 0xf6, 0x1, 0xf7, 0x0, 0x9, 0xe0,
    0x0, 0x1f, 0x60, 0x6f, 0x20, 0x0, 0x9e, 0x0,
    0x1, 0xf6, 0x1e, 0xc0, 0x0, 0x9, 0xe0, 0x55,
    0x7f, 0x63, 0xe2, 0x0, 0x0, 0x9e, 0xa, 0xff,
    0xc1, 0x0, 0x0, 0x0, 0x0, 0x0, 0x0, 0x0,
    0x0,

    /* U+7535 "电" */
    0x0, 0x0, 0x0, 0xea, 0x0, 0x0, 0x0, 0x0,
    0x0, 0x0, 0xe, 0xa0, 0x0, 0x0, 0x0, 0x2,
    0x22, 0x22, 0xeb, 0x22, 0x22, 0x20, 0x1, 0xff,
    0xff, 0xff, 0xff, 0xff, 0xfe, 0x0, 0x1f, 0xa4,
    0x44, 0xfc, 0x44, 0x4b, 0xe0, 0x1, 0xf7, 0x0,
    0xe, 0xa0, 0x0, 0x9e, 0x0, 0x1f, 0xff, 0xff,
    0xff, 0xff, 0xff, 0xe0, 0x1, 0xfb, 0x77, 0x7f,
    0xd7, 0x77, 0xce, 0x0, 0x1f, 0x70, 0x0, 0xea,
    0x0, 0x9, 0xe0, 0x1, 0xfa, 0x66, 0x6f, 0xc6,
    0x66, 0xce, 0x0, 0x1f, 0xff, 0xff, 0xff, 0xff,
    0xff, 0xe0, 0x1, 0xf8, 0x11, 0x1e, 0xb1, 0x11,
    0x12, 0xa2, 0x0, 0x0, 0x0, 0xeb, 0x0, 0x0,
    0x3f, 0x50, 0x0, 0x0, 0xc, 0xf8, 0x88, 0x8c,
    0xf2, 0x0, 0x0, 0x0, 0x4d, 0xff, 0xff, 0xe7,
    0x0,

    /* U+753B "画" */
    0x9f, 0xff, 0xff, 0xff, 0xff, 0xff, 0xff, 0x36,
    0x66, 0x66, 0x66, 0x66, 0x66, 0x66, 0x0, 0x0,
    0x0, 0x0, 0x0, 0x0, 0x0, 0x0, 0x3, 0x44,
    0x44, 0x44, 0x40, 0x0, 0x6b, 0xb, 0xff, 0xff,
    0xff, 0xe0, 0xaa, 0x8f, 0xb, 0x80, 0x9b, 0x6,
    0xe0, 0xcb, 0x8f, 0xb, 0xa4, 0xbc, 0x49, 0xe0,
    0xcb, 0x8f, 0xb, 0xfe, 0xff, 0xef, 0xe0, 0xcb,
    0x8f, 0xb, 0x80, 0x9b, 0x6, 0xe0, 0xcb, 0x8f,
    0xb, 0xa4, 0xbc, 0x49, 0xe0, 0xcb, 0x8f, 0xa,
    0xff, 0xff, 0xff, 0xd0, 0xcb, 0x8f, 0x0, 0x0,
    0x0, 0x0, 0x0, 0xcb, 0x8f, 0xff, 0xff, 0xff,
    0xff, 0xff, 0xfb, 0x37, 0x77, 0x77, 0x77, 0x77,
    0x77, 0xeb,

    /* U+7559 "留" */
    0x0, 0x3, 0x8a, 0x0, 0x0, 0x0, 0x0, 0x1a,
    0xef, 0xd8, 0x1f, 0xff, 0xff, 0xfc, 0x3f, 0x71,
    0x0, 0x5, 0x7f, 0x65, 0xdb, 0x3f, 0x40, 0xb4,
    0x0, 0x6f, 0x0, 0xca, 0x3f, 0x40, 0xbd, 0x0,
    0xac, 0x0, 0xd9, 0x4f, 0x77, 0xdf, 0x42, 0xf6,
    0x0, 0xf8, 0xaf, 0xff, 0xcd, 0xce, 0xc0, 0x89,
    0xf5, 0x5b, 0x50, 0x3, 0xac, 0x20, 0xce, 0xa0,
    0x1, 0x44, 0x44, 0x54, 0x44, 0x44, 0x20, 0x5,
    0xff, 0xff, 0xff, 0xff, 0xff, 0x80, 0x5, 0xf3,
    0x0, 0x8e, 0x0, 0xf, 0x80, 0x5, 0xff, 0xff,
    0xff, 0xff, 0xff, 0x80, 0x5, 0xf5, 0x22, 0x9e,
    0x22, 0x3f, 0x80, 0x5, 0xf6, 0x44, 0xaf, 0x44,
    0x4f, 0x80, 0x5, 0xff, 0xff, 0xff, 0xff, 0xfe,
    0x80,

    /* U+767B "登" */
    0x0, 0x0, 0x0, 0x0, 0x43, 0x0, 0x30, 0x0,
    0x6, 0xff, 0xff, 0xf7, 0xbd, 0x1b, 0xe1, 0x0,
    0x1, 0x53, 0x3a, 0xf3, 0x3f, 0xec, 0x13, 0x30,
    0x3, 0xf7, 0x3f, 0x90, 0x8, 0xf4, 0x4f, 0xa0,
    0x0, 0x5f, 0xff, 0x54, 0x44, 0xef, 0xf6, 0x0,
    0x0, 0x4e, 0xdd, 0xff, 0xff, 0xec, 0xf9, 0x10,
    0x2a, 0xfb, 0x0, 0x0, 0x0, 0x0, 0xaf, 0xe4,
    0x3d, 0x5b, 0xee, 0xee, 0xee, 0xee, 0x84, 0xb1,
    0x0, 0xb, 0xd4, 0x44, 0x44, 0x4f, 0x90, 0x0,
    0x0, 0xb, 0xc0, 0x0, 0x0, 0xf, 0x90, 0x0,
    0x0, 0xb, 0xff, 0xff, 0xff, 0xff, 0x90, 0x0,
    0x0, 0x3, 0x7d, 0x44, 0x44, 0xc8, 0x20, 0x0,
    0x0, 0x0, 0x5f, 0x40, 0x4, 0xf4, 0x0, 0x0,
    0x4, 0x44, 0x4f, 0x94, 0x4b, 0xe4, 0x44, 0x40,
    0xf, 0xff, 0xff, 0xff, 0xff, 0xff, 0xff, 0xf1,

    /* U+7684 "的" */
    0x0, 0x46, 0x0, 0x0, 0x63, 0x0, 0x0, 0x0,
    0xcd, 0x0, 0x0, 0xf8, 0x0, 0x0, 0x0, 0xf7,
    0x0, 0x5, 0xf4, 0x0, 0x0, 0xef, 0xff, 0xfe,
    0xa, 0xff, 0xff, 0xfb, 0xea, 0x66, 0xae, 0x2f,
    0x95, 0x55, 0xdb, 0xe7, 0x0, 0x7e, 0xbf, 0x10,
    0x0, 0xba, 0xe7, 0x0, 0x7f, 0xc8, 0x0, 0x0,
    0xca, 0xea, 0x55, 0xae, 0x3, 0xf3, 0x0, 0xd9,
    0xef, 0xff, 0xfe, 0x0, 0xcd, 0x0, 0xd8, 0xe7,
    0x0, 0x7e, 0x0, 0x2f, 0x80, 0xe7, 0xe7, 0x0,
    0x7e, 0x0, 0x9, 0xd0, 0xf6, 0xe7, 0x0, 0x7e,
    0x0, 0x0, 0x1, 0xf5, 0xeb, 0x77, 0xbe, 0x0,
    0x0, 0x4, 0xf3, 0xef, 0xee, 0xed, 0x0, 0x12,
    0x3a, 0xf0, 0xe7, 0x0, 0x0, 0x0, 0x6f, 0xff,
    0x70, 0x0, 0x0, 0x0, 0x0, 0x3, 0x31, 0x0,

    /* U+76AE "皮" */
    0x0, 0x0, 0x0, 0x7, 0xf1, 0x0, 0x0, 0x0,
    0x0, 0x0, 0x0, 0x7, 0xf1, 0x0, 0x0, 0x0,
    0x0, 0x56, 0x66, 0x6a, 0xf7, 0x66, 0x66, 0x30,
    0x0, 0xdf, 0xff, 0xff, 0xff, 0xff, 0xff, 0x80,
    0x0, 0xdb, 0x0, 0x7, 0xf1, 0x0, 0x8f, 0x20,
    0x0, 0xda, 0x0, 0x7, 0xf1, 0x0, 0xdb, 0x0,
    0x0, 0xdc, 0x33, 0x39, 0xf4, 0x33, 0x52, 0x0,
    0x0, 0xef, 0xff, 0xff, 0xff, 0xff, 0xf8, 0x0,
    0x0, 0xfa, 0x2e, 0xb2, 0x22, 0x2a, 0xf2, 0x0,
    0x1, 0xf7, 0x7, 0xf3, 0x0, 0x3f, 0x90, 0x0,
    0x2, 0xf4, 0x0, 0xde, 0x22, 0xed, 0x10, 0x0,
    0x6, 0xf2, 0x0, 0x1e, 0xee, 0xe2, 0x0, 0x0,
    0xb, 0xe0, 0x0, 0x3b, 0xff, 0xb2, 0x0, 0x0,
    0x3f, 0x83, 0x7c, 0xff, 0x89, 0xff, 0xb7, 0x30,
    0x5e, 0x1a, 0xfd, 0x71, 0x0, 0x19, 0xdf, 0xd0,
    0x1, 0x1, 0x20, 0x0, 0x0, 0x0, 0x2, 0x20,

    /* U+76D8 "盘" */
    0x0, 0x0, 0x0, 0x6, 0x60, 0x0, 0x0, 0x0,
    0x0, 0x2, 0x33, 0x4f, 0xc3, 0x33, 0x31, 0x0,
    0x0, 0x9, 0xff, 0xff, 0xff, 0xff, 0xf5, 0x0,
    0x0, 0x9, 0xe0, 0x3c, 0x50, 0x2, 0xf5, 0x0,
    0x0, 0x9, 0xe0, 0x6, 0xe6, 0x2, 0xf5, 0x0,
    0x1f, 0xff, 0xff, 0xff, 0xff, 0xff, 0xff, 0xf7,
    0x5, 0x6f, 0xb5, 0x7a, 0x55, 0x57, 0xf9, 0x52,
    0x0, 0x7f, 0x30, 0x5f, 0xc2, 0x3, 0xf5, 0x0,
    0x6, 0xfb, 0x0, 0x1, 0xa4, 0xde, 0xf3, 0x0,
    0x2, 0xb4, 0x33, 0x33, 0x33, 0x89, 0x62, 0x0,
    0x0, 0x6f, 0xff, 0xff, 0xff, 0xff, 0xfb, 0x0,
    0x0, 0x6f, 0x2, 0xf3, 0xf, 0x60, 0xcb, 0x0,
    0x0, 0x6f, 0x2, 0xf3, 0xf, 0x60, 0xcb, 0x0,
    0x4, 0x9f, 0x57, 0xf7, 0x4f, 0x94, 0xdc, 0x42,
    0x2f, 0xff, 0xff, 0xff, 0xff, 0xff, 0xff, 0xf6,

    /* U+7720 "眠" */
    0xef, 0xff, 0x83, 0xff, 0xff, 0xff, 0xf8, 0xe,
    0xa5, 0xf8, 0x3f, 0x86, 0x66, 0x6f, 0x80, 0xe7,
    0xe, 0x83, 0xf3, 0x0, 0x0, 0xe8, 0xe, 0x94,
    0xf8, 0x3f, 0x97, 0x77, 0x7f, 0x80, 0xef, 0xff,
    0x83, 0xff, 0xef, 0xfe, 0xe8, 0xe, 0x70, 0xe8,
    0x3f, 0x30, 0x8e, 0x0, 0x0, 0xe7, 0xe, 0x83,
    0xf3, 0x7, 0xf0, 0x0, 0xe, 0xff, 0xf8, 0x3f,
    0xff, 0xff, 0xff, 0xf4, 0xea, 0x5f, 0x83, 0xf9,
    0x79, 0xf8, 0x77, 0x2e, 0x70, 0xe8, 0x3f, 0x30,
    0x1f, 0x50, 0x0, 0xea, 0x6f, 0x83, 0xf3, 0x0,
    0xe8, 0x0, 0xe, 0xfe, 0xe7, 0x4f, 0x30, 0x9,
    0xd0, 0xb5, 0x94, 0x0, 0x1c, 0xfc, 0xdc, 0x2f,
    0xaf, 0x60, 0x0, 0x0, 0xc9, 0x51, 0x0, 0x5e,
    0xd1,

    /* U+7801 "码" */
    0x1, 0x11, 0x11, 0x0, 0x0, 0x0, 0x0, 0x0,
    0x1f, 0xff, 0xff, 0x8c, 0xff, 0xff, 0xfd, 0x0,
    0x4, 0x8f, 0x54, 0x24, 0x55, 0x55, 0xcc, 0x0,
    0x0, 0x8e, 0x0, 0x0, 0x30, 0x0, 0xca, 0x0,
    0x0, 0xcb, 0x0, 0x1, 0xf4, 0x0, 0xd9, 0x0,
    0x0, 0xf7, 0x0, 0x2, 0xf3, 0x0, 0xf7, 0x0,
    0x7, 0xfb, 0x99, 0x14, 0xf1, 0x0, 0xf5, 0x0,
    0xe, 0xfc, 0xcf, 0x26, 0xf5, 0x56, 0xf8, 0x50,
    0x4f, 0xf3, 0x2f, 0x27, 0xff, 0xff, 0xff, 0xf0,
    0x1d, 0xf3, 0x2f, 0x20, 0x0, 0x0, 0x7, 0xe0,
    0x1, 0xf3, 0x2f, 0x34, 0x44, 0x44, 0x29, 0xd0,
    0x0, 0xf3, 0x2f, 0x5f, 0xff, 0xff, 0x9b, 0xb0,
    0x0, 0xff, 0xff, 0x20, 0x0, 0x0, 0xe, 0x80,
    0x0, 0xf8, 0x55, 0x0, 0x0, 0x35, 0x8f, 0x40,
    0x0, 0x30, 0x0, 0x0, 0x0, 0x5f, 0xfa, 0x0,
    0x0, 0x0, 0x0, 0x0, 0x0, 0x0, 0x0, 0x0,

    /* U+781D "砝" */
    0x0, 0x0, 0x0, 0x0, 0x0, 0x9e, 0x0, 0x0,
    0x1f, 0xff, 0xff, 0x80, 0x0, 0x9e, 0x0, 0x0,
    0x5, 0x9f, 0x75, 0x30, 0x0, 0x9e, 0x0, 0x0,
    0x0, 0x8e, 0x0, 0xc, 0xff, 0xff, 0xff, 0xf1,
    0x0, 0xca, 0x0, 0x6, 0x77, 0xcf, 0x77, 0x70,
    0x1, 0xf6, 0x0, 0x0, 0x0, 0x9e, 0x0, 0x0,
    0x7, 0xfe, 0xdd, 0x20, 0x0, 0x9e, 0x0, 0x0,
    0xe, 0xf9, 0x8f, 0x6f, 0xff, 0xff, 0xff, 0xf9,
    0x5f, 0xf3, 0x2f, 0x47, 0x79, 0xfc, 0x77, 0x74,
    0x1a, 0xf3, 0x2f, 0x20, 0x7, 0xf3, 0x0, 0x0,
    0x1, 0xf3, 0x2f, 0x20, 0xe, 0xc0, 0x7c, 0x0,
    0x0, 0xf3, 0x2f, 0x20, 0x7f, 0x30, 0x3f, 0x60,
    0x0, 0xff, 0xff, 0x21, 0xea, 0x0, 0x1d, 0xe0,
    0x0, 0xf8, 0x55, 0x1b, 0xfe, 0xef, 0xff, 0xf6,
    0x0, 0x51, 0x0, 0x6, 0x97, 0x53, 0x10, 0xc9,
    0x0, 0x0, 0x0, 0x0, 0x0, 0x0, 0x0, 0x0,

    /* U+786C "硬" */
    0x6e, 0xee, 0xee, 0xaf, 0xff, 0xff, 0xff, 0xf4,
    0x37, 0xce, 0x77, 0x35, 0x56, 0xf9, 0x55, 0x51,
    0x0, 0xca, 0x0, 0x2, 0x22, 0xf7, 0x22, 0x20,
    0x1, 0xf5, 0x0, 0x4f, 0xff, 0xff, 0xff, 0xe0,
    0x5, 0xf1, 0x0, 0x4f, 0x11, 0xf6, 0x7, 0xe0,
    0xb, 0xff, 0xff, 0x4f, 0xdd, 0xfe, 0xde, 0xe0,
    0x3f, 0xe5, 0x8f, 0x4f, 0x44, 0xf8, 0x39, 0xe0,
    0x9f, 0xe0, 0x4f, 0x4f, 0x43, 0xf8, 0x39, 0xe0,
    0x5c, 0xe0, 0x4f, 0x4f, 0xff, 0xff, 0xff, 0xe0,
    0x6, 0xe0, 0x4f, 0x18, 0x14, 0xf2, 0x0, 0x0,
    0x6, 0xe0, 0x4f, 0xb, 0xca, 0xe0, 0x0, 0x0,
    0x6, 0xff, 0xff, 0x1, 0xef, 0x80, 0x0, 0x0,
    0x6, 0xe5, 0x55, 0x3a, 0xfd, 0xfd, 0x85, 0x30,
    0x2, 0x60, 0x1, 0xec, 0x40, 0x29, 0xcf, 0xf2,
    0x0, 0x0, 0x0, 0x0, 0x0, 0x0, 0x0, 0x10,

    /* U+786E "确" */
    0x0, 0x0, 0x0, 0x0, 0x77, 0x0, 0x0, 0x2,
    0xff, 0xff, 0xf4, 0x1f, 0xa2, 0x22, 0x0, 0x15,
    0xaf, 0x65, 0x17, 0xff, 0xff, 0xf6, 0x0, 0xa,
    0xc0, 0x2, 0xe9, 0x11, 0xdd, 0x0, 0x0, 0xe8,
    0x0, 0xdf, 0x65, 0x8f, 0x85, 0x50, 0x2f, 0x40,
    0x4f, 0xff, 0xff, 0xff, 0xfe, 0x9, 0xfc, 0xca,
    0x2f, 0x50, 0xe6, 0x8, 0xe1, 0xff, 0x69, 0xd0,
    0xfe, 0xdf, 0xed, 0xee, 0x6f, 0xf1, 0x6d, 0xf,
    0x95, 0xfa, 0x5b, 0xe1, 0xaf, 0x16, 0xd0, 0xf5,
    0xe, 0x60, 0x8e, 0x2, 0xf1, 0x6d, 0x2f, 0xfe,
    0xff, 0xef, 0xe0, 0x2f, 0x16, 0xd3, 0xf8, 0x7f,
    0xb7, 0xbe, 0x2, 0xff, 0xfd, 0x7e, 0x0, 0xe6,
    0x8, 0xe0, 0x2f, 0x65, 0x5d, 0x80, 0xe, 0x74,
    0xbe, 0x1, 0xa1, 0x5, 0xe0, 0x0, 0xb5, 0xee,
    0x80, 0x0, 0x0, 0x0, 0x0, 0x0, 0x0, 0x0,

    /* U+79E4 "秤" */
    0x0, 0x0, 0x2, 0x0, 0x0, 0x0, 0x0, 0x0,
    0x3, 0x6a, 0xef, 0x45, 0x55, 0x55, 0x55, 0x30,
    0x5f, 0xef, 0xb2, 0x1f, 0xff, 0xff, 0xff, 0xa0,
    0x1, 0xe, 0x80, 0x3, 0x11, 0xf6, 0x5, 0x20,
    0x0, 0xe, 0x80, 0xf, 0x60, 0xf5, 0x1f, 0x60,
    0x6f, 0xff, 0xff, 0x6a, 0xb0, 0xf5, 0x5f, 0x10,
    0x26, 0x9f, 0xb6, 0x27, 0xe1, 0xf5, 0xac, 0x0,
    0x0, 0x9f, 0xc0, 0x4, 0xc1, 0xf6, 0xc6, 0x0,
    0x1, 0xff, 0xf9, 0x46, 0x67, 0xfa, 0x66, 0x60,
    0x8, 0xde, 0xae, 0xff, 0xff, 0xff, 0xff, 0xf1,
    0x3f, 0x5e, 0x84, 0x0, 0x0, 0xf5, 0x0, 0x0,
    0x8b, 0xe, 0x80, 0x0, 0x0, 0xf5, 0x0, 0x0,
    0x11, 0xe, 0x80, 0x0, 0x0, 0xf5, 0x0, 0x0,
    0x0, 0xe, 0x80, 0x0, 0x0, 0xf5, 0x0, 0x0,
    0x0, 0xe, 0x80, 0x0, 0x0, 0xf5, 0x0, 0x0,

    /* U+79F0 "称" */
    0x0, 0x0, 0x3, 0x0, 0x34, 0x0, 0x0, 0x0,
    0x3, 0x6a, 0xef, 0x70, 0xbd, 0x0, 0x0, 0x0,
    0xc, 0xee, 0xc3, 0x0, 0xfc, 0x77, 0x77, 0x72,
    0x0, 0xb, 0xa0, 0x4, 0xff, 0xff, 0xff, 0xf4,
    0x0, 0xb, 0xa0, 0xc, 0xd0, 0x9e, 0x8, 0xd0,
    0x1f, 0xff, 0xff, 0xdf, 0x60, 0x9e, 0xa, 0x60,
    0x7, 0x7f, 0xd7, 0x6a, 0x20, 0x9e, 0x3, 0x0,
    0x0, 0x6f, 0xf4, 0x1, 0xf6, 0x9e, 0x3f, 0x30,
    0x0, 0xdf, 0xdf, 0x45, 0xf1, 0x9e, 0xe, 0x90,
    0x6, 0xdb, 0xa9, 0x69, 0xd0, 0x9e, 0x9, 0xe0,
    0x2f, 0x6b, 0xa0, 0x1f, 0x70, 0x9e, 0x4, 0xf2,
    0x2b, 0xb, 0xa0, 0x8e, 0x0, 0x9e, 0x1, 0xf6,
    0x0, 0xb, 0xa0, 0x3, 0x0, 0x9e, 0x0, 0x30,
    0x0, 0xb, 0xa0, 0x0, 0x37, 0xde, 0x0, 0x0,
    0x0, 0xb, 0xa0, 0x0, 0x2e, 0xd6, 0x0, 0x0,

    /* U+7A0D "稍" */
    0x0, 0x2, 0x83, 0x3, 0x0, 0xe7, 0x0, 0x40,
    0x2a, 0xef, 0xf7, 0x4f, 0x30, 0xe7, 0x5, 0xf4,
    0xb, 0x9f, 0x30, 0xc, 0xb0, 0xe7, 0xd, 0xd0,
    0x0, 0x1f, 0x30, 0x5, 0xf1, 0xe7, 0x5f, 0x40,
    0x0, 0x1f, 0x30, 0x0, 0x30, 0xe7, 0x3, 0x0,
    0x6f, 0xff, 0xff, 0x2f, 0xff, 0xff, 0xff, 0xe0,
    0x37, 0xcf, 0x97, 0x2f, 0x96, 0x66, 0x6b, 0xe0,
    0x0, 0xdf, 0xb0, 0x1f, 0x51, 0x11, 0x18, 0xe0,
    0x4, 0xff, 0xda, 0x1f, 0xff, 0xff, 0xff, 0xe0,
    0xb, 0xbf, 0x5b, 0x1f, 0x63, 0x33, 0x39, 0xe0,
    0x4f, 0x5f, 0x30, 0x1f, 0x74, 0x44, 0x4a, 0xe0,
    0x4a, 0x1f, 0x30, 0x1f, 0xff, 0xff, 0xff, 0xe0,
    0x1, 0x1f, 0x30, 0x1f, 0x40, 0x0, 0x7, 0xe0,
    0x0, 0x1f, 0x30, 0x1f, 0x40, 0x6, 0x7c, 0xe0,
    0x0, 0x1f, 0x30, 0x1f, 0x40, 0x9, 0xec, 0x60,

    /* U+7A33 "稳" */
    0x0, 0x0, 0x1, 0x0, 0x33, 0x0, 0x0, 0x0,
    0x1, 0x59, 0xec, 0x2, 0xfa, 0x33, 0x30, 0x0,
    0xe, 0xff, 0xb3, 0x1c, 0xff, 0xff, 0xf4, 0x0,
    0x1, 0xf, 0x62, 0xdd, 0x20, 0xc, 0xa0, 0x0,
    0x0, 0xf, 0x62, 0xdf, 0xff, 0xff, 0xff, 0x30,
    0x2f, 0xff, 0xff, 0x34, 0x44, 0x44, 0x5f, 0x30,
    0x1a, 0xcf, 0xda, 0x15, 0x55, 0x55, 0x6f, 0x30,
    0x0, 0x8f, 0xc0, 0x1c, 0xcc, 0xcc, 0xdf, 0x30,
    0x0, 0xff, 0xfb, 0x24, 0x44, 0x44, 0x5f, 0x30,
    0x8, 0xdf, 0x8e, 0x8f, 0xff, 0xff, 0xff, 0x30,
    0x2f, 0x6f, 0x61, 0x0, 0x3, 0xb1, 0x0, 0x0,
    0x5d, 0xf, 0x60, 0xe7, 0xf3, 0xcc, 0xe, 0x60,
    0x3, 0xf, 0x65, 0xe4, 0xf2, 0x13, 0x7a, 0xe0,
    0x0, 0xf, 0x6d, 0x83, 0xf5, 0x23, 0xe7, 0xf5,
    0x0, 0xf, 0x63, 0x10, 0xcf, 0xff, 0xd1, 0x20,

    /* U+7A7A "空" */
    0x0, 0x0, 0x0, 0x41, 0x0, 0x0, 0x0, 0x0,
    0x0, 0x3, 0xf9, 0x0, 0x0, 0x0, 0x66, 0x66,
    0x66, 0xef, 0x66, 0x66, 0x66, 0xef, 0xff, 0xff,
    0xff, 0xff, 0xff, 0xfe, 0xe8, 0x0, 0x0, 0x0,
    0x0, 0x0, 0xae, 0xe8, 0x3, 0xdb, 0x0, 0xdd,
    0x50, 0x9e, 0x45, 0x9f, 0xc2, 0x0, 0x2b, 0xfd,
    0x50, 0x7f, 0xf7, 0x0, 0x0, 0x0, 0x3c, 0xf8,
    0x29, 0x76, 0x66, 0x66, 0x66, 0x66, 0x60, 0x1,
    0xff, 0xff, 0xff, 0xff, 0xff, 0x20, 0x0, 0x0,
    0x0, 0xea, 0x0, 0x0, 0x0, 0x0, 0x0, 0x0,
    0xea, 0x0, 0x0, 0x0, 0x0, 0x0, 0x0, 0xea,
    0x0, 0x0, 0x0, 0x56, 0x66, 0x66, 0xfd, 0x66,
    0x66, 0x66, 0xdf, 0xff, 0xff, 0xff, 0xff, 0xff,
    0xfd,

    /* U+7ACB "立" */
    0x0, 0x0, 0x0, 0x17, 0x20, 0x0, 0x0, 0x0,
    0x0, 0x0, 0x0, 0x1f, 0x90, 0x0, 0x0, 0x0,
    0x0, 0x0, 0x0, 0xb, 0xe0, 0x0, 0x0, 0x0,
    0x4, 0x88, 0x88, 0x8b, 0xa8, 0x88, 0x88, 0x40,
    0x7, 0xff, 0xff, 0xff, 0xff, 0xff, 0xff, 0x80,
    0x0, 0x0, 0x31, 0x0, 0x0, 0x3, 0x0, 0x0,
    0x0, 0x4, 0xf5, 0x0, 0x0, 0x5f, 0x60, 0x0,
    0x0, 0x0, 0xfa, 0x0, 0x0, 0x9f, 0x20, 0x0,
    0x0, 0x0, 0xce, 0x0, 0x0, 0xdd, 0x0, 0x0,
    0x0, 0x0, 0x8f, 0x20, 0x2, 0xf8, 0x0, 0x0,
    0x0, 0x0, 0x4f, 0x50, 0x7, 0xf3, 0x0, 0x0,
    0x0, 0x0, 0x1f, 0x80, 0xc, 0xd0, 0x0, 0x0,
    0x0, 0x0, 0x6, 0x10, 0x2f, 0x70, 0x0, 0x0,
    0x3f, 0xff, 0xff, 0xff, 0xff, 0xff, 0xff, 0xf3,
    0x19, 0x99, 0x99, 0x99, 0x99, 0x99, 0x99, 0x92,

    /* U+7B49 "等" */
    0x0, 0x7, 0x20, 0x0, 0x6, 0x50, 0x0, 0x0,
    0x0, 0x7f, 0x73, 0x33, 0x2f, 0xb3, 0x33, 0x31,
    0x1, 0xef, 0xff, 0xff, 0xbf, 0xff, 0xff, 0xf5,
    0xd, 0xe2, 0xf8, 0x7, 0xf6, 0x1e, 0x90, 0x0,
    0x19, 0x20, 0x65, 0x8, 0xf0, 0x5, 0x70, 0x0,
    0x0, 0x7f, 0xff, 0xff, 0xff, 0xff, 0xff, 0x0,
    0x0, 0x24, 0x44, 0x4b, 0xf4, 0x44, 0x44, 0x0,
    0x5, 0x55, 0x55, 0x5b, 0xf5, 0x55, 0x55, 0x52,
    0x1f, 0xff, 0xff, 0xff, 0xff, 0xff, 0xff, 0xf7,
    0x0, 0x0, 0x0, 0x0, 0x0, 0x6f, 0x20, 0x0,
    0x8, 0xff, 0xff, 0xff, 0xff, 0xff, 0xff, 0xf0,
    0x3, 0x56, 0xea, 0x55, 0x55, 0x9f, 0x75, 0x50,
    0x0, 0x0, 0x9f, 0x90, 0x0, 0x6f, 0x20, 0x0,
    0x0, 0x0, 0x7, 0xf2, 0x56, 0xaf, 0x20, 0x0,
    0x0, 0x0, 0x0, 0x10, 0x9f, 0xea, 0x0, 0x0,
    0x0, 0x0, 0x0, 0x0, 0x0, 0x0, 0x0, 0x0,

    /* U+7BB1 "箱" */
    0x0, 0x27, 0x10, 0x0, 0x7, 0x30, 0x0, 0x0,
    0x0, 0x9f, 0x10, 0x0, 0x4f, 0x60, 0x0, 0x0,
    0x2, 0xff, 0xff, 0xfc, 0xbf, 0xff, 0xff, 0xf2,
    0xc, 0xf6, 0xf8, 0x4b, 0xf7, 0x8f, 0x64, 0x40,
    0x3f, 0x51, 0xc7, 0xb, 0x90, 0xc, 0x80, 0x0,
    0x1, 0x5, 0xf1, 0x0, 0x55, 0x56, 0x55, 0x30,
    0x3, 0x37, 0xf4, 0x32, 0xff, 0xff, 0xff, 0x90,
    0xf, 0xff, 0xff, 0xf8, 0xf6, 0x0, 0xe, 0x90,
    0x0, 0xd, 0xf4, 0x0, 0xfe, 0xdd, 0xdf, 0x90,
    0x0, 0x6f, 0xff, 0x30, 0xf8, 0x44, 0x4f, 0x90,
    0x1, 0xee, 0xfb, 0xf4, 0xf7, 0x22, 0x2e, 0x90,
    0xb, 0xe6, 0xf1, 0xc4, 0xff, 0xff, 0xff, 0x90,
    0x5f, 0x65, 0xf1, 0x0, 0xf6, 0x0, 0xe, 0x90,
    0x8, 0x5, 0xf1, 0x0, 0xf9, 0x55, 0x5f, 0x90,
    0x0, 0x5, 0xf1, 0x0, 0xfe, 0xdd, 0xde, 0x80,
    0x0, 0x0, 0x0, 0x0, 0x0, 0x0, 0x0, 0x0,

    /* U+7CFB "系" */
    0x0, 0x0, 0x0, 0x0, 0x0, 0x3, 0x60, 0x0,
    0x1, 0x45, 0x68, 0x9a, 0xce, 0xff, 0xf7, 0x0,
    0x2, 0xff, 0xfe, 0xff, 0x97, 0x53, 0x0, 0x0,
    0x0, 0x10, 0xa, 0xe3, 0x0, 0x46, 0x0, 0x0,
    0x0, 0x2, 0xcc, 0x10, 0x9, 0xfb, 0x0, 0x0,
    0x0, 0x4f, 0xfe, 0xef, 0xff, 0x60, 0x0, 0x0,
    0x0, 0x17, 0x66, 0xdf, 0xa1, 0x2b, 0x20, 0x0,
    0x0, 0x1, 0x8f, 0xb3, 0x0, 0x1c, 0xe2, 0x0,
    0x1, 0x9f, 0xff, 0xce, 0xff, 0xff, 0xfd, 0x10,
    0x0, 0xdb, 0xa8, 0x7c, 0xf3, 0x21, 0x1e, 0x90,
    0x0, 0x1, 0x94, 0x9, 0xe0, 0x49, 0x2, 0x0,
    0x0, 0x1c, 0xf3, 0x9, 0xe0, 0x4f, 0xd2, 0x0,
    0x3, 0xdf, 0x40, 0x9, 0xe0, 0x2, 0xde, 0x30,
    0xa, 0xe3, 0x6, 0x7d, 0xe0, 0x0, 0x1d, 0xb0,
    0x0, 0x10, 0xa, 0xfe, 0x60, 0x0, 0x1, 0x0,

    /* U+7D22 "索" */
    0x0, 0x0, 0x0, 0xa, 0xe0, 0x0, 0x0, 0x0,
    0x2, 0x22, 0x22, 0x2b, 0xe2, 0x22, 0x22, 0x20,
    0xc, 0xff, 0xff, 0xff, 0xff, 0xff, 0xff, 0xc0,
    0x1, 0x22, 0x22, 0x2b, 0xe2, 0x22, 0x22, 0x10,
    0x5, 0x55, 0x55, 0x5c, 0xf5, 0x55, 0x55, 0x50,
    0xf, 0xfe, 0xee, 0xff, 0xee, 0xee, 0xef, 0xf1,
    0xf, 0x60, 0x4, 0xdc, 0x10, 0x40, 0x6, 0xf1,
    0xc, 0x55, 0xbe, 0x62, 0x3b, 0xf6, 0x5, 0xc0,
    0x0, 0x1f, 0xfe, 0xff, 0xf9, 0x27, 0x10, 0x0,
    0x0, 0x2, 0x6c, 0xd7, 0x10, 0x1c, 0xd2, 0x0,
    0x3, 0xbf, 0xff, 0xde, 0xff, 0xff, 0xee, 0x20,
    0x1, 0x97, 0x95, 0x47, 0xf3, 0x2, 0xb, 0x70,
    0x0, 0x9, 0xf7, 0x5, 0xf1, 0x7f, 0xa2, 0x0,
    0x8, 0xfe, 0x54, 0x59, 0xf1, 0x3, 0xcf, 0x70,
    0x5, 0x80, 0x7, 0xfe, 0xa0, 0x0, 0x7, 0x50,

    /* U+7EA6 "约" */
    0x0, 0x1, 0x0, 0x0, 0x3, 0x0, 0x0, 0x0,
    0x0, 0x9e, 0x0, 0x5, 0xf3, 0x0, 0x0, 0x0,
    0x1f, 0x80, 0x0, 0xae, 0x0, 0x0, 0x0, 0x9,
    0xf1, 0x0, 0xf, 0xd7, 0x77, 0x76, 0x3, 0xf6,
    0xc, 0x37, 0xff, 0xff, 0xff, 0xd1, 0xdd, 0x39,
    0xf4, 0xfb, 0x0, 0x0, 0xad, 0x4f, 0xff, 0xf6,
    0x3e, 0x20, 0x0, 0xa, 0xc0, 0x32, 0xea, 0x0,
    0xd, 0xa0, 0x0, 0xbc, 0x0, 0xcb, 0x1, 0x20,
    0x4f, 0xb0, 0xb, 0xb1, 0xcf, 0xef, 0xfa, 0x0,
    0x3f, 0x90, 0xca, 0x1d, 0xa7, 0x42, 0x0, 0x0,
    0x66, 0xd, 0x90, 0x0, 0x0, 0x1, 0x0, 0x0,
    0x0, 0xf8, 0x15, 0x7a, 0xdf, 0xd0, 0x0, 0x0,
    0x2f, 0x64, 0xfe, 0xb8, 0x41, 0x0, 0x26, 0x6b,
    0xf2, 0x1, 0x0, 0x0, 0x0, 0x1, 0xff, 0xf8,
    0x0, 0x0, 0x0, 0x0, 0x0, 0x0, 0x0, 0x0,

    /* U+7EBF "线" */
    0x0, 0x4, 0x91, 0x0, 0x9, 0xe1, 0x81, 0x0,
    0x0, 0xb, 0xe0, 0x0, 0x8, 0xe2, 0xce, 0x30,
    0x0, 0x2f, 0x70, 0x0, 0x8, 0xf0, 0x7, 0x20,
    0x0, 0xad, 0x5, 0x13, 0x5b, 0xfc, 0xff, 0xc0,
    0x3, 0xf4, 0x2f, 0x8d, 0xff, 0xf9, 0x64, 0x10,
    0xe, 0xfc, 0xed, 0x2, 0x5, 0xf2, 0x0, 0x10,
    0xb, 0xac, 0xf4, 0x0, 0x6, 0xfa, 0xbe, 0xf3,
    0x0, 0x2f, 0x80, 0x2c, 0xff, 0xfe, 0xa7, 0x40,
    0x1, 0xdd, 0x57, 0x49, 0x63, 0xf8, 0x4, 0xc2,
    0xc, 0xff, 0xfd, 0x30, 0x0, 0xbc, 0x2f, 0xc0,
    0x8, 0x73, 0x0, 0x0, 0x0, 0x8f, 0xed, 0x10,
    0x0, 0x0, 0x49, 0x50, 0x0, 0x9f, 0xc1, 0x0,
    0x7, 0xbf, 0xfc, 0x40, 0x5d, 0xff, 0xc0, 0x86,
    0xd, 0xc7, 0x10, 0x6e, 0xf9, 0x25, 0xfb, 0xe7,
    0x0, 0x0, 0x0, 0x29, 0x20, 0x0, 0x8f, 0xd1,

    /* U+7ED1 "绑" */
    0x0, 0x0, 0x0, 0x0, 0x0, 0x0, 0x0, 0x0,
    0x0, 0x9a, 0x0, 0xc, 0x80, 0x0, 0x0, 0x0,
    0x0, 0xda, 0x0, 0xc, 0x80, 0x5f, 0xff, 0xd0,
    0x2, 0xf5, 0x2, 0x4d, 0xa4, 0x5f, 0x4b, 0xd0,
    0x7, 0xe0, 0x8, 0xff, 0xff, 0x6f, 0xd, 0x80,
    0xd, 0x83, 0xc2, 0x1d, 0x91, 0x5f, 0x1f, 0x40,
    0x6f, 0x8c, 0xd0, 0xc, 0x80, 0x5f, 0x5f, 0x0,
    0x7f, 0xef, 0x55, 0xff, 0xfc, 0x5f, 0x9b, 0x0,
    0x0, 0xcb, 0x2, 0x6e, 0xb5, 0x5f, 0x3f, 0x20,
    0x5, 0xf2, 0x20, 0xd, 0x70, 0x5f, 0xa, 0xa0,
    0x3f, 0xff, 0xd6, 0x7f, 0xb7, 0x7f, 0x5, 0xf0,
    0x5e, 0x95, 0x1c, 0xff, 0xfe, 0x9f, 0x2, 0xf2,
    0x0, 0x1, 0x50, 0x5f, 0x10, 0x5f, 0x38, 0xf0,
    0x17, 0xcf, 0xd0, 0xbc, 0x0, 0x5f, 0xdf, 0x80,
    0x8e, 0x94, 0x7, 0xf4, 0x0, 0x5f, 0x0, 0x0,
    0x0, 0x0, 0x9, 0x70, 0x0, 0x5f, 0x0, 0x0,

    /* U+7EDC "络" */
    0x0, 0x2, 0x20, 0x0, 0x9, 0x30, 0x0, 0x0,
    0x0, 0xa, 0xf0, 0x0, 0x6f, 0x30, 0x0, 0x0,
    0x0, 0x2f, 0x80, 0x0, 0xef, 0xff, 0xff, 0xc0,
    0x0, 0x9e, 0x10, 0xb, 0xf9, 0x55, 0x8f, 0x70,
    0x3, 0xf5, 0x1d, 0xbf, 0xde, 0x21, 0xed, 0x0,
    0x1d, 0xe8, 0xce, 0x77, 0xd, 0xdd, 0xe1, 0x0,
    0x1f, 0xee, 0xf4, 0x0, 0x8, 0xff, 0x80, 0x0,
    0x0, 0x2e, 0x80, 0x28, 0xef, 0x98, 0xfd, 0x72,
    0x1, 0xdd, 0x58, 0xcf, 0xa2, 0x0, 0x29, 0xf6,
    0x1d, 0xff, 0xfc, 0x38, 0xff, 0xff, 0xff, 0x80,
    0xc, 0x94, 0x10, 0x7, 0xf5, 0x55, 0x5f, 0x70,
    0x0, 0x0, 0x27, 0x37, 0xe0, 0x0, 0xf, 0x70,
    0x3, 0x8c, 0xff, 0x57, 0xe0, 0x0, 0xf, 0x70,
    0x1f, 0xfb, 0x61, 0x7, 0xff, 0xff, 0xff, 0x70,
    0x5, 0x10, 0x0, 0x7, 0xf6, 0x66, 0x6f, 0x70,

    /* U+7EDD "绝" */
    0x0, 0x4, 0x30, 0x0, 0x37, 0x0, 0x0, 0x0,
    0x0, 0xd, 0xd0, 0x0, 0xae, 0x0, 0x0, 0x0,
    0x0, 0x4f, 0x40, 0x2, 0xff, 0xff, 0xf5, 0x0,
    0x0, 0xbc, 0x0, 0xd, 0xd5, 0x5b, 0xf1, 0x0,
    0x4, 0xf3, 0x3e, 0xbf, 0x40, 0x1f, 0x70, 0x0,
    0x2e, 0xc6, 0xcc, 0xcf, 0xff, 0xff, 0xff, 0x70,
    0x5f, 0xff, 0xf2, 0xf, 0x95, 0xf9, 0x5f, 0x70,
    0x2, 0x2f, 0x50, 0xf, 0x60, 0xe5, 0xe, 0x70,
    0x1, 0xd9, 0x2, 0x1f, 0x60, 0xe6, 0xe, 0x70,
    0x1c, 0xfd, 0xff, 0x4f, 0xff, 0xff, 0xff, 0x70,
    0x3e, 0xb7, 0x41, 0xf, 0x94, 0x44, 0x44, 0x20,
    0x0, 0x0, 0x1, 0x1f, 0x60, 0x0, 0x0, 0x20,
    0x3, 0x6a, 0xdf, 0x7f, 0x60, 0x0, 0x1, 0xf3,
    0x5f, 0xfb, 0x73, 0xe, 0xb5, 0x55, 0x59, 0xf1,
    0x13, 0x0, 0x0, 0x6, 0xef, 0xff, 0xff, 0x80,

    /* U+7EE7 "继" */
    0x0, 0x0, 0x0, 0x0, 0x0, 0x0, 0x0, 0x0,
    0x0, 0xd, 0x40, 0x0, 0x0, 0xe, 0x50, 0x0,
    0x0, 0x3f, 0x80, 0x7e, 0x13, 0xe, 0x51, 0x30,
    0x0, 0x9f, 0x10, 0x7e, 0x4d, 0xe, 0x56, 0xc0,
    0x0, 0xea, 0x0, 0x7e, 0xf, 0x2e, 0x5c, 0x60,
    0x7, 0xf2, 0x3c, 0x8e, 0xb, 0x4e, 0x6d, 0x0,
    0x2e, 0xa3, 0xcb, 0x7e, 0x35, 0x5f, 0x85, 0x51,
    0x5f, 0xff, 0xe1, 0x7e, 0xaf, 0xff, 0xff, 0xf3,
    0x5, 0x4f, 0x40, 0x7e, 0x0, 0xaf, 0xe1, 0x0,
    0x1, 0xd8, 0x13, 0x7e, 0x4, 0xef, 0xbd, 0x10,
    0x2d, 0xff, 0xfc, 0x7e, 0x3f, 0x5e, 0x59, 0xd0,
    0x9, 0x63, 0x0, 0x7e, 0x78, 0xe, 0x50, 0x70,
    0x0, 0x1, 0x59, 0x7e, 0x0, 0xe, 0x50, 0x0,
    0x29, 0xdf, 0xfd, 0x7e, 0x0, 0x2, 0x0, 0x0,
    0x3f, 0xb6, 0x10, 0x7f, 0xff, 0xff, 0xff, 0xf5,
    0x0, 0x0, 0x0, 0x26, 0x66, 0x66, 0x66, 0x62,

    /* U+7EEA "绪" */
    0x0, 0xa, 0x60, 0x0, 0xa, 0xb0, 0x0, 0x0,
    0x0, 0x1f, 0x70, 0x0, 0xa, 0xb0, 0x8, 0xc0,
    0x0, 0x7f, 0x10, 0x2e, 0xef, 0xfe, 0xcf, 0x80,
    0x0, 0xd9, 0x1, 0x16, 0x6d, 0xd6, 0xde, 0x10,
    0x5, 0xf2, 0x3e, 0x20, 0xa, 0xb4, 0xf7, 0x0,
    0x1e, 0xa2, 0xbc, 0x66, 0x6d, 0xdd, 0xf6, 0x62,
    0x5f, 0xff, 0xf2, 0xef, 0xff, 0xff, 0xff, 0xf6,
    0x5, 0x3e, 0x60, 0x0, 0x6e, 0xc2, 0x0, 0x0,
    0x0, 0xc9, 0x12, 0x4d, 0xff, 0xff, 0xff, 0x80,
    0x1c, 0xff, 0xfc, 0xfe, 0xf8, 0x44, 0x4f, 0x80,
    0x1f, 0xb7, 0x40, 0x42, 0xf6, 0x22, 0x2f, 0x80,
    0x0, 0x0, 0x0, 0x1, 0xff, 0xff, 0xff, 0x80,
    0x1, 0x48, 0xcf, 0x31, 0xf4, 0x0, 0xf, 0x80,
    0x4f, 0xff, 0xb7, 0x11, 0xf9, 0x66, 0x6f, 0x80,
    0x18, 0x40, 0x0, 0x1, 0xfe, 0xdd, 0xde, 0x80,

    /* U+7EED "续" */
    0x0, 0x9, 0x50, 0x0, 0x2, 0xf4, 0x0, 0x0,
    0x0, 0x1f, 0x80, 0x1, 0x14, 0xf6, 0x11, 0x0,
    0x0, 0x6f, 0x20, 0xf, 0xff, 0xff, 0xff, 0x30,
    0x0, 0xda, 0x0, 0x2, 0x25, 0xf6, 0x22, 0x0,
    0x5, 0xf2, 0x59, 0x36, 0x68, 0xf9, 0x66, 0x50,
    0x2e, 0xa2, 0xd9, 0x8e, 0xee, 0xee, 0xef, 0xd0,
    0x4f, 0xff, 0xd0, 0x3, 0x91, 0x98, 0xc, 0x80,
    0x2, 0x3f, 0x30, 0x13, 0x8d, 0xca, 0xa, 0x20,
    0x0, 0xd9, 0x44, 0x5e, 0x71, 0xd9, 0x0, 0x0,
    0x1b, 0xff, 0xf8, 0x24, 0xa2, 0xe9, 0x22, 0x20,
    0x2e, 0xa5, 0x10, 0xef, 0xff, 0xff, 0xff, 0xf0,
    0x0, 0x1, 0x67, 0x22, 0x2c, 0xe5, 0x32, 0x20,
    0x5, 0xbf, 0xe7, 0x0, 0x8f, 0x6a, 0xe3, 0x0,
    0x4f, 0xb5, 0x0, 0x2b, 0xf8, 0x0, 0x9f, 0x60,
    0x2, 0x0, 0x0, 0xee, 0x50, 0x0, 0x7, 0xf2,
    0x0, 0x0, 0x0, 0x20, 0x0, 0x0, 0x0, 0x20,

    /* U+7EF4 "维" */
    0x0, 0x1, 0x0, 0x0, 0x0, 0x0, 0x0, 0x0,
    0x0, 0xc, 0xb0, 0x0, 0x7f, 0x4f, 0x40, 0x0,
    0x0, 0x2f, 0x50, 0x0, 0xea, 0xd, 0xc0, 0x0,
    0x0, 0x9d, 0x0, 0x4, 0xf9, 0x6b, 0xa6, 0x61,
    0x2, 0xf4, 0x1c, 0x3d, 0xff, 0xff, 0xff, 0xf4,
    0xc, 0xc3, 0xad, 0x9f, 0xe0, 0xe, 0x70, 0x0,
    0x3f, 0xff, 0xf4, 0xee, 0xf6, 0x6f, 0xb6, 0x50,
    0x4, 0x2e, 0x80, 0x58, 0xff, 0xff, 0xff, 0xd0,
    0x0, 0xbc, 0x1, 0x7, 0xe0, 0xe, 0x70, 0x0,
    0xa, 0xfd, 0xef, 0x17, 0xf6, 0x6f, 0xb6, 0x50,
    0x1f, 0xc8, 0x52, 0x7, 0xff, 0xff, 0xff, 0xd0,
    0x0, 0x0, 0x0, 0x17, 0xe0, 0xe, 0x70, 0x0,
    0x2, 0x59, 0xcf, 0x77, 0xe2, 0x2e, 0x92, 0x21,
    0x2f, 0xfc, 0x84, 0x7, 0xff, 0xff, 0xff, 0xf7,
    0x4, 0x0, 0x0, 0x7, 0xf3, 0x33, 0x33, 0x31,

    /* U+7F51 "网" */
    0x9f, 0xff, 0xff, 0xff, 0xff, 0xff, 0xfe, 0x9f,
    0x66, 0x66, 0x66, 0x66, 0x66, 0xce, 0x9e, 0x0,
    0x6, 0x60, 0x1, 0x81, 0x9e, 0x9e, 0x22, 0xd,
    0x84, 0x4, 0xf1, 0x9e, 0x9e, 0x9e, 0x1f, 0x6e,
    0x87, 0xe0, 0x9e, 0x9e, 0xd, 0xdf, 0x14, 0xfe,
    0xa0, 0x9e, 0x9e, 0x2, 0xfe, 0x0, 0x8f, 0x70,
    0x9e, 0x9e, 0x0, 0xdf, 0x40, 0x4f, 0xc0, 0x9e,
    0x9e, 0x4, 0xfc, 0xe0, 0xcd, 0xf6, 0x9e, 0x9e,
    0xc, 0xb1, 0xc5, 0xf4, 0x9d, 0x9e, 0x9e, 0x9f,
    0x30, 0x1e, 0xc0, 0x12, 0x9e, 0x9f, 0xb7, 0x0,
    0x6e, 0x10, 0x0, 0x9e, 0x9e, 0x0, 0x0, 0x0,
    0x3, 0x77, 0xed, 0x9e, 0x0, 0x0, 0x0, 0x2,
    0xff, 0xd5,

    /* U+7F6E "置" */
    0x3, 0xff, 0xff, 0xff, 0xff, 0xff, 0xff, 0x50,
    0x3, 0xf4, 0x8, 0xd0, 0xe, 0x80, 0x3f, 0x50,
    0x3, 0xfd, 0xce, 0xfc, 0xcf, 0xec, 0xdf, 0x50,
    0x0, 0x33, 0x33, 0x3f, 0xb3, 0x33, 0x33, 0x10,
    0xe, 0xff, 0xff, 0xff, 0xff, 0xff, 0xff, 0xb0,
    0x2, 0x22, 0x22, 0x5f, 0x62, 0x22, 0x22, 0x20,
    0x0, 0x1e, 0xee, 0xef, 0xee, 0xee, 0xe1, 0x0,
    0x0, 0x1f, 0x62, 0x22, 0x22, 0x28, 0xf1, 0x0,
    0x0, 0x1f, 0xed, 0xdd, 0xdd, 0xde, 0xf1, 0x0,
    0x0, 0x1f, 0x96, 0x66, 0x66, 0x6a, 0xf1, 0x0,
    0x0, 0x1f, 0x85, 0x55, 0x55, 0x5a, 0xf1, 0x0,
    0x0, 0x1f, 0xed, 0xdd, 0xdd, 0xde, 0xf1, 0x0,
    0x1, 0x3f, 0x61, 0x11, 0x11, 0x17, 0xf2, 0x10,
    0x2f, 0xff, 0xff, 0xff, 0xff, 0xff, 0xff, 0xf2,

    /* U+8003 "考" */
    0x0, 0x0, 0x0, 0x8f, 0x0, 0x0, 0x0, 0x0,
    0x0, 0x0, 0x0, 0x8f, 0x0, 0x0, 0x5e, 0x20,
    0x0, 0x7e, 0xee, 0xff, 0xee, 0xe8, 0xf9, 0x0,
    0x0, 0x24, 0x44, 0xaf, 0x44, 0x8f, 0xa0, 0x0,
    0x0, 0x0, 0x0, 0x8f, 0x4, 0xfb, 0x0, 0x0,
    0xd, 0xff, 0xff, 0xff, 0xff, 0xff, 0xff, 0xf1,
    0x4, 0x55, 0x55, 0x8f, 0xf7, 0x55, 0x55, 0x50,
    0x0, 0x0, 0x19, 0xfe, 0x52, 0x22, 0x21, 0x0,
    0x0, 0x17, 0xef, 0xff, 0xff, 0xff, 0xf8, 0x0,
    0x19, 0xff, 0x9e, 0xc0, 0x0, 0x0, 0x0, 0x0,
    0x1f, 0x92, 0x3f, 0xa5, 0x55, 0x55, 0x40, 0x0,
    0x1, 0x0, 0x9e, 0xee, 0xee, 0xef, 0xb0, 0x0,
    0x0, 0x0, 0x0, 0x0, 0x0, 0xf, 0x80, 0x0,
    0x0, 0x0, 0x0, 0x16, 0x55, 0xaf, 0x30, 0x0,
    0x0, 0x0, 0x0, 0xe, 0xff, 0xf7, 0x0, 0x0,
    0x0, 0x0, 0x0, 0x0, 0x0, 0x0, 0x0, 0x0,

    /* U+8017 "耗" */
    0x0, 0xa, 0xb0, 0x0, 0x0, 0x0, 0x47, 0x0,
    0x0, 0xa, 0xb0, 0x0, 0x0, 0x4b, 0xfc, 0x20,
    0x1f, 0xff, 0xff, 0xc3, 0x9e, 0xfd, 0x50, 0x0,
    0x5, 0x5c, 0xd5, 0x49, 0xd8, 0xf6, 0x0, 0x0,
    0x2, 0x3b, 0xc3, 0x10, 0x0, 0xf6, 0x0, 0x10,
    0xc, 0xff, 0xff, 0x80, 0x36, 0xfd, 0xdf, 0xb0,
    0x0, 0x1b, 0xc1, 0x8, 0xff, 0xfd, 0x97, 0x30,
    0x15, 0x5c, 0xd5, 0x53, 0x53, 0xf6, 0x0, 0x0,
    0x4f, 0xff, 0xff, 0xf2, 0x0, 0xf6, 0x13, 0x52,
    0x0, 0x6f, 0xf7, 0x5, 0x7a, 0xff, 0xff, 0xf5,
    0x2, 0xfe, 0xef, 0x6c, 0xdb, 0xf9, 0x31, 0x0,
    0x1d, 0xba, 0xb7, 0xd0, 0x0, 0xf6, 0x0, 0x30,
    0x5d, 0x1a, 0xb0, 0x10, 0x0, 0xf6, 0x0, 0xd7,
    0x1, 0xa, 0xb0, 0x0, 0x0, 0xfa, 0x45, 0xf5,
    0x0, 0xa, 0xb0, 0x0, 0x0, 0x9f, 0xff, 0xc0,

    /* U+81EA "自" */
    0x0, 0x0, 0x7, 0x40, 0x0, 0x0, 0x0, 0x0,
    0x3f, 0x80, 0x0, 0x0, 0x35, 0x55, 0x9f, 0x75,
    0x55, 0x54, 0x8f, 0xff, 0xff, 0xff, 0xff, 0xfa,
    0x8f, 0x11, 0x11, 0x11, 0x11, 0xea, 0x8f, 0x0,
    0x0, 0x0, 0x0, 0xea, 0x8f, 0xff, 0xff, 0xff,
    0xff, 0xfa, 0x8f, 0x77, 0x77, 0x77, 0x77, 0xfa,
    0x8f, 0x0, 0x0, 0x0, 0x0, 0xea, 0x8f, 0x66,
    0x66, 0x66, 0x66, 0xfa, 0x8f, 0xff, 0xff, 0xff,
    0xff, 0xfa, 0x8f, 0x0, 0x0, 0x0, 0x0, 0xea,
    0x8f, 0x0, 0x0, 0x0, 0x0, 0xea, 0x8f, 0xff,
    0xff, 0xff, 0xff, 0xfa, 0x8f, 0x77, 0x77, 0x77,
    0x77, 0xea,

    /* U+88C5 "装" */
    0x0, 0x0, 0xd9, 0x0, 0x1, 0xf6, 0x0, 0x0,
    0x8, 0x50, 0xd9, 0x0, 0x1, 0xf6, 0x0, 0x0,
    0x8, 0xf5, 0xd9, 0x45, 0x57, 0xf9, 0x55, 0x50,
    0x0, 0x86, 0xd9, 0xbf, 0xff, 0xff, 0xff, 0xf0,
    0x0, 0x1, 0xe9, 0x0, 0x1, 0xf6, 0x0, 0x0,
    0x4, 0xbf, 0xf9, 0x0, 0x1, 0xf6, 0x0, 0x0,
    0x4f, 0x92, 0xd9, 0x4f, 0xff, 0xff, 0xff, 0xb0,
    0x1, 0x0, 0x85, 0x1a, 0x95, 0x55, 0x55, 0x40,
    0x0, 0x0, 0x0, 0xe, 0xd0, 0x0, 0x0, 0x0,
    0x3f, 0xff, 0xff, 0xff, 0xff, 0xff, 0xff, 0xf3,
    0x2, 0x22, 0x4b, 0xf7, 0xdb, 0x22, 0x5b, 0x30,
    0x1, 0x59, 0xfd, 0x20, 0x4f, 0x78, 0xfa, 0x10,
    0x2f, 0xfa, 0xf8, 0x0, 0x7, 0xff, 0x40, 0x0,
    0x3, 0x1, 0xfb, 0x8c, 0xf3, 0x6e, 0xe8, 0x30,
    0x0, 0xa, 0xfe, 0xa7, 0x30, 0x1, 0x8e, 0xf2,
    0x0, 0x2, 0x20, 0x0, 0x0, 0x0, 0x0, 0x10,

    /* U+8981 "要" */
    0xf, 0xff, 0xff, 0xff, 0xff, 0xff, 0xff, 0xe0,
    0x5, 0x55, 0x5c, 0xd5, 0x5f, 0xa5, 0x55, 0x40,
    0x0, 0x44, 0x4b, 0xd4, 0x4f, 0x94, 0x44, 0x10,
    0x2, 0xff, 0xff, 0xff, 0xff, 0xff, 0xff, 0x50,
    0x2, 0xf3, 0xa, 0xc0, 0xf, 0x70, 0x2f, 0x50,
    0x2, 0xf6, 0x3b, 0xd3, 0x3f, 0x93, 0x6f, 0x50,
    0x2, 0xff, 0xff, 0xff, 0xff, 0xff, 0xff, 0x50,
    0x0, 0x0, 0x5, 0xf5, 0x0, 0x0, 0x0, 0x0,
    0x3f, 0xff, 0xff, 0xff, 0xff, 0xff, 0xff, 0xf3,
    0x15, 0x55, 0xef, 0x65, 0x55, 0xee, 0x65, 0x51,
    0x0, 0x7, 0xfb, 0x30, 0xa, 0xf4, 0x0, 0x0,
    0x0, 0x6, 0xad, 0xff, 0xdf, 0xa0, 0x0, 0x0,
    0x1, 0x24, 0x6a, 0xef, 0xce, 0xff, 0xb5, 0x10,
    0xc, 0xff, 0xeb, 0x61, 0x0, 0x37, 0xdf, 0x60,
    0x2, 0x20, 0x0, 0x0, 0x0, 0x0, 0x1, 0x0,

    /* U+89C6 "视" */
    0x0, 0x27, 0x0, 0x0, 0x0, 0x0, 0x0, 0x0,
    0x0, 0x4f, 0x70, 0xe, 0xff, 0xff, 0xff, 0x90,
    0x0, 0xa, 0x90, 0xe, 0xa4, 0x44, 0x4f, 0x90,
    0x1f, 0xff, 0xfe, 0x2e, 0x80, 0x63, 0xe, 0x90,
    0x6, 0x66, 0xce, 0xe, 0x80, 0xe8, 0xe, 0x90,
    0x0, 0x2, 0xf6, 0xe, 0x80, 0xe8, 0xe, 0x90,
    0x0, 0xb, 0xe0, 0xe, 0x80, 0xe8, 0xe, 0x90,
    0x0, 0x7f, 0xe1, 0xe, 0x80, 0xf6, 0xe, 0x90,
    0x7, 0xff, 0xec, 0xe, 0x81, 0xf4, 0xe, 0x90,
    0x4f, 0xcf, 0x6f, 0x57, 0x46, 0xfa, 0x7, 0x40,
    0x7, 0x2f, 0x42, 0x0, 0xc, 0xff, 0x0, 0x0,
    0x0, 0x2f, 0x40, 0x0, 0x6f, 0x9f, 0x0, 0x82,
    0x0, 0x2f, 0x40, 0x4, 0xf9, 0x5f, 0x0, 0xd5,
    0x0, 0x2f, 0x40, 0x7f, 0xc0, 0x4f, 0x32, 0xf3,
    0x0, 0x2f, 0x42, 0xf9, 0x0, 0x1c, 0xff, 0xb0,
    0x0, 0x3, 0x0, 0x10, 0x0, 0x0, 0x0, 0x0,

    /* U+8A00 "言" */
    0x0, 0x0, 0x0, 0x3a, 0x20, 0x0, 0x0, 0x0,
    0x0, 0x0, 0x0, 0x1e, 0xd0, 0x0, 0x0, 0x0,
    0x16, 0x66, 0x66, 0x6b, 0xf9, 0x66, 0x66, 0x61,
    0x2e, 0xee, 0xee, 0xee, 0xee, 0xee, 0xee, 0xe3,
    0x0, 0x0, 0x0, 0x0, 0x0, 0x0, 0x0, 0x0,
    0x0, 0xe, 0xff, 0xff, 0xff, 0xff, 0xf0, 0x0,
    0x0, 0x3, 0x44, 0x44, 0x44, 0x44, 0x40, 0x0,
    0x0, 0x3, 0x44, 0x44, 0x44, 0x44, 0x40, 0x0,
    0x0, 0xe, 0xff, 0xff, 0xff, 0xff, 0xf0, 0x0,
    0x0, 0x0, 0x0, 0x0, 0x0, 0x0, 0x0, 0x0,
    0x0, 0x1f, 0xff, 0xff, 0xff, 0xff, 0xf2, 0x0,
    0x0, 0x1f, 0x95, 0x55, 0x55, 0x59, 0xf2, 0x0,
    0x0, 0x1f, 0x60, 0x0, 0x0, 0x6, 0xf2, 0x0,
    0x0, 0x1f, 0x95, 0x55, 0x55, 0x59, 0xf2, 0x0,
    0x0, 0x1f, 0xfe, 0xee, 0xee, 0xee, 0xf2, 0x0,

    /* U+8BA4 "认" */
    0x0, 0x53, 0x0, 0x0, 0x6, 0xf2, 0x0, 0x0,
    0x0, 0xcf, 0x30, 0x0, 0x6, 0xf2, 0x0, 0x0,
    0x0, 0x1d, 0xf2, 0x0, 0x6, 0xf1, 0x0, 0x0,
    0x0, 0x2, 0xb0, 0x0, 0x6, 0xf1, 0x0, 0x0,
    0x0, 0x0, 0x0, 0x0, 0x7, 0xf0, 0x0, 0x0,
    0x37, 0x77, 0x40, 0x0, 0x9, 0xf1, 0x0, 0x0,
    0x7f, 0xff, 0x80, 0x0, 0xb, 0xf4, 0x0, 0x0,
    0x0, 0xe, 0x80, 0x0, 0xc, 0xf7, 0x0, 0x0,
    0x0, 0xe, 0x80, 0x0, 0xf, 0xfb, 0x0, 0x0,
    0x0, 0xe, 0x80, 0x0, 0x3f, 0xcf, 0x10, 0x0,
    0x0, 0xe, 0x80, 0x0, 0x9f, 0x2f, 0x80, 0x0,
    0x0, 0xe, 0xab, 0x81, 0xfa, 0x9, 0xf0, 0x0,
    0x0, 0xf, 0xfd, 0x3a, 0xf3, 0x3, 0xfb, 0x0,
    0x0, 0x8f, 0x90, 0x8f, 0x90, 0x0, 0x8f, 0xa0,
    0x0, 0x56, 0x1, 0xeb, 0x0, 0x0, 0xa, 0xe2,
    0x0, 0x0, 0x0, 0x20, 0x0, 0x0, 0x0, 0x20,

    /* U+8BBE "设" */
    0x0, 0x10, 0x0, 0x0, 0x0, 0x0, 0x0, 0x0,
    0x0, 0xea, 0x0, 0x4, 0xff, 0xff, 0xf1, 0x0,
    0x0, 0x5f, 0xa0, 0x4, 0xf7, 0x69, 0xf1, 0x0,
    0x0, 0x5, 0xd1, 0x5, 0xf0, 0x5, 0xf1, 0x0,
    0x0, 0x0, 0x0, 0xb, 0xd0, 0x5, 0xf1, 0x0,
    0x38, 0x88, 0x10, 0x9f, 0x50, 0x4, 0xfc, 0xb2,
    0x5f, 0xff, 0x35, 0xf7, 0x0, 0x0, 0x79, 0x92,
    0x0, 0x4f, 0x30, 0x77, 0x77, 0x77, 0x77, 0x10,
    0x0, 0x4f, 0x30, 0xdf, 0xff, 0xff, 0xff, 0x30,
    0x0, 0x4f, 0x30, 0x1f, 0x70, 0x0, 0xbc, 0x0,
    0x0, 0x4f, 0x30, 0x8, 0xf3, 0x6, 0xf4, 0x0,
    0x0, 0x4f, 0x6d, 0x10, 0xce, 0x8f, 0x70, 0x0,
    0x0, 0x5f, 0xfb, 0x10, 0x2f, 0xfd, 0x0, 0x0,
    0x0, 0xcf, 0x80, 0x4a, 0xfe, 0xbf, 0xe8, 0x30,
    0x0, 0xa6, 0x7, 0xfd, 0x70, 0x3, 0xbf, 0xf3,
    0x0, 0x0, 0x0, 0x30, 0x0, 0x0, 0x1, 0x30,

    /* U+8BBF "访" */
    0x0, 0x31, 0x0, 0x0, 0x4, 0x90, 0x0, 0x0,
    0x0, 0xec, 0x10, 0x0, 0x5, 0xf4, 0x0, 0x0,
    0x0, 0x3f, 0xc0, 0x0, 0x1, 0xf6, 0x0, 0x0,
    0x0, 0x4, 0x80, 0xff, 0xff, 0xff, 0xff, 0xf5,
    0x0, 0x0, 0x0, 0x88, 0xed, 0x88, 0x88, 0x82,
    0x3b, 0xbb, 0x50, 0x0, 0xea, 0x0, 0x0, 0x0,
    0x4e, 0xef, 0x80, 0x0, 0xea, 0x22, 0x22, 0x0,
    0x0, 0xf, 0x80, 0x0, 0xff, 0xff, 0xff, 0x30,
    0x0, 0xf, 0x80, 0x1, 0xf8, 0x33, 0x7f, 0x20,
    0x0, 0xf, 0x80, 0x3, 0xf4, 0x0, 0x5f, 0x20,
    0x0, 0xf, 0x83, 0x47, 0xf1, 0x0, 0x6f, 0x0,
    0x0, 0xf, 0xdf, 0x7d, 0xc0, 0x0, 0x8f, 0x0,
    0x0, 0x4f, 0xf5, 0x5f, 0x60, 0x0, 0xad, 0x0,
    0x0, 0xbd, 0x22, 0xfd, 0x2, 0x67, 0xfa, 0x0,
    0x0, 0x11, 0x3, 0xd2, 0x1, 0xff, 0xd3, 0x0,
    0x0, 0x0, 0x0, 0x0, 0x0, 0x0, 0x0, 0x0,

    /* U+8BD5 "试" */
    0x0, 0x71, 0x0, 0x0, 0x0, 0x9f, 0x48, 0x0,
    0x0, 0xed, 0x0, 0x0, 0x0, 0x8f, 0x4f, 0x40,
    0x0, 0x3f, 0xa0, 0x0, 0x0, 0x8f, 0xa, 0xc0,
    0x0, 0x5, 0xa2, 0x44, 0x44, 0xaf, 0x46, 0x60,
    0x0, 0x0, 0xa, 0xff, 0xff, 0xff, 0xff, 0xf2,
    0x18, 0x88, 0x21, 0x22, 0x22, 0x8f, 0x32, 0x20,
    0x2b, 0xcf, 0x40, 0x0, 0x0, 0x5f, 0x20, 0x0,
    0x0, 0x2f, 0x42, 0xee, 0xee, 0x5f, 0x30, 0x0,
    0x0, 0x2f, 0x41, 0x7c, 0xd7, 0x3f, 0x40, 0x0,
    0x0, 0x2f, 0x40, 0xa, 0xb0, 0x1f, 0x70, 0x0,
    0x0, 0x2f, 0x40, 0xa, 0xb0, 0xe, 0x90, 0x10,
    0x0, 0x2f, 0x7b, 0xa, 0xc6, 0x5b, 0xd0, 0xe2,
    0x0, 0x4f, 0xfd, 0x9e, 0xff, 0x87, 0xf4, 0xf2,
    0x0, 0xcf, 0x62, 0xe9, 0x50, 0x2, 0xff, 0xe0,
    0x0, 0x42, 0x0, 0x0, 0x0, 0x0, 0x7f, 0x60,
    0x0, 0x0, 0x0, 0x0, 0x0, 0x0, 0x0, 0x0,

    /* U+8BED "语" */
    0x0, 0x0, 0x0, 0x0, 0x0, 0x0, 0x0, 0x0,
    0x4, 0xe4, 0x4, 0xff, 0xff, 0xff, 0xff, 0xe0,
    0x0, 0xbf, 0x41, 0x55, 0x8f, 0x85, 0x55, 0x50,
    0x0, 0xc, 0xa0, 0x1, 0x7f, 0x31, 0x11, 0x0,
    0x0, 0x1, 0x0, 0xbf, 0xff, 0xff, 0xfd, 0x0,
    0x38, 0x88, 0x10, 0x23, 0xeb, 0x33, 0xbc, 0x0,
    0x4d, 0xef, 0x20, 0x1, 0xf7, 0x0, 0xba, 0x0,
    0x0, 0x4f, 0x2d, 0xff, 0xff, 0xff, 0xff, 0xf7,
    0x0, 0x4f, 0x25, 0x66, 0x66, 0x66, 0x66, 0x63,
    0x0, 0x4f, 0x20, 0x35, 0x55, 0x55, 0x55, 0x20,
    0x0, 0x4f, 0x20, 0x9f, 0xff, 0xff, 0xff, 0x60,
    0x0, 0x4f, 0x28, 0xad, 0x0, 0x0, 0x1f, 0x60,
    0x0, 0x4f, 0xef, 0xcd, 0x0, 0x0, 0x1f, 0x60,
    0x0, 0xaf, 0xd2, 0x9e, 0x55, 0x55, 0x6f, 0x60,
    0x0, 0x89, 0x0, 0x9f, 0xff, 0xff, 0xff, 0x60,
    0x0, 0x0, 0x0, 0x0, 0x0, 0x0, 0x0, 0x0,

    /* U+8BEF "误" */
    0x0, 0x20, 0x0, 0x0, 0x0, 0x0, 0x0, 0x0,
    0x3, 0xf7, 0x0, 0x3f, 0xff, 0xff, 0xff, 0x80,
    0x0, 0xaf, 0x70, 0x3f, 0x74, 0x44, 0x4f, 0x80,
    0x0, 0xc, 0xc0, 0x3f, 0x30, 0x0, 0xf, 0x80,
    0x0, 0x1, 0x10, 0x3f, 0x75, 0x55, 0x5f, 0x80,
    0x25, 0x55, 0x10, 0x3f, 0xff, 0xff, 0xff, 0x70,
    0x5e, 0xef, 0x40, 0x0, 0x0, 0x0, 0x0, 0x0,
    0x0, 0x3f, 0x40, 0x9f, 0xff, 0xff, 0xff, 0xe0,
    0x0, 0x3f, 0x40, 0x24, 0x46, 0xf7, 0x44, 0x40,
    0x0, 0x3f, 0x40, 0x22, 0x26, 0xf5, 0x22, 0x21,
    0x0, 0x3f, 0x41, 0xff, 0xff, 0xff, 0xff, 0xf8,
    0x0, 0x3f, 0x47, 0x22, 0x2d, 0xfe, 0x32, 0x21,
    0x0, 0x4f, 0xff, 0x20, 0x8f, 0x7e, 0xb0, 0x0,
    0x0, 0xaf, 0xc2, 0x3b, 0xf9, 0x4, 0xfd, 0x60,
    0x0, 0x58, 0x4, 0xfe, 0x50, 0x0, 0x3c, 0xf5,
    0x0, 0x0, 0x0, 0x30, 0x0, 0x0, 0x0, 0x30,

    /* U+8BF7 "请" */
    0x0, 0x30, 0x0, 0x0, 0x8, 0xf0, 0x0, 0x0,
    0x4, 0xf6, 0x0, 0x22, 0x29, 0xf2, 0x22, 0x10,
    0x0, 0x9f, 0x32, 0xff, 0xff, 0xff, 0xff, 0xa0,
    0x0, 0xc, 0xa0, 0x12, 0x29, 0xf2, 0x22, 0x0,
    0x0, 0x1, 0x10, 0xae, 0xef, 0xfe, 0xee, 0x30,
    0x14, 0x44, 0x11, 0x22, 0x29, 0xf2, 0x22, 0x20,
    0x6f, 0xff, 0x49, 0xff, 0xff, 0xff, 0xff, 0xf2,
    0x2, 0x4f, 0x40, 0x13, 0x33, 0x33, 0x33, 0x0,
    0x0, 0x2f, 0x40, 0x8f, 0xee, 0xee, 0xff, 0x0,
    0x0, 0x2f, 0x40, 0x8e, 0x0, 0x0, 0x7f, 0x0,
    0x0, 0x2f, 0x40, 0x8f, 0xff, 0xff, 0xff, 0x0,
    0x0, 0x2f, 0x69, 0x8e, 0x11, 0x11, 0x8f, 0x0,
    0x0, 0x4f, 0xfa, 0x8f, 0xff, 0xff, 0xff, 0x0,
    0x0, 0xbf, 0x60, 0x8e, 0x0, 0x25, 0xaf, 0x0,
    0x0, 0x53, 0x0, 0x8e, 0x0, 0x2f, 0xe8, 0x0,

    /* U+8BFB "读" */
    0x0, 0x50, 0x0, 0x0, 0x7, 0xf0, 0x0, 0x0,
    0x4, 0xf8, 0x0, 0x11, 0x18, 0xf2, 0x11, 0x0,
    0x0, 0x8f, 0x70, 0xbf, 0xff, 0xff, 0xff, 0x40,
    0x0, 0x9, 0xa0, 0x12, 0x28, 0xf2, 0x22, 0x0,
    0x0, 0x0, 0x2, 0x99, 0x9c, 0xf9, 0x99, 0x80,
    0x38, 0x88, 0x13, 0xbb, 0xbb, 0xbb, 0xbe, 0xb0,
    0x6f, 0xff, 0x20, 0xa, 0x50, 0xc5, 0xe, 0x60,
    0x0, 0x3f, 0x20, 0x43, 0xd9, 0xf6, 0x1b, 0x10,
    0x0, 0x3f, 0x21, 0xcc, 0x34, 0xf5, 0x0, 0x0,
    0x0, 0x3f, 0x21, 0x2a, 0x95, 0xf6, 0x22, 0x20,
    0x0, 0x3f, 0x29, 0xff, 0xff, 0xff, 0xff, 0xf1,
    0x0, 0x3f, 0x8a, 0x22, 0x4f, 0xb5, 0x32, 0x20,
    0x0, 0x4f, 0xf8, 0x1, 0xdf, 0x3d, 0xd3, 0x0,
    0x0, 0x9f, 0x60, 0x6e, 0xe4, 0x1, 0xbf, 0x50,
    0x0, 0xa5, 0x9, 0xfb, 0x20, 0x0, 0x8, 0xf1,
    0x0, 0x0, 0x1, 0x30, 0x0, 0x0, 0x0, 0x20,

    /* U+8D25 "败" */
    0x0, 0x0, 0x0, 0x0, 0x4, 0x60, 0x0, 0x0,
    0xd, 0xff, 0xff, 0xf0, 0xa, 0xd0, 0x0, 0x0,
    0xd, 0x95, 0x57, 0xf0, 0xe, 0x90, 0x0, 0x0,
    0xd, 0x51, 0x23, 0xf0, 0x2f, 0xb7, 0x77, 0x70,
    0xd, 0x56, 0xe3, 0xf0, 0x8f, 0xee, 0xff, 0xe0,
    0xd, 0x56, 0xe3, 0xf1, 0xea, 0x0, 0x7d, 0x0,
    0xd, 0x56, 0xe3, 0xf8, 0xf9, 0x0, 0xaa, 0x0,
    0xd, 0x56, 0xe3, 0xf9, 0xee, 0x0, 0xd6, 0x0,
    0xd, 0x56, 0xe3, 0xf1, 0x1e, 0x52, 0xf3, 0x0,
    0xd, 0x58, 0xd3, 0xf0, 0x6, 0xd9, 0xc0, 0x0,
    0xb, 0x4b, 0x92, 0xb0, 0x0, 0xef, 0x50, 0x0,
    0x0, 0x2f, 0x89, 0x0, 0x0, 0xcf, 0x50, 0x0,
    0x0, 0xbc, 0x1e, 0x70, 0x9, 0xfb, 0xf4, 0x0,
    0x1c, 0xe3, 0x6, 0xf4, 0xbf, 0x50, 0xbf, 0x90,
    0x4d, 0x20, 0x0, 0x73, 0xd4, 0x0, 0x7, 0xb0,
    0x0, 0x0, 0x0, 0x0, 0x0, 0x0, 0x0, 0x0,

    /* U+8D26 "账" */
    0x0, 0x0, 0x0, 0x1, 0xf4, 0x0, 0x0, 0x0,
    0xe, 0xff, 0xff, 0x31, 0xf4, 0x0, 0x3e, 0x30,
    0xe, 0x63, 0x3f, 0x31, 0xf4, 0x0, 0xdd, 0x0,
    0xe, 0x3c, 0x3e, 0x31, 0xf4, 0x9, 0xf3, 0x0,
    0xe, 0x3e, 0x3e, 0x31, 0xf5, 0xaf, 0x70, 0x0,
    0xe, 0x3e, 0x3e, 0x31, 0xf5, 0xc8, 0x0, 0x0,
    0xe, 0x3e, 0x3e, 0x67, 0xf9, 0x76, 0x66, 0x60,
    0xe, 0x3e, 0x3e, 0xaf, 0xff, 0xff, 0xff, 0xf0,
    0xe, 0x3f, 0x3e, 0x31, 0xf4, 0x5f, 0x10, 0x0,
    0xe, 0x3f, 0x2e, 0x31, 0xf4, 0xe, 0x70, 0x0,
    0xe, 0x6f, 0xd, 0x31, 0xf4, 0x9, 0xe0, 0x0,
    0x0, 0x7d, 0xa0, 0x1, 0xf4, 0x3, 0xf6, 0x0,
    0x1, 0xe4, 0xca, 0x1, 0xf6, 0x66, 0xbf, 0x20,
    0x1d, 0xb0, 0x1f, 0x55, 0xff, 0xf6, 0x1e, 0xe1,
    0x5a, 0x0, 0x5, 0x19, 0xd6, 0x0, 0x2, 0x80,
    0x0, 0x0, 0x0, 0x0, 0x0, 0x0, 0x0, 0x0,

    /* U+8D70 "走" */
    0x0, 0x0, 0x0, 0xd, 0xb0, 0x0, 0x0, 0x0,
    0x0, 0x0, 0x0, 0xd, 0xb0, 0x0, 0x0, 0x0,
    0x0, 0xaf, 0xff, 0xff, 0xff, 0xff, 0xfc, 0x0,
    0x0, 0x46, 0x66, 0x6e, 0xd6, 0x66, 0x65, 0x0,
    0x0, 0x0, 0x0, 0xd, 0xb0, 0x0, 0x0, 0x0,
    0x6, 0x66, 0x66, 0x6e, 0xd6, 0x66, 0x66, 0x60,
    0xf, 0xff, 0xff, 0xff, 0xff, 0xff, 0xff, 0xf0,
    0x0, 0x2, 0x10, 0xd, 0xb0, 0x0, 0x0, 0x0,
    0x0, 0xc, 0xc0, 0xc, 0xb0, 0x0, 0x0, 0x0,
    0x0, 0xf, 0x90, 0xc, 0xfe, 0xee, 0xee, 0x0,
    0x0, 0x3f, 0xc0, 0xc, 0xd6, 0x66, 0x66, 0x0,
    0x0, 0x9f, 0xf7, 0xc, 0xb0, 0x0, 0x0, 0x0,
    0x1, 0xf8, 0x6f, 0x9d, 0xb0, 0x0, 0x0, 0x0,
    0xc, 0xe1, 0x7, 0xff, 0xe9, 0x87, 0x67, 0x73,
    0x3e, 0x30, 0x0, 0x17, 0xbe, 0xff, 0xff, 0xf2,
    0x0, 0x0, 0x0, 0x0, 0x0, 0x0, 0x0, 0x0,

    /* U+8FC7 "过" */
    0x0, 0x30, 0x0, 0x0, 0x0, 0x9, 0xf0, 0x0,
    0xa, 0xe2, 0x0, 0x0, 0x0, 0x9, 0xf0, 0x0,
    0x2, 0xed, 0x0, 0x0, 0x0, 0x9, 0xf0, 0x0,
    0x0, 0x5f, 0x75, 0x77, 0x77, 0x7c, 0xf7, 0x70,
    0x0, 0x7, 0x1a, 0xff, 0xff, 0xff, 0xff, 0xf1,
    0x0, 0x0, 0x0, 0x0, 0x0, 0x9, 0xf0, 0x0,
    0x17, 0x77, 0x20, 0xaa, 0x0, 0x9, 0xf0, 0x0,
    0x3f, 0xff, 0x40, 0x4f, 0x70, 0x9, 0xf0, 0x0,
    0x0, 0x2f, 0x40, 0x9, 0xf2, 0x9, 0xf0, 0x0,
    0x0, 0x2f, 0x40, 0x0, 0x70, 0x9, 0xf0, 0x0,
    0x0, 0x2f, 0x40, 0x0, 0x0, 0x9, 0xf0, 0x0,
    0x0, 0x3f, 0x40, 0x0, 0x6f, 0xff, 0xc0, 0x0,
    0x4, 0xef, 0xd4, 0x0, 0x18, 0x75, 0x10, 0x0,
    0x3f, 0xd4, 0xbf, 0xd9, 0x87, 0x78, 0x89, 0xb5,
    0x1d, 0x20, 0x4, 0xae, 0xff, 0xff, 0xff, 0xe2,
    0x0, 0x0, 0x0, 0x0, 0x0, 0x0, 0x0, 0x0,

    /* U+8FD4 "返" */
    0x0, 0x0, 0x0, 0x0, 0x0, 0x0, 0x3, 0x0,
    0x8, 0x90, 0x0, 0x67, 0x89, 0xbd, 0xff, 0x80,
    0x7, 0xf8, 0x0, 0xff, 0xdc, 0xa9, 0x63, 0x0,
    0x0, 0x9f, 0x30, 0xf8, 0x0, 0x0, 0x0, 0x0,
    0x0, 0x3, 0x0, 0xfb, 0x66, 0x66, 0x66, 0x10,
    0x0, 0x0, 0x0, 0xff, 0xff, 0xff, 0xff, 0x30,
    0x27, 0x77, 0x1, 0xf6, 0x0, 0x0, 0xbd, 0x0,
    0x5f, 0xff, 0x12, 0xf6, 0xe9, 0x4, 0xf7, 0x0,
    0x0, 0x6f, 0x14, 0xf3, 0x5f, 0xcd, 0xd0, 0x0,
    0x0, 0x6f, 0x18, 0xf0, 0x4, 0xff, 0x50, 0x0,
    0x0, 0x6f, 0x1e, 0xb0, 0x2d, 0xfe, 0xe3, 0x0,
    0x0, 0x6f, 0x8f, 0x5a, 0xfe, 0x31, 0xdf, 0x40,
    0x2, 0xcf, 0x66, 0x8, 0x70, 0x0, 0x19, 0x0,
    0x4f, 0xda, 0xfe, 0x97, 0x65, 0x66, 0x78, 0x92,
    0x3e, 0x10, 0x28, 0xcf, 0xff, 0xff, 0xff, 0xe1,
    0x1, 0x0, 0x0, 0x0, 0x1, 0x0, 0x0, 0x0,

    /* U+8FDE "连" */
    0x0, 0x30, 0x0, 0x0, 0x74, 0x0, 0x0, 0x0,
    0x7, 0xf4, 0x0, 0x1, 0xf9, 0x0, 0x0, 0x0,
    0x0, 0xbe, 0x1c, 0xff, 0xff, 0xff, 0xff, 0xd0,
    0x0, 0x1e, 0x54, 0x5f, 0xc5, 0x55, 0x55, 0x40,
    0x0, 0x0, 0x0, 0x5f, 0x41, 0xf7, 0x0, 0x0,
    0x13, 0x33, 0x0, 0xdd, 0x23, 0xf8, 0x22, 0x0,
    0x5f, 0xff, 0x14, 0xff, 0xff, 0xff, 0xff, 0x60,
    0x2, 0x7f, 0x10, 0x54, 0x34, 0xf9, 0x33, 0x10,
    0x0, 0x5f, 0x10, 0x0, 0x1, 0xf7, 0x0, 0x0,
    0x0, 0x5f, 0x1d, 0xee, 0xee, 0xff, 0xee, 0xe1,
    0x0, 0x5f, 0x17, 0x88, 0x89, 0xfc, 0x88, 0x80,
    0x0, 0x5f, 0x10, 0x0, 0x1, 0xf7, 0x0, 0x0,
    0x4, 0xef, 0xb2, 0x0, 0x1, 0xf7, 0x0, 0x0,
    0x4f, 0xc5, 0xdf, 0xc8, 0x77, 0x98, 0x89, 0xa6,
    0x2e, 0x10, 0x6, 0xcf, 0xff, 0xff, 0xff, 0xf4,
    0x1, 0x0, 0x0, 0x0, 0x1, 0x10, 0x0, 0x0,

    /* U+9000 "退" */
    0x0, 0x0, 0x0, 0x0, 0x0, 0x0, 0x0, 0x0,
    0x7, 0xb0, 0x0, 0xef, 0xff, 0xff, 0xfe, 0x0,
    0x4, 0xfa, 0x0, 0xeb, 0x33, 0x33, 0xae, 0x0,
    0x0, 0x7f, 0x50, 0xea, 0x22, 0x22, 0xae, 0x0,
    0x0, 0x7, 0x10, 0xef, 0xff, 0xff, 0xfe, 0x0,
    0x0, 0x0, 0x0, 0xea, 0x0, 0x0, 0x9e, 0x0,
    0x3f, 0xff, 0x30, 0xef, 0xff, 0xff, 0xfe, 0x0,
    0x16, 0x8f, 0x30, 0xea, 0x26, 0x42, 0x2b, 0xa0,
    0x0, 0x3f, 0x30, 0xe9, 0xb, 0xf7, 0xde, 0x50,
    0x0, 0x3f, 0x30, 0xe9, 0x0, 0x7f, 0xf1, 0x0,
    0x0, 0x3f, 0x31, 0xfc, 0x9d, 0x34, 0xfc, 0x0,
    0x0, 0x3f, 0x36, 0xff, 0xb7, 0x10, 0x3e, 0x90,
    0x1, 0xbf, 0xc3, 0x50, 0x0, 0x0, 0x2, 0x0,
    0x1d, 0xe4, 0x9f, 0xc7, 0x65, 0x55, 0x68, 0xa6,
    0x2e, 0x20, 0x3, 0x9d, 0xff, 0xff, 0xff, 0xe4,
    0x0, 0x0, 0x0, 0x0, 0x0, 0x0, 0x0, 0x0,

    /* U+9001 "送" */
    0x0, 0x0, 0x0, 0x1, 0x0, 0x0, 0x20, 0x0,
    0x7, 0xd1, 0x0, 0x4f, 0x40, 0x0, 0xeb, 0x0,
    0x2, 0xec, 0x0, 0xc, 0xd0, 0x7, 0xf3, 0x0,
    0x0, 0x5f, 0x62, 0x6a, 0xd7, 0x6e, 0xd6, 0x40,
    0x0, 0x5, 0x5, 0xff, 0xff, 0xff, 0xff, 0x90,
    0x0, 0x0, 0x0, 0x0, 0xc, 0xb0, 0x0, 0x0,
    0x4f, 0xff, 0x12, 0x22, 0x2d, 0xc2, 0x22, 0x20,
    0x14, 0x8f, 0x1e, 0xff, 0xff, 0xff, 0xff, 0xf2,
    0x0, 0x5f, 0x13, 0x33, 0x5f, 0xf6, 0x33, 0x30,
    0x0, 0x5f, 0x10, 0x0, 0xaf, 0xce, 0x30, 0x0,
    0x0, 0x5f, 0x10, 0x8, 0xf8, 0xb, 0xf4, 0x0,
    0x0, 0x5f, 0x14, 0xcf, 0x90, 0x0, 0xbf, 0x40,
    0x4, 0xdf, 0x86, 0xd4, 0x0, 0x0, 0x9, 0x10,
    0x5f, 0xc7, 0xff, 0xb8, 0x76, 0x67, 0x78, 0x95,
    0x4d, 0x0, 0x17, 0xcf, 0xff, 0xff, 0xff, 0xe3,
    0x1, 0x0, 0x0, 0x0, 0x1, 0x10, 0x0, 0x0,

    /* U+9009 "选" */
    0x1, 0x10, 0x0, 0x3, 0x6, 0xf1, 0x0, 0x0,
    0xd, 0xc1, 0x0, 0x5f, 0x36, 0xf1, 0x0, 0x0,
    0x4, 0xfb, 0x0, 0xbf, 0x59, 0xf6, 0x55, 0x30,
    0x0, 0x6f, 0x43, 0xff, 0xff, 0xff, 0xff, 0x90,
    0x0, 0x4, 0xb, 0xe1, 0x6, 0xf1, 0x0, 0x0,
    0x0, 0x0, 0x1, 0x30, 0x6, 0xf1, 0x0, 0x0,
    0x15, 0x55, 0xd, 0xee, 0xef, 0xff, 0xee, 0xe3,
    0x2f, 0xff, 0x25, 0x58, 0xf9, 0x8f, 0x85, 0x51,
    0x0, 0x5f, 0x20, 0x6, 0xf2, 0x3f, 0x40, 0x0,
    0x0, 0x4f, 0x20, 0xd, 0xd0, 0x3f, 0x40, 0x71,
    0x0, 0x4f, 0x21, 0xbf, 0x50, 0x3f, 0x40, 0xf5,
    0x0, 0x4f, 0x3e, 0xf7, 0x0, 0x1f, 0xff, 0xf2,
    0x0, 0x7f, 0xb8, 0x20, 0x0, 0x4, 0x77, 0x40,
    0xa, 0xfb, 0xcf, 0xc7, 0x65, 0x56, 0x67, 0x83,
    0x1e, 0x70, 0x5, 0xae, 0xff, 0xff, 0xff, 0xf3,
    0x1, 0x0, 0x0, 0x0, 0x0, 0x10, 0x0, 0x0,

    /* U+90AE "邮" */
    0x0, 0xf, 0x70, 0x0, 0x0, 0x0, 0x0, 0x0,
    0x0, 0xf7, 0x0, 0x4, 0xff, 0xff, 0xc0, 0x0,
    0x1f, 0x70, 0x0, 0x4f, 0x76, 0xec, 0xe, 0xff,
    0xff, 0xff, 0x64, 0xf0, 0x1f, 0x60, 0xe8, 0x3f,
    0x83, 0xf6, 0x4f, 0x7, 0xf0, 0xe, 0x60, 0xe5,
    0xf, 0x64, 0xf0, 0xd9, 0x0, 0xe6, 0xe, 0x50,
    0xf6, 0x4f, 0x3f, 0x50, 0xe, 0xfe, 0xff, 0xef,
    0x64, 0xf0, 0x9e, 0x0, 0xea, 0x6f, 0x96, 0xf6,
    0x4f, 0x0, 0xe7, 0xe, 0x60, 0xe5, 0xf, 0x64,
    0xf0, 0xa, 0xb0, 0xe6, 0xe, 0x50, 0xf6, 0x4f,
    0x0, 0x8e, 0xe, 0x60, 0xf6, 0xf, 0x64, 0xf4,
    0x4d, 0xc0, 0xef, 0xff, 0xff, 0xf6, 0x4f, 0x8f,
    0xe4, 0xe, 0x83, 0x33, 0x3f, 0x64, 0xf1, 0x10,
    0x0, 0x52, 0x0, 0x0, 0x10, 0x4f, 0x0, 0x0,
    0x0,

    /* U+91CD "重" */
    0x0, 0x0, 0x0, 0x1, 0x23, 0x57, 0x91, 0x0,
    0x0, 0xbe, 0xff, 0xff, 0xff, 0xec, 0xa4, 0x0,
    0x0, 0x35, 0x43, 0x3d, 0xb0, 0x0, 0x0, 0x0,
    0x1e, 0xee, 0xee, 0xef, 0xfe, 0xee, 0xee, 0xe2,
    0x5, 0x55, 0x55, 0x5e, 0xc5, 0x55, 0x55, 0x50,
    0x0, 0x6d, 0xdd, 0xdf, 0xfd, 0xdd, 0xd8, 0x0,
    0x0, 0x7f, 0x22, 0x2d, 0xb2, 0x22, 0xe9, 0x0,
    0x0, 0x7f, 0xdd, 0xdf, 0xfd, 0xdd, 0xf9, 0x0,
    0x0, 0x7f, 0x11, 0x1d, 0xb1, 0x11, 0xe9, 0x0,
    0x0, 0x7f, 0xdd, 0xdf, 0xfd, 0xdd, 0xf9, 0x0,
    0x0, 0x12, 0x22, 0x2d, 0xb2, 0x22, 0x21, 0x0,
    0x0, 0xee, 0xee, 0xef, 0xfe, 0xee, 0xee, 0x20,
    0x0, 0x44, 0x44, 0x4e, 0xc4, 0x44, 0x44, 0x0,
    0x4, 0x44, 0x44, 0x4d, 0xc4, 0x44, 0x44, 0x41,
    0x3f, 0xff, 0xff, 0xff, 0xff, 0xff, 0xff, 0xf3,

    /* U+91CF "量" */
    0x0, 0x3f, 0xed, 0xdd, 0xdd, 0xde, 0xf2, 0x0,
    0x0, 0x3f, 0xba, 0xaa, 0xaa, 0xac, 0xf2, 0x0,
    0x0, 0x3f, 0x51, 0x11, 0x11, 0x16, 0xf2, 0x0,
    0x0, 0x3f, 0xff, 0xff, 0xff, 0xff, 0xf2, 0x0,
    0x4, 0x44, 0x44, 0x44, 0x44, 0x44, 0x44, 0x41,
    0x2d, 0xdd, 0xdd, 0xdd, 0xdd, 0xdd, 0xdd, 0xd3,
    0x0, 0x48, 0x88, 0x88, 0x88, 0x88, 0x85, 0x0,
    0x0, 0x7f, 0x44, 0x4d, 0xc4, 0x44, 0xe9, 0x0,
    0x0, 0x7f, 0xdd, 0xdf, 0xfd, 0xdd, 0xf9, 0x0,
    0x0, 0x7f, 0x77, 0x7d, 0xd7, 0x77, 0xf9, 0x0,
    0x0, 0x25, 0x55, 0x5d, 0xd5, 0x55, 0x53, 0x0,
    0x0, 0xdf, 0xff, 0xff, 0xff, 0xff, 0xfe, 0x0,
    0x1, 0x22, 0x22, 0x2c, 0xc2, 0x22, 0x22, 0x10,
    0x4f, 0xff, 0xff, 0xff, 0xff, 0xff, 0xff, 0xf4,

    /* U+949F "钟" */
    0x0, 0x5b, 0x0, 0x0, 0x0, 0x9e, 0x0, 0x0,
    0x0, 0xdc, 0x0, 0x0, 0x0, 0x9e, 0x0, 0x0,
    0x4, 0xff, 0xff, 0xa0, 0x0, 0x9e, 0x0, 0x0,
    0x1e, 0xd6, 0x66, 0x45, 0x55, 0xbf, 0x55, 0x50,
    0x5f, 0x20, 0x0, 0xd, 0xff, 0xff, 0xff, 0xf1,
    0x7, 0xff, 0xff, 0x5d, 0x92, 0xae, 0x27, 0xf1,
    0x1, 0x6e, 0xc6, 0x2d, 0x80, 0x9e, 0x5, 0xf1,
    0x0, 0xd, 0x90, 0xd, 0x80, 0x9e, 0x5, 0xf1,
    0x9, 0x9f, 0xd9, 0x6d, 0xa4, 0xbf, 0x48, 0xf1,
    0xb, 0xbf, 0xeb, 0x8d, 0xff, 0xff, 0xff, 0xf1,
    0x0, 0xd, 0x90, 0xd, 0x92, 0xae, 0x27, 0xf1,
    0x0, 0xd, 0x90, 0x12, 0x10, 0x9e, 0x0, 0x0,
    0x0, 0xe, 0xcb, 0xc0, 0x0, 0x9e, 0x0, 0x0,
    0x0, 0x5f, 0xf9, 0x20, 0x0, 0x9e, 0x0, 0x0,
    0x0, 0x49, 0x10, 0x0, 0x0, 0x9e, 0x0, 0x0,

    /* U+9519 "错" */
    0x0, 0x6a, 0x0, 0x0, 0x6e, 0x2, 0xf3, 0x0,
    0x0, 0xdc, 0x0, 0x0, 0x6e, 0x2, 0xf3, 0x0,
    0x4, 0xfc, 0x77, 0x34, 0x9f, 0x46, 0xf7, 0x40,
    0xd, 0xff, 0xff, 0x6f, 0xff, 0xff, 0xff, 0xf0,
    0x5f, 0x40, 0x0, 0x0, 0x6e, 0x2, 0xf3, 0x0,
    0x9, 0xcc, 0xcc, 0x44, 0x9f, 0x46, 0xf7, 0x41,
    0x2, 0x7f, 0xb7, 0x6f, 0xff, 0xff, 0xff, 0xf6,
    0x0, 0xf, 0x70, 0x0, 0x0, 0x0, 0x0, 0x0,
    0x6, 0x6f, 0xa6, 0x34, 0xaa, 0xaa, 0xaa, 0x40,
    0xf, 0xff, 0xff, 0x85, 0xfa, 0x99, 0xaf, 0x60,
    0x0, 0xf, 0x70, 0x5, 0xf3, 0x22, 0x3f, 0x60,
    0x0, 0xf, 0x70, 0x5, 0xff, 0xff, 0xff, 0x60,
    0x0, 0xf, 0xac, 0x55, 0xf0, 0x0, 0xf, 0x60,
    0x0, 0x3f, 0xfb, 0x25, 0xf5, 0x55, 0x5f, 0x60,
    0x0, 0x6a, 0x30, 0x5, 0xfe, 0xee, 0xee, 0x50,

    /* U+95ED "闭" */
    0x7, 0x20, 0x0, 0x0, 0x0, 0x0, 0x0, 0x1e,
    0xd1, 0x3f, 0xff, 0xff, 0xff, 0xfe, 0x3, 0xfa,
    0x16, 0x66, 0x66, 0x66, 0xbe, 0x12, 0x51, 0x0,
    0x0, 0x53, 0x0, 0x8e, 0x9e, 0x0, 0x0, 0x0,
    0xf8, 0x0, 0x8e, 0x9e, 0x3, 0x33, 0x33, 0xfa,
    0x32, 0x8e, 0x9e, 0xf, 0xff, 0xff, 0xff, 0xfa,
    0x8e, 0x9e, 0x2, 0x22, 0x6f, 0xfa, 0x21, 0x8e,
    0x9e, 0x0, 0x2, 0xed, 0xf8, 0x0, 0x8e, 0x9e,
    0x0, 0x3e, 0xd1, 0xf8, 0x0, 0x8e, 0x9e, 0x8,
    0xfd, 0x10, 0xf8, 0x0, 0x8e, 0x9e, 0x7f, 0x90,
    0x0, 0xf8, 0x0, 0x8e, 0x9e, 0x3, 0x2, 0x78,
    0xf8, 0x0, 0x8e, 0x9e, 0x0, 0x1, 0xfe, 0xc2,
    0x35, 0xce, 0x9e, 0x0, 0x0, 0x0, 0x0, 0x4f,
    0xe7, 0x0, 0x0, 0x0, 0x0, 0x0, 0x0, 0x0,

    /* U+95EE "问" */
    0x7, 0x0, 0x0, 0x0, 0x0, 0x0, 0x0, 0x1e,
    0xc0, 0x7f, 0xff, 0xff, 0xff, 0xf9, 0x2, 0xfa,
    0x36, 0x66, 0x66, 0x66, 0xf9, 0x12, 0x45, 0x0,
    0x0, 0x0, 0x0, 0xe9, 0x8e, 0x0, 0x0, 0x0,
    0x0, 0x0, 0xe9, 0x8e, 0x0, 0x56, 0x66, 0x65,
    0x0, 0xe9, 0x8e, 0x0, 0xef, 0xff, 0xfe, 0x0,
    0xe9, 0x8e, 0x0, 0xe7, 0x0, 0x8e, 0x0, 0xe9,
    0x8e, 0x0, 0xe7, 0x0, 0x8e, 0x0, 0xe9, 0x8e,
    0x0, 0xe7, 0x0, 0x8e, 0x0, 0xe9, 0x8e, 0x0,
    0xef, 0xff, 0xfe, 0x0, 0xe9, 0x8e, 0x0, 0xea,
    0x55, 0x55, 0x0, 0xe9, 0x8e, 0x0, 0x84, 0x0,
    0x0, 0x0, 0xe9, 0x8e, 0x0, 0x0, 0x0, 0x1,
    0x78, 0xf8, 0x8e, 0x0, 0x0, 0x0, 0x0, 0xff,
    0xc2, 0x0, 0x0, 0x0, 0x0, 0x0, 0x0, 0x0,

    /* U+9664 "除" */
    0x0, 0x0, 0x0, 0x0, 0x19, 0x20, 0x0, 0xe,
    0xff, 0xf7, 0x0, 0x9, 0xf5, 0x0, 0x0, 0xea,
    0x6f, 0x60, 0x6, 0xfb, 0xf4, 0x0, 0xe, 0x63,
    0xf1, 0x6, 0xf6, 0xb, 0xf4, 0x0, 0xe6, 0x7b,
    0x8, 0xf8, 0x0, 0xc, 0xf9, 0xe, 0x6b, 0x66,
    0xfc, 0x66, 0x66, 0x7d, 0xe1, 0xe6, 0xb8, 0x2,
    0xde, 0xff, 0xee, 0x61, 0xe, 0x62, 0xf2, 0x0,
    0x4, 0xf2, 0x0, 0x0, 0xe6, 0xd, 0x89, 0x99,
    0xbf, 0xa9, 0x99, 0xe, 0x60, 0xea, 0xaa, 0xac,
    0xfb, 0xaa, 0xa0, 0xe9, 0xef, 0x40, 0x82, 0x4f,
    0x38, 0x40, 0xe, 0x66, 0x30, 0x7e, 0x14, 0xf2,
    0x8e, 0x20, 0xe6, 0x0, 0x3f, 0x60, 0x4f, 0x20,
    0xcc, 0xe, 0x60, 0x7, 0xa1, 0x58, 0xf2, 0x3,
    0xb1, 0xe6, 0x0, 0x0, 0x1f, 0xfb, 0x0, 0x0,
    0x0, 0x0, 0x0, 0x0, 0x0, 0x0, 0x0, 0x0,

    /* U+96F6 "零" */
    0x0, 0xef, 0xff, 0xff, 0xff, 0xff, 0xfd, 0x0,
    0x0, 0x22, 0x22, 0x2e, 0x92, 0x22, 0x22, 0x0,
    0xe, 0xff, 0xff, 0xff, 0xff, 0xff, 0xff, 0xe0,
    0xe, 0x64, 0x55, 0x2e, 0x83, 0x55, 0x47, 0xe0,
    0xc, 0x58, 0x88, 0x3e, 0x86, 0x88, 0x76, 0xc0,
    0x0, 0x3e, 0xee, 0x67, 0x6b, 0xee, 0xe3, 0x0,
    0x0, 0x0, 0x1, 0x8f, 0xf3, 0x0, 0x0, 0x0,
    0x0, 0x5, 0xaf, 0xc7, 0xaf, 0xc7, 0x30, 0x0,
    0x3b, 0xff, 0xc4, 0x2f, 0x52, 0x8d, 0xff, 0xc4,
    0x1b, 0x86, 0x44, 0x4a, 0xd4, 0x44, 0x67, 0xa0,
    0x0, 0x4d, 0xdd, 0xdd, 0xdd, 0xdf, 0xf4, 0x0,
    0x0, 0x0, 0x15, 0x10, 0x6, 0xed, 0x30, 0x0,
    0x0, 0x0, 0x4c, 0xfc, 0xef, 0x70, 0x0, 0x0,
    0x0, 0x0, 0x0, 0x16, 0xbf, 0xc4, 0x0, 0x0,
    0x0, 0x0, 0x0, 0x0, 0x1, 0x82, 0x0, 0x0,

    /* U+9700 "需" */
    0x0, 0xef, 0xff, 0xff, 0xff, 0xff, 0xfd, 0x0,
    0x0, 0x22, 0x22, 0x2c, 0xb2, 0x22, 0x22, 0x0,
    0xe, 0xff, 0xff, 0xff, 0xff, 0xff, 0xff, 0xe0,
    0xe, 0x82, 0x22, 0x2c, 0xb2, 0x22, 0x29, 0xe0,
    0xe, 0x7d, 0xff, 0x7c, 0xa9, 0xff, 0xc7, 0xe0,
    0x2, 0x28, 0x88, 0x4c, 0xa5, 0x88, 0x83, 0x20,
    0x0, 0x15, 0x55, 0x38, 0x73, 0x66, 0x61, 0x0,
    0xf, 0xff, 0xff, 0xff, 0xff, 0xff, 0xff, 0xf1,
    0x3, 0x33, 0x33, 0x4f, 0xa3, 0x33, 0x33, 0x30,
    0x0, 0x45, 0x55, 0x6f, 0x95, 0x55, 0x55, 0x10,
    0x0, 0xcf, 0xde, 0xfd, 0xdf, 0xed, 0xef, 0x30,
    0x0, 0xc9, 0x5, 0xf0, 0xd, 0x80, 0x4f, 0x30,
    0x0, 0xc9, 0x5, 0xf0, 0xd, 0x82, 0x7f, 0x30,
    0x0, 0xc9, 0x4, 0xe0, 0xc, 0x77, 0xfd, 0x0,
    0x0, 0x0, 0x0, 0x0, 0x0, 0x0, 0x0, 0x0,

    /* U+9759 "静" */
    0x0, 0x5, 0xf1, 0x0, 0x3, 0xc2, 0x0, 0x0,
    0x1, 0x16, 0xf3, 0x11, 0xa, 0xf1, 0x0, 0x0,
    0xf, 0xff, 0xff, 0xfb, 0x2f, 0xff, 0xfc, 0x0,
    0x2, 0x38, 0xf4, 0x32, 0xde, 0x34, 0xf7, 0x0,
    0x8, 0xce, 0xfd, 0xcb, 0xf9, 0x3b, 0xe4, 0x30,
    0x15, 0x59, 0xf6, 0x55, 0x8f, 0xff, 0xff, 0xe0,
    0x3d, 0xdd, 0xdd, 0xdc, 0x0, 0x7e, 0x6, 0xe0,
    0x1, 0x44, 0x44, 0x42, 0x44, 0xaf, 0x49, 0xf4,
    0x5, 0xfd, 0xde, 0xf7, 0xff, 0xff, 0xff, 0xfd,
    0x5, 0xf2, 0x25, 0xf2, 0x0, 0x7e, 0x6, 0xe0,
    0x5, 0xfd, 0xde, 0xf2, 0x37, 0xbf, 0x7b, 0xe0,
    0x5, 0xf2, 0x25, 0xf2, 0x6c, 0xef, 0xcd, 0xe0,
    0x5, 0xfd, 0xde, 0xf2, 0x0, 0x7e, 0x1, 0x20,
    0x5, 0xf0, 0x25, 0xf2, 0x25, 0xbe, 0x0, 0x0,
    0x5, 0xf0, 0x8f, 0xc0, 0x1f, 0xf8, 0x0, 0x0,
    0x0, 0x0, 0x0, 0x0, 0x0, 0x0, 0x0, 0x0,

    /* U+9760 "靠" */
    0x0, 0xa, 0x90, 0xb, 0xc0, 0x0, 0x0, 0x0,
    0x0, 0x5f, 0xff, 0xff, 0xff, 0xff, 0xfd, 0x0,
    0x0, 0xea, 0x0, 0xb, 0xc0, 0x0, 0x0, 0x0,
    0xf, 0xff, 0xff, 0xff, 0xff, 0xff, 0xff, 0xf0,
    0x3, 0x33, 0x33, 0x33, 0x33, 0x33, 0x33, 0x30,
    0x0, 0x5f, 0xff, 0xff, 0xff, 0xff, 0xfa, 0x0,
    0x0, 0x5f, 0x10, 0x0, 0x0, 0x0, 0xea, 0x0,
    0x0, 0x5f, 0xff, 0xff, 0xff, 0xff, 0xfa, 0x0,
    0x0, 0x0, 0x7, 0xf0, 0xf, 0x80, 0x0, 0x0,
    0xd, 0xff, 0xff, 0xf0, 0xf, 0xff, 0xff, 0xd0,
    0x1, 0x11, 0x18, 0xf0, 0xf, 0x81, 0x11, 0x10,
    0x8, 0xff, 0xff, 0xf0, 0xf, 0xff, 0xff, 0x80,
    0x1, 0x11, 0x18, 0xf0, 0xf, 0x81, 0x11, 0x10,
    0x3e, 0xee, 0xef, 0xf0, 0xf, 0xff, 0xff, 0xf5,
    0x0, 0x0, 0x7, 0xf0, 0xf, 0x70, 0x0, 0x0,

    /* U+9762 "面" */
    0x1f, 0xff, 0xff, 0xff, 0xff, 0xff, 0xff, 0xf2,
    0x6, 0x66, 0x66, 0x8f, 0xc6, 0x66, 0x66, 0x61,
    0x0, 0x0, 0x0, 0x4f, 0x60, 0x0, 0x0, 0x0,
    0x2, 0x44, 0x44, 0x9f, 0x74, 0x44, 0x44, 0x20,
    0x6, 0xff, 0xff, 0xff, 0xff, 0xff, 0xff, 0x60,
    0x6, 0xf1, 0x1f, 0x71, 0x1a, 0xc1, 0x3f, 0x60,
    0x6, 0xf0, 0xf, 0x93, 0x3b, 0xc0, 0x1f, 0x60,
    0x6, 0xf0, 0xf, 0xff, 0xff, 0xc0, 0x1f, 0x60,
    0x6, 0xf0, 0xf, 0x60, 0x9, 0xc0, 0x1f, 0x60,
    0x6, 0xf0, 0xf, 0xed, 0xdf, 0xc0, 0x1f, 0x60,
    0x6, 0xf0, 0xf, 0x94, 0x4b, 0xc0, 0x1f, 0x60,
    0x6, 0xf0, 0xf, 0x60, 0x9, 0xc0, 0x1f, 0x60,
    0x6, 0xff, 0xff, 0xff, 0xff, 0xff, 0xff, 0x60,
    0x6, 0xf7, 0x66, 0x66, 0x66, 0x66, 0x8f, 0x60,

    /* U+97F3 "音" */
    0x0, 0x0, 0x0, 0x8, 0x50, 0x0, 0x0, 0x0,
    0x0, 0x11, 0x11, 0x2d, 0xe2, 0x11, 0x11, 0x0,
    0x4, 0xff, 0xff, 0xff, 0xff, 0xff, 0xff, 0x60,
    0x0, 0x34, 0xc9, 0x33, 0x33, 0x8d, 0x63, 0x10,
    0x0, 0x0, 0xce, 0x0, 0x0, 0xce, 0x0, 0x0,
    0x16, 0x66, 0xbf, 0x86, 0x67, 0xfb, 0x66, 0x61,
    0x2f, 0xff, 0xff, 0xff, 0xff, 0xff, 0xff, 0xf2,
    0x0, 0x0, 0x0, 0x0, 0x0, 0x0, 0x0, 0x0,
    0x0, 0xf, 0xff, 0xff, 0xff, 0xff, 0xf3, 0x0,
    0x0, 0xf, 0xa4, 0x44, 0x44, 0x48, 0xf3, 0x0,
    0x0, 0xf, 0x82, 0x22, 0x22, 0x27, 0xf3, 0x0,
    0x0, 0xf, 0xff, 0xff, 0xff, 0xff, 0xf3, 0x0,
    0x0, 0xf, 0x70, 0x0, 0x0, 0x5, 0xf3, 0x0,
    0x0, 0xf, 0xa4, 0x44, 0x44, 0x48, 0xf3, 0x0,
    0x0, 0xf, 0xff, 0xff, 0xff, 0xff, 0xf3, 0x0,

    /* U+987B "须" */
    0x0, 0x0, 0x40, 0x0, 0x0, 0x0, 0x0, 0x0,
    0x0, 0x9, 0xf4, 0xff, 0xff, 0xff, 0xff, 0xf1,
    0x0, 0x8f, 0x70, 0x66, 0x6b, 0xf7, 0x66, 0x60,
    0xb, 0xf8, 0x0, 0x1, 0x1b, 0xe1, 0x11, 0x0,
    0x7, 0x50, 0x0, 0x3f, 0xff, 0xff, 0xff, 0x60,
    0x0, 0x0, 0xb7, 0x3f, 0x84, 0x44, 0x7f, 0x60,
    0x0, 0xc, 0xf3, 0x3f, 0x41, 0xa4, 0x2f, 0x60,
    0x3, 0xdf, 0x40, 0x3f, 0x42, 0xf5, 0x2f, 0x60,
    0xe, 0xd2, 0x0, 0x3f, 0x42, 0xf5, 0x2f, 0x60,
    0x2, 0x0, 0x24, 0x3f, 0x42, 0xf5, 0x2f, 0x60,
    0x0, 0x0, 0xcd, 0x4f, 0x44, 0xf3, 0x2f, 0x60,
    0x0, 0xa, 0xf3, 0x29, 0x29, 0xe2, 0x28, 0x30,
    0x1, 0xcf, 0x60, 0x0, 0x5f, 0x7d, 0xd4, 0x0,
    0x3f, 0xf5, 0x0, 0x19, 0xf8, 0x1, 0xbf, 0x90,
    0x8, 0x20, 0x3, 0xfe, 0x50, 0x0, 0x6, 0xf3,
    0x0, 0x0, 0x0, 0x30, 0x0, 0x0, 0x0, 0x20,

    /* U+9996 "首" */
    0x0, 0x0, 0x61, 0x0, 0x0, 0x16, 0x20, 0x0,
    0x0, 0x2, 0xfc, 0x0, 0x0, 0x9f, 0x40, 0x0,
    0x5, 0x55, 0xaf, 0x75, 0x56, 0xfb, 0x55, 0x51,
    0x2f, 0xff, 0xff, 0xff, 0xff, 0xff, 0xff, 0xf3,
    0x1, 0x11, 0x11, 0x1f, 0xc1, 0x11, 0x11, 0x10,
    0x0, 0x36, 0x66, 0x8f, 0xb6, 0x66, 0x63, 0x0,
    0x0, 0x7f, 0xee, 0xee, 0xee, 0xee, 0xf6, 0x0,
    0x0, 0x7f, 0x0, 0x0, 0x0, 0x1, 0xf6, 0x0,
    0x0, 0x7f, 0xff, 0xff, 0xff, 0xff, 0xf6, 0x0,
    0x0, 0x7f, 0x32, 0x22, 0x22, 0x24, 0xf6, 0x0,
    0x0, 0x7f, 0x43, 0x33, 0x33, 0x35, 0xf6, 0x0,
    0x0, 0x7f, 0xff, 0xff, 0xff, 0xff, 0xf6, 0x0,
    0x0, 0x7f, 0x0, 0x0, 0x0, 0x1, 0xf6, 0x0,
    0x0, 0x7f, 0xff, 0xff, 0xff, 0xff, 0xf6, 0x0,
    0x0, 0x7f, 0x66, 0x66, 0x66, 0x67, 0xf6, 0x0,

    /* U+F023 "" */
    0x0, 0x0, 0x3b, 0xff, 0xb3, 0x0, 0x0, 0x0,
    0x5, 0xff, 0xff, 0xff, 0x50, 0x0, 0x0, 0x1f,
    0xf8, 0x11, 0x8f, 0xe1, 0x0, 0x0, 0x5f, 0xc0,
    0x0, 0xc, 0xf5, 0x0, 0x0, 0x7f, 0x80, 0x0,
    0x8, 0xf7, 0x0, 0x0, 0x8f, 0x80, 0x0, 0x8,
    0xf8, 0x0, 0x4e, 0xff, 0xff, 0xff, 0xff, 0xff,
    0xe4, 0xef, 0xff, 0xff, 0xff, 0xff, 0xff, 0xfe,
    0xff, 0xff, 0xff, 0xff, 0xff, 0xff, 0xff, 0xff,
    0xff, 0xff, 0xff, 0xff, 0xff, 0xff, 0xff, 0xff,
    0xff, 0xff, 0xff, 0xff, 0xff, 0xff, 0xff, 0xff,
    0xff, 0xff, 0xff, 0xff, 0xff, 0xff, 0xff, 0xff,
    0xff, 0xff, 0xff, 0xff, 0xff, 0xff, 0xff, 0xff,
    0xff, 0xff, 0xef, 0xff, 0xff, 0xff, 0xff, 0xff,
    0xfe, 0x4e, 0xff, 0xff, 0xff, 0xff, 0xff, 0xe4,

    /* U+F185 "" */
    0x0, 0x0, 0x0, 0x0, 0x0, 0x0, 0x0, 0x0,
    0x0, 0x0, 0x0, 0x8, 0xa1, 0x0, 0x1a, 0x80,
    0x0, 0x0, 0x0, 0x0, 0xc, 0xfe, 0x55, 0xef,
    0xc0, 0x0, 0x0, 0x0, 0x0, 0xf, 0xff, 0xff,
    0xff, 0xf0, 0x0, 0x0, 0x0, 0x0, 0x4f, 0xff,
    0xff, 0xff, 0xf4, 0x0, 0x0, 0x8, 0xcf, 0xff,
    0xd5, 0x11, 0x5d, 0xff, 0xfc, 0x80, 0xa, 0xff,
    0xfd, 0x18, 0xee, 0x81, 0xdf, 0xff, 0xa0, 0x1,
    0xef, 0xf5, 0x8f, 0xff, 0xf8, 0x5f, 0xfe, 0x10,
    0x0, 0x5f, 0xf1, 0xef, 0xff, 0xfe, 0x1f, 0xf5,
    0x0, 0x0, 0x5f, 0xf1, 0xef, 0xff, 0xfe, 0x1f,
    0xf5, 0x0, 0x1, 0xef, 0xf5, 0x8f, 0xff, 0xf8,
    0x5f, 0xfe, 0x10, 0xa, 0xff, 0xfd, 0x18, 0xee,
    0x81, 0xdf, 0xff, 0xa0, 0x8, 0xcf, 0xff, 0xd5,
    0x11, 0x5d, 0xff, 0xfc, 0x80, 0x0, 0x0, 0x4f,
    0xff, 0xff, 0xff, 0xf4, 0x0, 0x0, 0x0, 0x0,
    0xf, 0xff, 0xff, 0xff, 0xf0, 0x0, 0x0, 0x0,
    0x0, 0xc, 0xfe, 0x55, 0xef, 0xc0, 0x0, 0x0,
    0x0, 0x0, 0x8, 0xa1, 0x0, 0x1a, 0x80, 0x0,
    0x0, 0x0, 0x0, 0x0, 0x0, 0x0, 0x0, 0x0,
    0x0, 0x0,

    /* U+F1A0 "" */
    0x0, 0x0, 0x5, 0x9b, 0xa8, 0x30, 0x0, 0x0,
    0x0, 0x6, 0xef, 0xff, 0xff, 0xfc, 0x20, 0x0,
    0x0, 0xaf, 0xff, 0xff, 0xff, 0xff, 0xa0, 0x0,
    0x7, 0xff, 0xfb, 0x52, 0x37, 0xfa, 0x0, 0x0,
    0x1f, 0xff, 0x60, 0x0, 0x0, 0x10, 0x0, 0x0,
    0x8f, 0xfa, 0x0, 0x0, 0x0, 0x0, 0x0, 0x0,
    0xcf, 0xf3, 0x0, 0x0, 0x0, 0x0, 0x0, 0x0,
    0xef, 0xf0, 0x0, 0x4, 0xff, 0xff, 0xff, 0xf2,
    0xef, 0xf0, 0x0, 0x4, 0xff, 0xff, 0xff, 0xf3,
    0xcf, 0xf3, 0x0, 0x2, 0xaa, 0xaa, 0xff, 0xf2,
    0x8f, 0xfa, 0x0, 0x0, 0x0, 0x2, 0xff, 0xe0,
    0x1f, 0xff, 0x60, 0x0, 0x0, 0xc, 0xff, 0x90,
    0x7, 0xff, 0xfb, 0x42, 0x26, 0xdf, 0xff, 0x10,
    0x0, 0xaf, 0xff, 0xff, 0xff, 0xff, 0xf4, 0x0,
    0x0, 0x6, 0xef, 0xff, 0xff, 0xfd, 0x30, 0x0,
    0x0, 0x0, 0x5, 0x9b, 0xa8, 0x40, 0x0, 0x0,

    /* U+FF1F "？" */
    0x0, 0x0, 0x10, 0x0, 0x3, 0xcf, 0xfd, 0x40,
    0x3f, 0xd7, 0x9f, 0xf1, 0x5, 0x0, 0x8, 0xf5,
    0x0, 0x0, 0x8, 0xf3, 0x0, 0x0, 0x3f, 0xc0,
    0x0, 0x2, 0xed, 0x10, 0x0, 0xc, 0xe1, 0x0,
    0x0, 0xf, 0xa0, 0x0, 0x0, 0x0, 0x0, 0x0,
    0x0, 0x2, 0x10, 0x0, 0x0, 0x3f, 0xd0, 0x0,
    0x0, 0x2f, 0xb0, 0x0, 0x0, 0x0, 0x0, 0x0
};


/*---------------------
 *  GLYPH DESCRIPTION
 *--------------------*/

static const lv_font_fmt_txt_glyph_dsc_t glyph_dsc[] = {
    {.bitmap_index = 0, .adv_w = 0, .box_w = 0, .box_h = 0, .ofs_x = 0, .ofs_y = 0} /* id = 0 reserved */,
    {.bitmap_index = 0, .adv_w = 256, .box_w = 6, .box_h = 5, .ofs_x = 0, .ofs_y = -1},
    {.bitmap_index = 15, .adv_w = 256, .box_w = 6, .box_h = 5, .ofs_x = 0, .ofs_y = -1},
    {.bitmap_index = 30, .adv_w = 256, .box_w = 16, .box_h = 3, .ofs_x = 0, .ofs_y = 5},
    {.bitmap_index = 54, .adv_w = 256, .box_w = 16, .box_h = 15, .ofs_x = 0, .ofs_y = -1},
    {.bitmap_index = 174, .adv_w = 256, .box_w = 16, .box_h = 14, .ofs_x = 0, .ofs_y = -1},
    {.bitmap_index = 286, .adv_w = 256, .box_w = 16, .box_h = 14, .ofs_x = 0, .ofs_y = -1},
    {.bitmap_index = 398, .adv_w = 256, .box_w = 15, .box_h = 16, .ofs_x = 0, .ofs_y = -2},
    {.bitmap_index = 518, .adv_w = 256, .box_w = 16, .box_h = 16, .ofs_x = 0, .ofs_y = -2},
    {.bitmap_index = 646, .adv_w = 256, .box_w = 14, .box_h = 15, .ofs_x = 1, .ofs_y = -1},
    {.bitmap_index = 751, .adv_w = 256, .box_w = 15, .box_h = 16, .ofs_x = 0, .ofs_y = -2},
    {.bitmap_index = 871, .adv_w = 256, .box_w = 16, .box_h = 16, .ofs_x = 0, .ofs_y = -2},
    {.bitmap_index = 999, .adv_w = 256, .box_w = 16, .box_h = 12, .ofs_x = 0, .ofs_y = 0},
    {.bitmap_index = 1095, .adv_w = 256, .box_w = 16, .box_h = 16, .ofs_x = 0, .ofs_y = -2},
    {.bitmap_index = 1223, .adv_w = 256, .box_w = 15, .box_h = 16, .ofs_x = 1, .ofs_y = -2},
    {.bitmap_index = 1343, .adv_w = 256, .box_w = 16, .box_h = 16, .ofs_x = 0, .ofs_y = -1},
    {.bitmap_index = 1471, .adv_w = 256, .box_w = 16, .box_h = 16, .ofs_x = 0, .ofs_y = -1},
    {.bitmap_index = 1599, .adv_w = 256, .box_w = 16, .box_h = 15, .ofs_x = 0, .ofs_y = -1},
    {.bitmap_index = 1719, .adv_w = 256, .box_w = 16, .box_h = 16, .ofs_x = 0, .ofs_y = -1},
    {.bitmap_index = 1847, .adv_w = 256, .box_w = 16, .box_h = 15, .ofs_x = 0, .ofs_y = -1},
    {.bitmap_index = 1967, .adv_w = 256, .box_w = 16, .box_h = 15, .ofs_x = 0, .ofs_y = -1},
    {.bitmap_index = 2087, .adv_w = 256, .box_w = 16, .box_h = 16, .ofs_x = 0, .ofs_y = -2},
    {.bitmap_index = 2215, .adv_w = 256, .box_w = 16, .box_h = 16, .ofs_x = 0, .ofs_y = -2},
    {.bitmap_index = 2343, .adv_w = 256, .box_w = 16, .box_h = 16, .ofs_x = 0, .ofs_y = -2},
    {.bitmap_index = 2471, .adv_w = 256, .box_w = 16, .box_h = 16, .ofs_x = 0, .ofs_y = -2},
    {.bitmap_index = 2599, .adv_w = 256, .box_w = 16, .box_h = 16, .ofs_x = 0, .ofs_y = -2},
    {.bitmap_index = 2727, .adv_w = 256, .box_w = 16, .box_h = 15, .ofs_x = 0, .ofs_y = -1},
    {.bitmap_index = 2847, .adv_w = 256, .box_w = 16, .box_h = 16, .ofs_x = 0, .ofs_y = -2},
    {.bitmap_index = 2975, .adv_w = 256, .box_w = 16, .box_h = 15, .ofs_x = 0, .ofs_y = -1},
    {.bitmap_index = 3095, .adv_w = 256, .box_w = 14, .box_h = 15, .ofs_x = 1, .ofs_y = -1},
    {.bitmap_index = 3200, .adv_w = 256, .box_w = 16, .box_h = 16, .ofs_x = 0, .ofs_y = -2},
    {.bitmap_index = 3328, .adv_w = 256, .box_w = 15, .box_h = 16, .ofs_x = 0, .ofs_y = -2},
    {.bitmap_index = 3448, .adv_w = 256, .box_w = 16, .box_h = 16, .ofs_x = 0, .ofs_y = -2},
    {.bitmap_index = 3576, .adv_w = 256, .box_w = 16, .box_h = 16, .ofs_x = 0, .ofs_y = -2},
    {.bitmap_index = 3704, .adv_w = 256, .box_w = 16, .box_h = 16, .ofs_x = 0, .ofs_y = -2},
    {.bitmap_index = 3832, .adv_w = 256, .box_w = 15, .box_h = 16, .ofs_x = 0, .ofs_y = -2},
    {.bitmap_index = 3952, .adv_w = 256, .box_w = 16, .box_h = 15, .ofs_x = 0, .ofs_y = -1},
    {.bitmap_index = 4072, .adv_w = 256, .box_w = 15, .box_h = 14, .ofs_x = 0, .ofs_y = -1},
    {.bitmap_index = 4177, .adv_w = 256, .box_w = 15, .box_h = 15, .ofs_x = 0, .ofs_y = -2},
    {.bitmap_index = 4290, .adv_w = 256, .box_w = 16, .box_h = 14, .ofs_x = 0, .ofs_y = -1},
    {.bitmap_index = 4402, .adv_w = 256, .box_w = 16, .box_h = 16, .ofs_x = 0, .ofs_y = -2},
    {.bitmap_index = 4530, .adv_w = 256, .box_w = 16, .box_h = 16, .ofs_x = 0, .ofs_y = -2},
    {.bitmap_index = 4658, .adv_w = 256, .box_w = 16, .box_h = 16, .ofs_x = 0, .ofs_y = -2},
    {.bitmap_index = 4786, .adv_w = 256, .box_w = 16, .box_h = 15, .ofs_x = 0, .ofs_y = -2},
    {.bitmap_index = 4906, .adv_w = 256, .box_w = 16, .box_h = 15, .ofs_x = 0, .ofs_y = -2},
    {.bitmap_index = 5026, .adv_w = 256, .box_w = 16, .box_h = 15, .ofs_x = 0, .ofs_y = -1},
    {.bitmap_index = 5146, .adv_w = 256, .box_w = 14, .box_h = 14, .ofs_x = 1, .ofs_y = -1},
    {.bitmap_index = 5244, .adv_w = 256, .box_w = 14, .box_h = 16, .ofs_x = 0, .ofs_y = -2},
    {.bitmap_index = 5356, .adv_w = 256, .box_w = 16, .box_h = 16, .ofs_x = 0, .ofs_y = -2},
    {.bitmap_index = 5484, .adv_w = 256, .box_w = 14, .box_h = 16, .ofs_x = 1, .ofs_y = -2},
    {.bitmap_index = 5596, .adv_w = 256, .box_w = 16, .box_h = 14, .ofs_x = 0, .ofs_y = -1},
    {.bitmap_index = 5708, .adv_w = 256, .box_w = 15, .box_h = 16, .ofs_x = 0, .ofs_y = -2},
    {.bitmap_index = 5828, .adv_w = 256, .box_w = 15, .box_h = 15, .ofs_x = 0, .ofs_y = -1},
    {.bitmap_index = 5941, .adv_w = 256, .box_w = 14, .box_h = 14, .ofs_x = 1, .ofs_y = -1},
    {.bitmap_index = 6039, .adv_w = 256, .box_w = 16, .box_h = 14, .ofs_x = 0, .ofs_y = -1},
    {.bitmap_index = 6151, .adv_w = 256, .box_w = 14, .box_h = 14, .ofs_x = 1, .ofs_y = -1},
    {.bitmap_index = 6249, .adv_w = 256, .box_w = 14, .box_h = 14, .ofs_x = 1, .ofs_y = -1},
    {.bitmap_index = 6347, .adv_w = 256, .box_w = 16, .box_h = 15, .ofs_x = 0, .ofs_y = -1},
    {.bitmap_index = 6467, .adv_w = 256, .box_w = 16, .box_h = 16, .ofs_x = 0, .ofs_y = -1},
    {.bitmap_index = 6595, .adv_w = 256, .box_w = 15, .box_h = 16, .ofs_x = 0, .ofs_y = -2},
    {.bitmap_index = 6715, .adv_w = 256, .box_w = 16, .box_h = 16, .ofs_x = 0, .ofs_y = -2},
    {.bitmap_index = 6843, .adv_w = 256, .box_w = 15, .box_h = 16, .ofs_x = 1, .ofs_y = -2},
    {.bitmap_index = 6963, .adv_w = 256, .box_w = 16, .box_h = 16, .ofs_x = 0, .ofs_y = -2},
    {.bitmap_index = 7091, .adv_w = 256, .box_w = 16, .box_h = 16, .ofs_x = 0, .ofs_y = -1},
    {.bitmap_index = 7219, .adv_w = 256, .box_w = 16, .box_h = 15, .ofs_x = 0, .ofs_y = -1},
    {.bitmap_index = 7339, .adv_w = 256, .box_w = 15, .box_h = 16, .ofs_x = 1, .ofs_y = -2},
    {.bitmap_index = 7459, .adv_w = 256, .box_w = 16, .box_h = 16, .ofs_x = 0, .ofs_y = -2},
    {.bitmap_index = 7587, .adv_w = 256, .box_w = 16, .box_h = 16, .ofs_x = 0, .ofs_y = -2},
    {.bitmap_index = 7715, .adv_w = 256, .box_w = 14, .box_h = 16, .ofs_x = 1, .ofs_y = -2},
    {.bitmap_index = 7827, .adv_w = 256, .box_w = 16, .box_h = 15, .ofs_x = 0, .ofs_y = -1},
    {.bitmap_index = 7947, .adv_w = 256, .box_w = 16, .box_h = 16, .ofs_x = 0, .ofs_y = -2},
    {.bitmap_index = 8075, .adv_w = 256, .box_w = 16, .box_h = 14, .ofs_x = 0, .ofs_y = -1},
    {.bitmap_index = 8187, .adv_w = 256, .box_w = 16, .box_h = 15, .ofs_x = 0, .ofs_y = -1},
    {.bitmap_index = 8307, .adv_w = 256, .box_w = 16, .box_h = 15, .ofs_x = 0, .ofs_y = -1},
    {.bitmap_index = 8427, .adv_w = 256, .box_w = 16, .box_h = 17, .ofs_x = 0, .ofs_y = -2},
    {.bitmap_index = 8563, .adv_w = 256, .box_w = 15, .box_h = 15, .ofs_x = 0, .ofs_y = -2},
    {.bitmap_index = 8676, .adv_w = 256, .box_w = 16, .box_h = 15, .ofs_x = 0, .ofs_y = -2},
    {.bitmap_index = 8796, .adv_w = 256, .box_w = 16, .box_h = 15, .ofs_x = 0, .ofs_y = -1},
    {.bitmap_index = 8916, .adv_w = 256, .box_w = 15, .box_h = 14, .ofs_x = 1, .ofs_y = -1},
    {.bitmap_index = 9021, .adv_w = 256, .box_w = 14, .box_h = 15, .ofs_x = 1, .ofs_y = -1},
    {.bitmap_index = 9126, .adv_w = 256, .box_w = 16, .box_h = 15, .ofs_x = 0, .ofs_y = -1},
    {.bitmap_index = 9246, .adv_w = 256, .box_w = 16, .box_h = 16, .ofs_x = 0, .ofs_y = -2},
    {.bitmap_index = 9374, .adv_w = 256, .box_w = 16, .box_h = 16, .ofs_x = 0, .ofs_y = -2},
    {.bitmap_index = 9502, .adv_w = 256, .box_w = 16, .box_h = 16, .ofs_x = 0, .ofs_y = -2},
    {.bitmap_index = 9630, .adv_w = 256, .box_w = 16, .box_h = 16, .ofs_x = 0, .ofs_y = -2},
    {.bitmap_index = 9758, .adv_w = 256, .box_w = 16, .box_h = 15, .ofs_x = 0, .ofs_y = -2},
    {.bitmap_index = 9878, .adv_w = 256, .box_w = 14, .box_h = 16, .ofs_x = 1, .ofs_y = -2},
    {.bitmap_index = 9990, .adv_w = 256, .box_w = 16, .box_h = 15, .ofs_x = 0, .ofs_y = -1},
    {.bitmap_index = 10110, .adv_w = 256, .box_w = 16, .box_h = 16, .ofs_x = 0, .ofs_y = -2},
    {.bitmap_index = 10238, .adv_w = 256, .box_w = 16, .box_h = 15, .ofs_x = 0, .ofs_y = -1},
    {.bitmap_index = 10358, .adv_w = 256, .box_w = 16, .box_h = 17, .ofs_x = 0, .ofs_y = -2},
    {.bitmap_index = 10494, .adv_w = 256, .box_w = 16, .box_h = 15, .ofs_x = 0, .ofs_y = -1},
    {.bitmap_index = 10614, .adv_w = 256, .box_w = 16, .box_h = 17, .ofs_x = 0, .ofs_y = -2},
    {.bitmap_index = 10750, .adv_w = 256, .box_w = 16, .box_h = 17, .ofs_x = 0, .ofs_y = -2},
    {.bitmap_index = 10886, .adv_w = 256, .box_w = 14, .box_h = 16, .ofs_x = 0, .ofs_y = -2},
    {.bitmap_index = 10998, .adv_w = 256, .box_w = 16, .box_h = 16, .ofs_x = 0, .ofs_y = -2},
    {.bitmap_index = 11126, .adv_w = 256, .box_w = 16, .box_h = 16, .ofs_x = 0, .ofs_y = -2},
    {.bitmap_index = 11254, .adv_w = 256, .box_w = 16, .box_h = 16, .ofs_x = 0, .ofs_y = -2},
    {.bitmap_index = 11382, .adv_w = 256, .box_w = 15, .box_h = 16, .ofs_x = 0, .ofs_y = -2},
    {.bitmap_index = 11502, .adv_w = 256, .box_w = 16, .box_h = 16, .ofs_x = 0, .ofs_y = -2},
    {.bitmap_index = 11630, .adv_w = 256, .box_w = 16, .box_h = 16, .ofs_x = 0, .ofs_y = -2},
    {.bitmap_index = 11758, .adv_w = 256, .box_w = 16, .box_h = 17, .ofs_x = 0, .ofs_y = -2},
    {.bitmap_index = 11894, .adv_w = 256, .box_w = 16, .box_h = 16, .ofs_x = 0, .ofs_y = -2},
    {.bitmap_index = 12022, .adv_w = 256, .box_w = 16, .box_h = 17, .ofs_x = 0, .ofs_y = -2},
    {.bitmap_index = 12158, .adv_w = 256, .box_w = 16, .box_h = 16, .ofs_x = 0, .ofs_y = -2},
    {.bitmap_index = 12286, .adv_w = 256, .box_w = 16, .box_h = 16, .ofs_x = 0, .ofs_y = -2},
    {.bitmap_index = 12414, .adv_w = 256, .box_w = 16, .box_h = 15, .ofs_x = 0, .ofs_y = -1},
    {.bitmap_index = 12534, .adv_w = 256, .box_w = 16, .box_h = 16, .ofs_x = 0, .ofs_y = -2},
    {.bitmap_index = 12662, .adv_w = 256, .box_w = 16, .box_h = 17, .ofs_x = 0, .ofs_y = -2},
    {.bitmap_index = 12798, .adv_w = 256, .box_w = 16, .box_h = 15, .ofs_x = 0, .ofs_y = -1},
    {.bitmap_index = 12918, .adv_w = 256, .box_w = 16, .box_h = 16, .ofs_x = 0, .ofs_y = -2},
    {.bitmap_index = 13046, .adv_w = 256, .box_w = 16, .box_h = 16, .ofs_x = 0, .ofs_y = -2},
    {.bitmap_index = 13174, .adv_w = 256, .box_w = 16, .box_h = 16, .ofs_x = 0, .ofs_y = -2},
    {.bitmap_index = 13302, .adv_w = 256, .box_w = 16, .box_h = 16, .ofs_x = 0, .ofs_y = -2},
    {.bitmap_index = 13430, .adv_w = 256, .box_w = 16, .box_h = 17, .ofs_x = 0, .ofs_y = -2},
    {.bitmap_index = 13566, .adv_w = 256, .box_w = 15, .box_h = 17, .ofs_x = 1, .ofs_y = -2},
    {.bitmap_index = 13694, .adv_w = 256, .box_w = 16, .box_h = 15, .ofs_x = 0, .ofs_y = -1},
    {.bitmap_index = 13814, .adv_w = 256, .box_w = 16, .box_h = 15, .ofs_x = 0, .ofs_y = -2},
    {.bitmap_index = 13934, .adv_w = 256, .box_w = 15, .box_h = 16, .ofs_x = 1, .ofs_y = -2},
    {.bitmap_index = 14054, .adv_w = 256, .box_w = 16, .box_h = 15, .ofs_x = 0, .ofs_y = -2},
    {.bitmap_index = 14174, .adv_w = 256, .box_w = 16, .box_h = 15, .ofs_x = 0, .ofs_y = -2},
    {.bitmap_index = 14294, .adv_w = 256, .box_w = 16, .box_h = 14, .ofs_x = 0, .ofs_y = -1},
    {.bitmap_index = 14406, .adv_w = 256, .box_w = 16, .box_h = 15, .ofs_x = 0, .ofs_y = -1},
    {.bitmap_index = 14526, .adv_w = 256, .box_w = 16, .box_h = 16, .ofs_x = 0, .ofs_y = -2},
    {.bitmap_index = 14654, .adv_w = 256, .box_w = 16, .box_h = 15, .ofs_x = 0, .ofs_y = -1},
    {.bitmap_index = 14774, .adv_w = 256, .box_w = 16, .box_h = 15, .ofs_x = 0, .ofs_y = -1},
    {.bitmap_index = 14894, .adv_w = 256, .box_w = 16, .box_h = 15, .ofs_x = 0, .ofs_y = -1},
    {.bitmap_index = 15014, .adv_w = 256, .box_w = 16, .box_h = 17, .ofs_x = 0, .ofs_y = -2},
    {.bitmap_index = 15150, .adv_w = 256, .box_w = 16, .box_h = 15, .ofs_x = 0, .ofs_y = -1},
    {.bitmap_index = 15270, .adv_w = 256, .box_w = 16, .box_h = 15, .ofs_x = 0, .ofs_y = -1},
    {.bitmap_index = 15390, .adv_w = 256, .box_w = 16, .box_h = 17, .ofs_x = 0, .ofs_y = -2},
    {.bitmap_index = 15526, .adv_w = 256, .box_w = 16, .box_h = 17, .ofs_x = 0, .ofs_y = -2},
    {.bitmap_index = 15662, .adv_w = 256, .box_w = 16, .box_h = 16, .ofs_x = 0, .ofs_y = -1},
    {.bitmap_index = 15790, .adv_w = 256, .box_w = 16, .box_h = 16, .ofs_x = 0, .ofs_y = -2},
    {.bitmap_index = 15918, .adv_w = 256, .box_w = 16, .box_h = 15, .ofs_x = 0, .ofs_y = -1},
    {.bitmap_index = 16038, .adv_w = 256, .box_w = 16, .box_h = 16, .ofs_x = 0, .ofs_y = -2},
    {.bitmap_index = 16166, .adv_w = 256, .box_w = 16, .box_h = 16, .ofs_x = 0, .ofs_y = -2},
    {.bitmap_index = 16294, .adv_w = 256, .box_w = 16, .box_h = 17, .ofs_x = 0, .ofs_y = -2},
    {.bitmap_index = 16430, .adv_w = 256, .box_w = 16, .box_h = 15, .ofs_x = 0, .ofs_y = -1},
    {.bitmap_index = 16550, .adv_w = 256, .box_w = 16, .box_h = 15, .ofs_x = 0, .ofs_y = -1},
    {.bitmap_index = 16670, .adv_w = 256, .box_w = 16, .box_h = 16, .ofs_x = 0, .ofs_y = -2},
    {.bitmap_index = 16798, .adv_w = 256, .box_w = 16, .box_h = 17, .ofs_x = 0, .ofs_y = -2},
    {.bitmap_index = 16934, .adv_w = 256, .box_w = 16, .box_h = 16, .ofs_x = 0, .ofs_y = -2},
    {.bitmap_index = 17062, .adv_w = 256, .box_w = 16, .box_h = 15, .ofs_x = 0, .ofs_y = -1},
    {.bitmap_index = 17182, .adv_w = 256, .box_w = 16, .box_h = 15, .ofs_x = 0, .ofs_y = -2},
    {.bitmap_index = 17302, .adv_w = 256, .box_w = 16, .box_h = 15, .ofs_x = 0, .ofs_y = -1},
    {.bitmap_index = 17422, .adv_w = 256, .box_w = 15, .box_h = 15, .ofs_x = 0, .ofs_y = -2},
    {.bitmap_index = 17535, .adv_w = 256, .box_w = 15, .box_h = 15, .ofs_x = 1, .ofs_y = -1},
    {.bitmap_index = 17648, .adv_w = 256, .box_w = 14, .box_h = 14, .ofs_x = 1, .ofs_y = -1},
    {.bitmap_index = 17746, .adv_w = 256, .box_w = 14, .box_h = 15, .ofs_x = 1, .ofs_y = -1},
    {.bitmap_index = 17851, .adv_w = 256, .box_w = 16, .box_h = 15, .ofs_x = 0, .ofs_y = -1},
    {.bitmap_index = 17971, .adv_w = 256, .box_w = 14, .box_h = 16, .ofs_x = 1, .ofs_y = -2},
    {.bitmap_index = 18083, .adv_w = 256, .box_w = 16, .box_h = 16, .ofs_x = 0, .ofs_y = -2},
    {.bitmap_index = 18211, .adv_w = 256, .box_w = 16, .box_h = 15, .ofs_x = 0, .ofs_y = -1},
    {.bitmap_index = 18331, .adv_w = 256, .box_w = 15, .box_h = 14, .ofs_x = 1, .ofs_y = -1},
    {.bitmap_index = 18436, .adv_w = 256, .box_w = 16, .box_h = 16, .ofs_x = 0, .ofs_y = -2},
    {.bitmap_index = 18564, .adv_w = 256, .box_w = 16, .box_h = 16, .ofs_x = 0, .ofs_y = -2},
    {.bitmap_index = 18692, .adv_w = 256, .box_w = 16, .box_h = 15, .ofs_x = 0, .ofs_y = -2},
    {.bitmap_index = 18812, .adv_w = 256, .box_w = 15, .box_h = 16, .ofs_x = 0, .ofs_y = -2},
    {.bitmap_index = 18932, .adv_w = 256, .box_w = 16, .box_h = 15, .ofs_x = 0, .ofs_y = -1},
    {.bitmap_index = 19052, .adv_w = 256, .box_w = 16, .box_h = 15, .ofs_x = 0, .ofs_y = -1},
    {.bitmap_index = 19172, .adv_w = 256, .box_w = 16, .box_h = 15, .ofs_x = 0, .ofs_y = -1},
    {.bitmap_index = 19292, .adv_w = 256, .box_w = 16, .box_h = 15, .ofs_x = 0, .ofs_y = -1},
    {.bitmap_index = 19412, .adv_w = 256, .box_w = 14, .box_h = 15, .ofs_x = 1, .ofs_y = -1},
    {.bitmap_index = 19517, .adv_w = 256, .box_w = 16, .box_h = 15, .ofs_x = 0, .ofs_y = -1},
    {.bitmap_index = 19637, .adv_w = 256, .box_w = 16, .box_h = 16, .ofs_x = 0, .ofs_y = -2},
    {.bitmap_index = 19765, .adv_w = 256, .box_w = 16, .box_h = 16, .ofs_x = 0, .ofs_y = -2},
    {.bitmap_index = 19893, .adv_w = 256, .box_w = 16, .box_h = 15, .ofs_x = 0, .ofs_y = -1},
    {.bitmap_index = 20013, .adv_w = 256, .box_w = 16, .box_h = 15, .ofs_x = 0, .ofs_y = -1},
    {.bitmap_index = 20133, .adv_w = 256, .box_w = 15, .box_h = 16, .ofs_x = 0, .ofs_y = -2},
    {.bitmap_index = 20253, .adv_w = 256, .box_w = 16, .box_h = 15, .ofs_x = 0, .ofs_y = -1},
    {.bitmap_index = 20373, .adv_w = 256, .box_w = 16, .box_h = 16, .ofs_x = 0, .ofs_y = -1},
    {.bitmap_index = 20501, .adv_w = 256, .box_w = 16, .box_h = 15, .ofs_x = 0, .ofs_y = -1},
    {.bitmap_index = 20621, .adv_w = 256, .box_w = 16, .box_h = 15, .ofs_x = 0, .ofs_y = -1},
    {.bitmap_index = 20741, .adv_w = 256, .box_w = 16, .box_h = 16, .ofs_x = 0, .ofs_y = -1},
    {.bitmap_index = 20869, .adv_w = 256, .box_w = 16, .box_h = 15, .ofs_x = 0, .ofs_y = -1},
    {.bitmap_index = 20989, .adv_w = 256, .box_w = 16, .box_h = 16, .ofs_x = 0, .ofs_y = -2},
    {.bitmap_index = 21117, .adv_w = 256, .box_w = 16, .box_h = 15, .ofs_x = 0, .ofs_y = -1},
    {.bitmap_index = 21237, .adv_w = 256, .box_w = 14, .box_h = 14, .ofs_x = 1, .ofs_y = -1},
    {.bitmap_index = 21335, .adv_w = 256, .box_w = 16, .box_h = 14, .ofs_x = 0, .ofs_y = -1},
    {.bitmap_index = 21447, .adv_w = 256, .box_w = 16, .box_h = 16, .ofs_x = 0, .ofs_y = -2},
    {.bitmap_index = 21575, .adv_w = 256, .box_w = 16, .box_h = 15, .ofs_x = 0, .ofs_y = -1},
    {.bitmap_index = 21695, .adv_w = 256, .box_w = 12, .box_h = 15, .ofs_x = 2, .ofs_y = -1},
    {.bitmap_index = 21785, .adv_w = 256, .box_w = 16, .box_h = 16, .ofs_x = 0, .ofs_y = -2},
    {.bitmap_index = 21913, .adv_w = 256, .box_w = 16, .box_h = 15, .ofs_x = 0, .ofs_y = -2},
    {.bitmap_index = 22033, .adv_w = 256, .box_w = 16, .box_h = 16, .ofs_x = 0, .ofs_y = -2},
    {.bitmap_index = 22161, .adv_w = 256, .box_w = 16, .box_h = 15, .ofs_x = 0, .ofs_y = -1},
    {.bitmap_index = 22281, .adv_w = 256, .box_w = 16, .box_h = 16, .ofs_x = 0, .ofs_y = -2},
    {.bitmap_index = 22409, .adv_w = 256, .box_w = 16, .box_h = 16, .ofs_x = 0, .ofs_y = -2},
    {.bitmap_index = 22537, .adv_w = 256, .box_w = 16, .box_h = 16, .ofs_x = 0, .ofs_y = -2},
    {.bitmap_index = 22665, .adv_w = 256, .box_w = 16, .box_h = 16, .ofs_x = 0, .ofs_y = -2},
    {.bitmap_index = 22793, .adv_w = 256, .box_w = 16, .box_h = 16, .ofs_x = 0, .ofs_y = -2},
    {.bitmap_index = 22921, .adv_w = 256, .box_w = 16, .box_h = 16, .ofs_x = 0, .ofs_y = -2},
    {.bitmap_index = 23049, .adv_w = 256, .box_w = 16, .box_h = 15, .ofs_x = 0, .ofs_y = -1},
    {.bitmap_index = 23169, .adv_w = 256, .box_w = 16, .box_h = 16, .ofs_x = 0, .ofs_y = -2},
    {.bitmap_index = 23297, .adv_w = 256, .box_w = 16, .box_h = 16, .ofs_x = 0, .ofs_y = -2},
    {.bitmap_index = 23425, .adv_w = 256, .box_w = 16, .box_h = 16, .ofs_x = 0, .ofs_y = -2},
    {.bitmap_index = 23553, .adv_w = 256, .box_w = 16, .box_h = 16, .ofs_x = 0, .ofs_y = -2},
    {.bitmap_index = 23681, .adv_w = 256, .box_w = 16, .box_h = 16, .ofs_x = 0, .ofs_y = -2},
    {.bitmap_index = 23809, .adv_w = 256, .box_w = 16, .box_h = 16, .ofs_x = 0, .ofs_y = -2},
    {.bitmap_index = 23937, .adv_w = 256, .box_w = 16, .box_h = 16, .ofs_x = 0, .ofs_y = -2},
    {.bitmap_index = 24065, .adv_w = 256, .box_w = 16, .box_h = 16, .ofs_x = 0, .ofs_y = -2},
    {.bitmap_index = 24193, .adv_w = 256, .box_w = 16, .box_h = 16, .ofs_x = 0, .ofs_y = -2},
    {.bitmap_index = 24321, .adv_w = 256, .box_w = 16, .box_h = 16, .ofs_x = 0, .ofs_y = -2},
    {.bitmap_index = 24449, .adv_w = 256, .box_w = 15, .box_h = 15, .ofs_x = 1, .ofs_y = -1},
    {.bitmap_index = 24562, .adv_w = 256, .box_w = 16, .box_h = 15, .ofs_x = 0, .ofs_y = -1},
    {.bitmap_index = 24682, .adv_w = 256, .box_w = 16, .box_h = 14, .ofs_x = 0, .ofs_y = -1},
    {.bitmap_index = 24794, .adv_w = 256, .box_w = 16, .box_h = 15, .ofs_x = 0, .ofs_y = -1},
    {.bitmap_index = 24914, .adv_w = 256, .box_w = 16, .box_h = 15, .ofs_x = 0, .ofs_y = -1},
    {.bitmap_index = 25034, .adv_w = 256, .box_w = 14, .box_h = 16, .ofs_x = 1, .ofs_y = -2},
    {.bitmap_index = 25146, .adv_w = 256, .box_w = 14, .box_h = 16, .ofs_x = 1, .ofs_y = -2},
    {.bitmap_index = 25258, .adv_w = 256, .box_w = 15, .box_h = 16, .ofs_x = 1, .ofs_y = -2},
    {.bitmap_index = 25378, .adv_w = 256, .box_w = 16, .box_h = 15, .ofs_x = 0, .ofs_y = -2},
    {.bitmap_index = 25498, .adv_w = 256, .box_w = 16, .box_h = 15, .ofs_x = 0, .ofs_y = -2},
    {.bitmap_index = 25618, .adv_w = 256, .box_w = 16, .box_h = 16, .ofs_x = 0, .ofs_y = -2},
    {.bitmap_index = 25746, .adv_w = 256, .box_w = 16, .box_h = 15, .ofs_x = 0, .ofs_y = -1},
    {.bitmap_index = 25866, .adv_w = 256, .box_w = 16, .box_h = 14, .ofs_x = 0, .ofs_y = -1},
    {.bitmap_index = 25978, .adv_w = 256, .box_w = 16, .box_h = 15, .ofs_x = 0, .ofs_y = -1},
    {.bitmap_index = 26098, .adv_w = 256, .box_w = 16, .box_h = 16, .ofs_x = 0, .ofs_y = -2},
    {.bitmap_index = 26226, .adv_w = 256, .box_w = 16, .box_h = 15, .ofs_x = 0, .ofs_y = -1},
    {.bitmap_index = 26346, .adv_w = 224, .box_w = 14, .box_h = 16, .ofs_x = 0, .ofs_y = -2},
    {.bitmap_index = 26458, .adv_w = 256, .box_w = 18, .box_h = 18, .ofs_x = -1, .ofs_y = -3},
    {.bitmap_index = 26620, .adv_w = 244, .box_w = 16, .box_h = 16, .ofs_x = 0, .ofs_y = -2},
    {.bitmap_index = 26748, .adv_w = 256, .box_w = 8, .box_h = 14, .ofs_x = 0, .ofs_y = -1}
};

/*---------------------
 *  CHARACTER MAPPING
 *--------------------*/

static const uint16_t unicode_list_0[] = {
    0x0, 0x1, 0x1dff, 0x1e09, 0x1e0a, 0x1e0c, 0x1e0d, 0x1e21,
    0x1e2c, 0x1e39, 0x1e48, 0x1e8b, 0x1ead, 0x1ee4, 0x1ef5, 0x1f10,
    0x1f5b, 0x1f7e, 0x1fdc, 0x2018, 0x205b, 0x20a7, 0x2147, 0x214a,
    0x2164, 0x2167, 0x2172, 0x21c5, 0x21f9, 0x2205, 0x222f, 0x224c,
    0x229e, 0x22a7, 0x22fe, 0x2360, 0x2372, 0x2381, 0x239e, 0x23ba,
    0x23c1, 0x23d0, 0x23d5, 0x23ee, 0x23f2, 0x240b, 0x240c, 0x240d,
    0x2410, 0x2425, 0x242e, 0x248b, 0x24c0, 0x2667, 0x26dd, 0x26fd,
    0x2727, 0x27de, 0x28ef, 0x290c, 0x2919, 0x2930, 0x29ca, 0x2b57,
    0x2b88, 0x2b8b, 0x2b99, 0x2b9d, 0x2bc5, 0x2bf8, 0x2bfb, 0x2c05,
    0x2c10, 0x2c30, 0x2c3f, 0x2c4e, 0x2de5, 0x2df1, 0x2e37, 0x2e54,
    0x2e92, 0x2e93, 0x2ea5, 0x2ef5, 0x2eff, 0x2f51, 0x2f54, 0x2f84,
    0x2fc4, 0x3061, 0x30a7, 0x320f, 0x3215, 0x3236, 0x323f, 0x324a,
    0x3252, 0x326a, 0x327d, 0x32d1, 0x32d3, 0x32e8, 0x3308, 0x336d,
    0x33a4, 0x33ce, 0x33d1, 0x341b, 0x34cc, 0x353d, 0x3547, 0x356f,
    0x3586, 0x3598, 0x35ac, 0x35af, 0x35df, 0x35f5, 0x362e, 0x36f3,
    0x36ff, 0x3708, 0x371e, 0x3729, 0x372b, 0x3739, 0x374f, 0x37e4,
    0x3806, 0x3820, 0x3837, 0x38bf, 0x3b20, 0x3b61, 0x3b64, 0x3cd4,
    0x3d4a, 0x3d87, 0x3e04, 0x4247, 0x424b, 0x4268, 0x4386, 0x43af,
    0x451e, 0x4527, 0x4534, 0x453a, 0x4558, 0x467a, 0x4683, 0x46ad,
    0x46d7, 0x471f, 0x4800, 0x481c, 0x486b, 0x486d, 0x49e3, 0x49ef,
    0x4a0c, 0x4a32, 0x4a79, 0x4aca, 0x4b48, 0x4bb0, 0x4cfa, 0x4d21,
    0x4ea5, 0x4ebe, 0x4ed0, 0x4edb, 0x4edc, 0x4ee6, 0x4ee9, 0x4eec,
    0x4ef3, 0x4f50, 0x4f6d, 0x5002, 0x5016, 0x51e9, 0x58c4, 0x5980,
    0x59c5, 0x59ff, 0x5ba3, 0x5bbd, 0x5bbe, 0x5bd4, 0x5bec, 0x5bee,
    0x5bf6, 0x5bfa, 0x5d24, 0x5d25, 0x5d6f, 0x5fc6, 0x5fd3, 0x5fdd,
    0x5fff, 0x6000, 0x6008, 0x60ad, 0x61cc, 0x61ce, 0x649e, 0x6518,
    0x65ec, 0x65ed, 0x6663, 0x66f5, 0x66ff, 0x6758, 0x675f, 0x6761,
    0x67f2, 0x687a, 0x6995, 0xc022, 0xc184, 0xc19f, 0xcf1e
};

/*Collect the unicode lists and glyph_id offsets*/
static const lv_font_fmt_txt_cmap_t cmaps[] =
{
    {
        .range_start = 12289, .range_length = 53023, .glyph_id_start = 1,
        .unicode_list = unicode_list_0, .glyph_id_ofs_list = NULL, .list_length = 223, .type = LV_FONT_FMT_TXT_CMAP_SPARSE_TINY
    }
};



/*--------------------
 *  ALL CUSTOM DATA
 *--------------------*/

#if LVGL_VERSION_MAJOR == 8
/*Store all the custom data of the font*/
static  lv_font_fmt_txt_glyph_cache_t cache;
#endif

#if LVGL_VERSION_MAJOR >= 8
static const lv_font_fmt_txt_dsc_t font_dsc = {
#else
static lv_font_fmt_txt_dsc_t font_dsc = {
#endif
    .glyph_bitmap = glyph_bitmap,
    .glyph_dsc = glyph_dsc,
    .cmaps = cmaps,
    .kern_dsc = NULL,
    .kern_scale = 0,
    .cmap_num = 1,
    .bpp = 4,
    .kern_classes = 0,
    .bitmap_format = 0,
#if LVGL_VERSION_MAJOR == 8
    .cache = &cache
#endif
};



/*-----------------
 *  PUBLIC FONT
 *----------------*/

/*Initialize a public general font descriptor*/
#if LVGL_VERSION_MAJOR >= 8
const lv_font_t font_cjk_16 = {
#else
lv_font_t font_cjk_16 = {
#endif
    .get_glyph_dsc = lv_font_get_glyph_dsc_fmt_txt,    /*Function pointer to get glyph's data*/
    .get_glyph_bitmap = lv_font_get_bitmap_fmt_txt,    /*Function pointer to get glyph's bitmap*/
    .line_height = 18,          /*The maximum line height required by the font*/
    .base_line = 3,             /*Baseline measured from the bottom of the line*/
#if !(LVGL_VERSION_MAJOR == 6 && LVGL_VERSION_MINOR == 0)
    .subpx = LV_FONT_SUBPX_NONE,
#endif
#if LV_VERSION_CHECK(7, 4, 0) || LVGL_VERSION_MAJOR >= 8
    .underline_position = -2,
    .underline_thickness = 1,
#endif
    .dsc = &font_dsc,          /*The custom font data. Will be accessed by `get_glyph_bitmap/dsc` */
#if LV_VERSION_CHECK(8, 2, 0) || LVGL_VERSION_MAJOR >= 9
    .fallback = NULL,
#endif
    .user_data = NULL,
};



#endif /*#if FONT_CJK_16*/

