/*******************************************************************************
 * Size: 14 px
 * Bpp: 4
 * Opts: --font /var/folders/r4/thm82myj0cb8nwxrrnw8__800000gn/T//tigerscale-cjk/NotoSansSC-Medium.otf --symbols 。一上下中为义二亮件休作保候停储先克全关准出分到功勿卡原去发取可右同后否启和品器回在域失始存安完定实密对就局屏左已常幕应延归录待必成或户所手扫找拒择按接描搜操放效数文料断新无时是更最有期未本机材查标校核检止步测消清版牌物现用电画登皮盘眠码砝硬确秤称稍稳空等箱系索约绑络绝绪维网置耗自装要言认设访试语误请读败账走过返连退送选邮重量钟错闭问零需静面音须 --size 14 --bpp 4 --format lvgl --no-compress --lv-include lvgl.h -o TigerTagSplashESP32/font_cjk_14.c
 ******************************************************************************/

#ifdef LV_LVGL_H_INCLUDE_SIMPLE
#include "lvgl.h"
#else
#include "lvgl.h"
#endif

#ifndef FONT_CJK_14
#define FONT_CJK_14 1
#endif

#if FONT_CJK_14

/*-----------------
 *    BITMAPS
 *----------------*/

/*Store the image of the glyphs*/
static LV_ATTRIBUTE_LARGE_CONST const uint8_t glyph_bitmap[] = {
    /* U+3002 "。" */
    0x4, 0x96, 0x4, 0xc4, 0xb6, 0x95, 0x2, 0xb6,
    0x90, 0x79, 0xa, 0xeb, 0x10,

    /* U+4E00 "一" */
    0x2, 0x22, 0x22, 0x22, 0x22, 0x22, 0x22, 0x2f,
    0xff, 0xff, 0xff, 0xff, 0xff, 0xfa, 0x4, 0x44,
    0x44, 0x44, 0x44, 0x44, 0x42,

    /* U+4E0A "上" */
    0x0, 0x0, 0x0, 0xf5, 0x0, 0x0, 0x0, 0x0,
    0x0, 0x0, 0xf5, 0x0, 0x0, 0x0, 0x0, 0x0,
    0x0, 0xf5, 0x0, 0x0, 0x0, 0x0, 0x0, 0x0,
    0xf5, 0x0, 0x0, 0x0, 0x0, 0x0, 0x0, 0xf9,
    0x55, 0x55, 0x20, 0x0, 0x0, 0x0, 0xff, 0xff,
    0xff, 0x50, 0x0, 0x0, 0x0, 0xf5, 0x0, 0x0,
    0x0, 0x0, 0x0, 0x0, 0xf5, 0x0, 0x0, 0x0,
    0x0, 0x0, 0x0, 0xf5, 0x0, 0x0, 0x0, 0x0,
    0x0, 0x0, 0xf5, 0x0, 0x0, 0x0, 0x0, 0x0,
    0x0, 0xf5, 0x0, 0x0, 0x0, 0x1f, 0xff, 0xff,
    0xff, 0xff, 0xff, 0xf8, 0x5, 0x55, 0x55, 0x55,
    0x55, 0x55, 0x53,

    /* U+4E0B "下" */
    0x1f, 0xff, 0xff, 0xff, 0xff, 0xff, 0xf6, 0x6,
    0x66, 0x66, 0xec, 0x66, 0x66, 0x62, 0x0, 0x0,
    0x0, 0xd9, 0x0, 0x0, 0x0, 0x0, 0x0, 0x0,
    0xdc, 0x20, 0x0, 0x0, 0x0, 0x0, 0x0, 0xdf,
    0xf9, 0x10, 0x0, 0x0, 0x0, 0x0, 0xd9, 0x6f,
    0xf7, 0x0, 0x0, 0x0, 0x0, 0xd9, 0x1, 0xbf,
    0x70, 0x0, 0x0, 0x0, 0xd9, 0x0, 0x5, 0x0,
    0x0, 0x0, 0x0, 0xd9, 0x0, 0x0, 0x0, 0x0,
    0x0, 0x0, 0xd9, 0x0, 0x0, 0x0, 0x0, 0x0,
    0x0, 0xd9, 0x0, 0x0, 0x0, 0x0, 0x0, 0x0,
    0xd9, 0x0, 0x0, 0x0,

    /* U+4E2D "中" */
    0x0, 0x0, 0xf, 0x60, 0x0, 0x0, 0x0, 0x0,
    0xf, 0x60, 0x0, 0x0, 0x55, 0x55, 0x5f, 0xa5,
    0x55, 0x52, 0xef, 0xff, 0xff, 0xff, 0xff, 0xf6,
    0xe6, 0x0, 0xf, 0x60, 0x0, 0xf6, 0xe6, 0x0,
    0xf, 0x60, 0x0, 0xf6, 0xe6, 0x0, 0xf, 0x60,
    0x0, 0xf6, 0xea, 0x66, 0x6f, 0xa6, 0x66, 0xf6,
    0xee, 0xee, 0xef, 0xfe, 0xee, 0xf6, 0x73, 0x0,
    0xf, 0x60, 0x0, 0x62, 0x0, 0x0, 0xf, 0x60,
    0x0, 0x0, 0x0, 0x0, 0xf, 0x60, 0x0, 0x0,
    0x0, 0x0, 0xf, 0x60, 0x0, 0x0,

    /* U+4E3A "为" */
    0x0, 0x44, 0x6, 0xe0, 0x0, 0x0, 0x0, 0x8,
    0xf1, 0x6e, 0x0, 0x0, 0x0, 0x0, 0xd, 0x76,
    0xe0, 0x0, 0x0, 0x0, 0x56, 0x76, 0xaf, 0x66,
    0x66, 0x64, 0xd, 0xff, 0xff, 0xff, 0xff, 0xff,
    0xa0, 0x0, 0x0, 0xba, 0x0, 0x0, 0xc9, 0x0,
    0x0, 0xf, 0x75, 0x10, 0xc, 0x90, 0x0, 0x6,
    0xf2, 0xbc, 0x0, 0xd8, 0x0, 0x0, 0xdb, 0x1,
    0xe8, 0xe, 0x70, 0x0, 0x9f, 0x20, 0x4, 0x30,
    0xf6, 0x0, 0x7f, 0x60, 0x0, 0x0, 0x2f, 0x40,
    0xaf, 0x70, 0x0, 0x15, 0x5b, 0xf1, 0x9, 0x50,
    0x0, 0x0, 0xef, 0xf7, 0x0, 0x0, 0x0, 0x0,
    0x0, 0x0, 0x0,

    /* U+4E49 "义" */
    0x0, 0x0, 0x2, 0xb0, 0x0, 0x0, 0x0, 0x0,
    0x0, 0x0, 0xe6, 0x0, 0x2a, 0x10, 0x0, 0xc7,
    0x0, 0x8d, 0x0, 0x8e, 0x0, 0x0, 0x7e, 0x0,
    0x2c, 0x10, 0xe8, 0x0, 0x0, 0x1f, 0x60, 0x0,
    0x6, 0xf1, 0x0, 0x0, 0x8, 0xe1, 0x0, 0x1e,
    0x90, 0x0, 0x0, 0x0, 0xdb, 0x0, 0xbd, 0x0,
    0x0, 0x0, 0x0, 0x2f, 0x87, 0xf3, 0x0, 0x0,
    0x0, 0x0, 0x6, 0xff, 0x60, 0x0, 0x0, 0x0,
    0x0, 0x8, 0xff, 0xa1, 0x0, 0x0, 0x0, 0x4,
    0xde, 0x55, 0xfe, 0x50, 0x0, 0x6, 0xdf, 0xb1,
    0x0, 0x2c, 0xfd, 0x71, 0x4f, 0x92, 0x0, 0x0,
    0x0, 0x3a, 0xf2, 0x0, 0x0, 0x0, 0x0, 0x0,
    0x0, 0x0,

    /* U+4E8C "二" */
    0x0, 0xff, 0xff, 0xff, 0xff, 0xff, 0x10, 0x0,
    0x77, 0x77, 0x77, 0x77, 0x77, 0x0, 0x0, 0x0,
    0x0, 0x0, 0x0, 0x0, 0x0, 0x0, 0x0, 0x0,
    0x0, 0x0, 0x0, 0x0, 0x0, 0x0, 0x0, 0x0,
    0x0, 0x0, 0x0, 0x0, 0x0, 0x0, 0x0, 0x0,
    0x0, 0x0, 0x0, 0x0, 0x0, 0x0, 0x0, 0x0,
    0x0, 0x0, 0x0, 0x0, 0x0, 0x0, 0x0, 0x0,
    0x18, 0x88, 0x88, 0x88, 0x88, 0x88, 0x82, 0x3f,
    0xff, 0xff, 0xff, 0xff, 0xff, 0xf3,

    /* U+4EAE "亮" */
    0x0, 0x0, 0x0, 0x0, 0x0, 0x0, 0x0, 0x0,
    0x0, 0x0, 0xc8, 0x0, 0x0, 0x0, 0x2b, 0xbb,
    0xbb, 0xef, 0xbb, 0xbb, 0xb2, 0x16, 0x66, 0x66,
    0x66, 0x66, 0x66, 0x61, 0x0, 0x3e, 0xee, 0xee,
    0xee, 0xe4, 0x0, 0x0, 0x3f, 0x0, 0x0, 0x0,
    0xf5, 0x0, 0x0, 0x3f, 0xee, 0xee, 0xee, 0xf5,
    0x0, 0x0, 0x12, 0x22, 0x22, 0x22, 0x21, 0x0,
    0xf, 0xff, 0xff, 0xff, 0xff, 0xff, 0xf0, 0xf,
    0x30, 0x22, 0x22, 0x22, 0x4, 0xf0, 0x6, 0x10,
    0xff, 0xff, 0xfd, 0x2, 0x60, 0x0, 0x4, 0xf3,
    0x0, 0x8d, 0x0, 0x40, 0x1, 0x5e, 0xc0, 0x0,
    0x8e, 0x23, 0xf2, 0x1e, 0xe9, 0x10, 0x0, 0x4e,
    0xff, 0xc0, 0x1, 0x0, 0x0, 0x0, 0x0, 0x0,
    0x0,

    /* U+4EF6 "件" */
    0x0, 0x0, 0x0, 0x0, 0x0, 0x0, 0x0, 0x0,
    0xe, 0x52, 0x20, 0xf5, 0x0, 0x0, 0x0, 0x5f,
    0x19, 0xc0, 0xf5, 0x0, 0x0, 0x0, 0xcb, 0xd,
    0x90, 0xf5, 0x0, 0x0, 0x4, 0xf6, 0x1f, 0xff,
    0xff, 0xff, 0x70, 0x1e, 0xf5, 0x8e, 0x44, 0xf8,
    0x44, 0x20, 0x9f, 0xf5, 0xd6, 0x0, 0xf5, 0x0,
    0x0, 0x46, 0xe5, 0x0, 0x0, 0xf5, 0x0, 0x0,
    0x0, 0xe5, 0xdf, 0xff, 0xff, 0xff, 0xf1, 0x0,
    0xe5, 0x45, 0x55, 0xf9, 0x55, 0x50, 0x0, 0xe5,
    0x0, 0x0, 0xf5, 0x0, 0x0, 0x0, 0xe5, 0x0,
    0x0, 0xf5, 0x0, 0x0, 0x0, 0xe5, 0x0, 0x0,
    0xf5, 0x0, 0x0, 0x0, 0xe5, 0x0, 0x0, 0xf5,
    0x0, 0x0,

    /* U+4F11 "休" */
    0x0, 0x0, 0x0, 0x0, 0x0, 0x0, 0x0, 0x0,
    0x3, 0xe2, 0x0, 0xe6, 0x0, 0x0, 0x0, 0xb,
    0xd0, 0x0, 0xe6, 0x0, 0x0, 0x0, 0x3f, 0x60,
    0x0, 0xe6, 0x0, 0x0, 0x0, 0xcf, 0x34, 0x44,
    0xe9, 0x44, 0x41, 0x9, 0xfe, 0x7f, 0xff, 0xff,
    0xff, 0xf5, 0x5f, 0xee, 0x0, 0xb, 0xff, 0x60,
    0x0, 0x3b, 0x6e, 0x0, 0x4f, 0xfd, 0xe0, 0x0,
    0x0, 0x5e, 0x0, 0xc9, 0xe7, 0xe7, 0x0, 0x0,
    0x5e, 0x6, 0xf1, 0xe6, 0x6f, 0x20, 0x0, 0x5e,
    0x3f, 0x70, 0xe6, 0xb, 0xd1, 0x0, 0x5e, 0xca,
    0x0, 0xe6, 0x1, 0xd6, 0x0, 0x5e, 0x10, 0x0,
    0xe6, 0x0, 0x10, 0x0, 0x5e, 0x0, 0x0, 0xe6,
    0x0, 0x0,

    /* U+4F5C "作" */
    0x0, 0x4, 0x40, 0x5, 0x10, 0x0, 0x0, 0x0,
    0xe, 0x80, 0x5f, 0x10, 0x0, 0x0, 0x0, 0x6f,
    0x10, 0xcd, 0x44, 0x44, 0x41, 0x1, 0xe9, 0x4,
    0xff, 0xff, 0xff, 0xf4, 0xb, 0xf7, 0x1e, 0xa3,
    0xf1, 0x0, 0x0, 0x7f, 0xf7, 0xae, 0x13, 0xf5,
    0x44, 0x40, 0x78, 0xe7, 0x54, 0x3, 0xff, 0xff,
    0xe0, 0x0, 0xe7, 0x0, 0x3, 0xf1, 0x0, 0x0,
    0x0, 0xe7, 0x0, 0x3, 0xf6, 0x44, 0x40, 0x0,
    0xe7, 0x0, 0x3, 0xff, 0xff, 0xf2, 0x0, 0xe7,
    0x0, 0x3, 0xf1, 0x0, 0x0, 0x0, 0xe7, 0x0,
    0x3, 0xf1, 0x0, 0x0, 0x0, 0xe7, 0x0, 0x3,
    0xf1, 0x0, 0x0,

    /* U+4FDD "保" */
    0x0, 0x5, 0x30, 0x0, 0x0, 0x0, 0x0, 0x0,
    0x2f, 0x5e, 0xff, 0xff, 0xff, 0x50, 0x0, 0xad,
    0xe, 0x62, 0x22, 0x2f, 0x50, 0x4, 0xf6, 0xe,
    0x40, 0x0, 0xf, 0x50, 0x2f, 0xf5, 0xe, 0xff,
    0xff, 0xff, 0x50, 0xcd, 0xe5, 0x3, 0x33, 0xf7,
    0x33, 0x10, 0x62, 0xe5, 0x0, 0x0, 0xf5, 0x0,
    0x0, 0x0, 0xe5, 0xef, 0xff, 0xff, 0xff, 0xf1,
    0x0, 0xe5, 0x22, 0x4f, 0xff, 0x72, 0x20, 0x0,
    0xe5, 0x0, 0xdb, 0xfa, 0xf2, 0x0, 0x0, 0xe5,
    0x2d, 0xc0, 0xf4, 0x9e, 0x40, 0x0, 0xe7, 0xfb,
    0x10, 0xf4, 0x9, 0xf3, 0x0, 0xd5, 0x30, 0x0,
    0xf4, 0x0, 0x30,

    /* U+5019 "候" */
    0x0, 0x7, 0x10, 0x0, 0x0, 0x0, 0x0, 0x0,
    0x4f, 0x10, 0x6f, 0xff, 0xff, 0x30, 0x0, 0xb9,
    0x0, 0x1, 0x11, 0x3f, 0x0, 0x2, 0xf3, 0xc7,
    0xbb, 0xbb, 0xcf, 0xb5, 0xc, 0xf2, 0xd6, 0x6c,
    0x96, 0x66, 0x63, 0x6f, 0xf2, 0xd6, 0x1f, 0x95,
    0x55, 0x50, 0x49, 0xf2, 0xd6, 0x9e, 0xcf, 0xdc,
    0xb0, 0x1, 0xf2, 0xd7, 0xe3, 0xf, 0x40, 0x0,
    0x1, 0xf2, 0xd7, 0xa9, 0x9f, 0xb9, 0x95, 0x1,
    0xf2, 0xd6, 0x88, 0xaf, 0xc8, 0x84, 0x1, 0xf2,
    0x42, 0x0, 0xcd, 0xf3, 0x0, 0x1, 0xf2, 0x0,
    0x5d, 0xc0, 0x7f, 0x93, 0x1, 0xf2, 0x4, 0xd6,
    0x0, 0x5, 0xc4,

    /* U+505C "停" */
    0x0, 0x9, 0x30, 0x1, 0xc2, 0x0, 0x0, 0x0,
    0x3f, 0x9a, 0xaa, 0xfd, 0xaa, 0xa3, 0x0, 0xac,
    0x46, 0x66, 0x66, 0x66, 0x62, 0x2, 0xf6, 0x9,
    0xee, 0xee, 0xee, 0x30, 0xc, 0xf4, 0xa, 0x80,
    0x0, 0xf, 0x40, 0x6f, 0xf4, 0xa, 0xfe, 0xee,
    0xef, 0x40, 0x49, 0xe4, 0x12, 0x33, 0x33, 0x33,
    0x20, 0x0, 0xe4, 0xef, 0xff, 0xff, 0xff, 0xf5,
    0x0, 0xe4, 0xe4, 0x11, 0x11, 0x11, 0xd5, 0x0,
    0xe4, 0x39, 0xee, 0xff, 0xee, 0x31, 0x0, 0xe4,
    0x0, 0x0, 0xe6, 0x0, 0x0, 0x0, 0xe4, 0x0,
    0x22, 0xf6, 0x0, 0x0, 0x0, 0xe4, 0x0, 0xcf,
    0xe2, 0x0, 0x0, 0x0, 0x0, 0x0, 0x0, 0x0,
    0x0, 0x0,

    /* U+50A8 "储" */
    0x0, 0x5b, 0x0, 0x0, 0x5d, 0x0, 0x61, 0x0,
    0xa9, 0xa5, 0x2, 0x7e, 0x24, 0xf1, 0x0, 0xf4,
    0x3f, 0x2f, 0xff, 0xfe, 0x80, 0x6, 0xf0, 0x6,
    0x20, 0x5d, 0x4e, 0x10, 0xe, 0xe2, 0x54, 0x38,
    0xbf, 0xed, 0x84, 0x8f, 0xe7, 0xfe, 0x49, 0xaf,
    0xc9, 0x94, 0x57, 0xe0, 0x3e, 0x3, 0xec, 0x11,
    0x10, 0x3, 0xe0, 0x3e, 0x6f, 0xff, 0xff, 0xe0,
    0x3, 0xe0, 0x3e, 0x38, 0xf0, 0x4, 0xe0, 0x3,
    0xe0, 0x3e, 0x2, 0xfe, 0xef, 0xe0, 0x3, 0xe0,
    0x4f, 0xd6, 0xf0, 0x5, 0xe0, 0x3, 0xe0, 0x9e,
    0x41, 0xfd, 0xde, 0xe0, 0x3, 0xe0, 0x11, 0x1,
    0xf4, 0x37, 0xd0,

    /* U+5148 "先" */
    0x0, 0x8, 0x40, 0xaa, 0x0, 0x0, 0x0, 0x0,
    0x1f, 0x40, 0xaa, 0x0, 0x0, 0x0, 0x0, 0x7f,
    0xff, 0xff, 0xff, 0xff, 0x20, 0x0, 0xea, 0x55,
    0xcc, 0x55, 0x55, 0x0, 0x7, 0xf1, 0x0, 0xaa,
    0x0, 0x0, 0x0, 0x0, 0x30, 0x0, 0xaa, 0x0,
    0x0, 0x0, 0x2f, 0xff, 0xff, 0xff, 0xff, 0xff,
    0xf3, 0x4, 0x44, 0xcc, 0x44, 0xe9, 0x44, 0x41,
    0x0, 0x0, 0xe8, 0x0, 0xe6, 0x0, 0x0, 0x0,
    0x3, 0xf3, 0x0, 0xe6, 0x0, 0x20, 0x0, 0xc,
    0xd0, 0x0, 0xe6, 0x0, 0xe4, 0x4, 0xce, 0x20,
    0x0, 0xda, 0x44, 0xf3, 0x2f, 0xb2, 0x0, 0x0,
    0x8f, 0xff, 0xb0, 0x1, 0x0, 0x0, 0x0, 0x0,
    0x0, 0x0,

    /* U+514B "克" */
    0x0, 0x0, 0x0, 0xba, 0x0, 0x0, 0x0, 0x4,
    0x44, 0x44, 0xcb, 0x44, 0x44, 0x40, 0xe, 0xee,
    0xee, 0xff, 0xee, 0xee, 0xe1, 0x0, 0x0, 0x0,
    0xba, 0x0, 0x0, 0x0, 0x0, 0x8f, 0xff, 0xff,
    0xff, 0xf9, 0x0, 0x0, 0x8c, 0x33, 0x33, 0x33,
    0xca, 0x0, 0x0, 0x8b, 0x0, 0x0, 0x0, 0xba,
    0x0, 0x0, 0x8f, 0xff, 0xff, 0xff, 0xfa, 0x0,
    0x0, 0x13, 0xae, 0x35, 0xf5, 0x32, 0x0, 0x0,
    0x0, 0xda, 0x2, 0xf2, 0x0, 0x10, 0x0, 0x7,
    0xf3, 0x2, 0xf2, 0x0, 0xc6, 0x5, 0xbf, 0x80,
    0x2, 0xf7, 0x34, 0xf4, 0x2f, 0xb4, 0x0, 0x0,
    0xbf, 0xff, 0xc0, 0x0, 0x0, 0x0, 0x0, 0x0,
    0x0, 0x0,

    /* U+5168 "全" */
    0x0, 0x0, 0x0, 0x0, 0x0, 0x0, 0x0, 0x0,
    0x0, 0x0, 0xbc, 0x0, 0x0, 0x0, 0x0, 0x0,
    0x8, 0xff, 0x90, 0x0, 0x0, 0x0, 0x0, 0x9f,
    0x33, 0xfa, 0x0, 0x0, 0x0, 0x2c, 0xe3, 0x0,
    0x3e, 0xc3, 0x0, 0x18, 0xfc, 0x10, 0x0, 0x1,
    0xcf, 0x91, 0x5f, 0xae, 0xee, 0xee, 0xee, 0xeb,
    0xf6, 0x0, 0x14, 0x44, 0xcc, 0x44, 0x41, 0x10,
    0x0, 0x0, 0x0, 0xbb, 0x0, 0x0, 0x0, 0x0,
    0x5, 0x55, 0xcc, 0x55, 0x51, 0x0, 0x0, 0x1c,
    0xcc, 0xff, 0xcc, 0xc3, 0x0, 0x0, 0x0, 0x0,
    0xbb, 0x0, 0x0, 0x0, 0x2, 0x22, 0x22, 0xcc,
    0x22, 0x22, 0x20, 0xe, 0xff, 0xff, 0xff, 0xff,
    0xff, 0xf0,

    /* U+5173 "关" */
    0x0, 0x7, 0x50, 0x0, 0x5, 0x91, 0x0, 0x0,
    0x8, 0xe1, 0x0, 0xd, 0xb0, 0x0, 0x0, 0x0,
    0xe5, 0x0, 0x5f, 0x20, 0x0, 0x3, 0xff, 0xff,
    0xff, 0xff, 0xff, 0x50, 0x1, 0x55, 0x55, 0xce,
    0x55, 0x55, 0x20, 0x0, 0x0, 0x0, 0xad, 0x0,
    0x0, 0x0, 0x5, 0x55, 0x55, 0xce, 0x55, 0x55,
    0x50, 0x1f, 0xff, 0xff, 0xff, 0xff, 0xff, 0xf2,
    0x0, 0x0, 0x3, 0xff, 0x80, 0x0, 0x0, 0x0,
    0x0, 0x1d, 0xe5, 0xf5, 0x0, 0x0, 0x0, 0x5,
    0xef, 0x30, 0x6f, 0x80, 0x0, 0x6, 0xcf, 0xc2,
    0x0, 0x7, 0xfe, 0x82, 0x1e, 0xc5, 0x0, 0x0,
    0x0, 0x3a, 0xe1, 0x0, 0x0, 0x0, 0x0, 0x0,
    0x0, 0x0,

    /* U+51C6 "准" */
    0x0, 0x0, 0x0, 0x61, 0x15, 0x0, 0x0, 0x2e,
    0x20, 0x4, 0xf1, 0x3f, 0x30, 0x0, 0xc, 0xc0,
    0xb, 0xc3, 0x3c, 0x93, 0x30, 0x3, 0xf4, 0x3f,
    0xff, 0xff, 0xff, 0xf2, 0x0, 0x84, 0xdf, 0x30,
    0xf, 0x40, 0x0, 0x0, 0xa, 0xef, 0x75, 0x5f,
    0x85, 0x40, 0x0, 0xb, 0x4f, 0xdc, 0xcf, 0xdc,
    0xb0, 0x0, 0x56, 0xf, 0x30, 0xf, 0x40, 0x0,
    0x0, 0xd9, 0xf, 0xff, 0xff, 0xff, 0xd0, 0x3,
    0xf3, 0xf, 0x63, 0x3f, 0x73, 0x30, 0xb, 0xd0,
    0xf, 0x30, 0xf, 0x40, 0x0, 0x3f, 0x60, 0xf,
    0xff, 0xff, 0xff, 0xf6, 0x4, 0x0, 0xf, 0x63,
    0x33, 0x33, 0x31,

    /* U+51FA "出" */
    0x0, 0x0, 0x8, 0xe0, 0x0, 0x0, 0x8, 0x50,
    0x8, 0xe0, 0x2, 0x91, 0xd, 0x80, 0x8, 0xe0,
    0x4, 0xf2, 0xd, 0x80, 0x8, 0xe0, 0x4, 0xf2,
    0xd, 0x80, 0x8, 0xe0, 0x4, 0xf2, 0xd, 0xff,
    0xff, 0xff, 0xff, 0xf2, 0x4, 0x55, 0x5b, 0xf5,
    0x55, 0x50, 0x8e, 0x0, 0x8, 0xe0, 0x0, 0xbb,
    0x8e, 0x0, 0x8, 0xe0, 0x0, 0xbb, 0x8e, 0x0,
    0x8, 0xe0, 0x0, 0xbb, 0x8e, 0x0, 0x8, 0xe0,
    0x0, 0xbb, 0x8f, 0xff, 0xff, 0xff, 0xff, 0xfb,
    0x35, 0x55, 0x55, 0x55, 0x55, 0xdb,

    /* U+5206 "分" */
    0x0, 0x0, 0x31, 0x0, 0x3, 0x0, 0x0, 0x0,
    0x1, 0xf9, 0x0, 0x7f, 0x10, 0x0, 0x0, 0x9,
    0xf1, 0x0, 0xd, 0xb0, 0x0, 0x0, 0x2f, 0x90,
    0x0, 0x4, 0xf6, 0x0, 0x1, 0xdd, 0x0, 0x0,
    0x0, 0x8f, 0x40, 0x1d, 0xf8, 0x55, 0x55, 0x55,
    0x6e, 0xf3, 0xb, 0x8e, 0xef, 0xfe, 0xee, 0xf7,
    0x90, 0x0, 0x0, 0xf, 0x70, 0x0, 0xf5, 0x0,
    0x0, 0x0, 0x3f, 0x30, 0x1, 0xf4, 0x0, 0x0,
    0x0, 0xbd, 0x0, 0x2, 0xf3, 0x0, 0x0, 0x8,
    0xf5, 0x0, 0x4, 0xf1, 0x0, 0x4, 0xbf, 0x70,
    0x4, 0x4b, 0xe0, 0x0, 0xc, 0xc4, 0x0, 0xe,
    0xff, 0x60, 0x0, 0x0, 0x0, 0x0, 0x0, 0x0,
    0x0, 0x0,

    /* U+5230 "到" */
    0x0, 0x0, 0x0, 0x0, 0x0, 0x5, 0xe0, 0xff,
    0xff, 0xff, 0xf4, 0x81, 0x5e, 0x2, 0x6f, 0x46,
    0x52, 0x2f, 0x15, 0xe0, 0xb, 0x90, 0x7d, 0x1,
    0xf1, 0x5e, 0x7, 0xf9, 0x9a, 0xf9, 0x1f, 0x15,
    0xe0, 0x7c, 0xa8, 0x76, 0xd2, 0xf1, 0x5e, 0x0,
    0x0, 0xe3, 0x0, 0x1f, 0x15, 0xe0, 0x68, 0x8f,
    0xa8, 0x71, 0xf1, 0x5e, 0x7, 0xaa, 0xfb, 0xa9,
    0x1f, 0x15, 0xe0, 0x0, 0xf, 0x30, 0x1, 0xf1,
    0x5e, 0x0, 0x1, 0xf8, 0x9c, 0x0, 0x5, 0xe1,
    0xbe, 0xff, 0xda, 0x70, 0x13, 0x9e, 0x8, 0x63,
    0x0, 0x0, 0x3, 0xfe, 0x80, 0x0, 0x0, 0x0,
    0x0, 0x0, 0x0,

    /* U+529F "功" */
    0x0, 0x0, 0x0, 0x0, 0xc9, 0x0, 0x0, 0x28,
    0x88, 0x88, 0x0, 0xc9, 0x0, 0x0, 0x3c, 0xdf,
    0xcb, 0x0, 0xc8, 0x0, 0x0, 0x0, 0x4f, 0x0,
    0xde, 0xff, 0xee, 0xe3, 0x0, 0x4f, 0x0, 0x45,
    0xea, 0x56, 0xf3, 0x0, 0x4f, 0x0, 0x0, 0xf5,
    0x2, 0xf2, 0x0, 0x4f, 0x0, 0x1, 0xf3, 0x2,
    0xf1, 0x0, 0x4f, 0x1, 0x5, 0xf1, 0x3, 0xf1,
    0x0, 0x7f, 0xcf, 0x29, 0xc0, 0x4, 0xf0, 0x5f,
    0xfd, 0x94, 0x2f, 0x70, 0x6, 0xf0, 0x27, 0x20,
    0x0, 0xbd, 0x0, 0x8, 0xd0, 0x0, 0x0, 0x1c,
    0xf4, 0x14, 0x4d, 0xa0, 0x0, 0x0, 0x4e, 0x30,
    0xf, 0xfd, 0x20, 0x0, 0x0, 0x0, 0x0, 0x0,
    0x0, 0x0,

    /* U+52FF "勿" */
    0x0, 0x4, 0x60, 0x0, 0x0, 0x0, 0x0, 0x0,
    0xc, 0xc0, 0x0, 0x0, 0x0, 0x0, 0x0, 0x2f,
    0xb6, 0x66, 0x66, 0x66, 0x60, 0x0, 0x9f, 0xdf,
    0xfd, 0xef, 0xee, 0xf0, 0x2, 0xf7, 0xc, 0x90,
    0x7e, 0x6, 0xf0, 0xd, 0xd0, 0x4f, 0x20, 0xba,
    0x6, 0xe0, 0x5e, 0x20, 0xbb, 0x0, 0xf5, 0x7,
    0xd0, 0x0, 0x3, 0xf3, 0x6, 0xf0, 0x8, 0xc0,
    0x0, 0xd, 0xb0, 0xc, 0xa0, 0xa, 0xb0, 0x0,
    0xbe, 0x10, 0x5f, 0x30, 0xb, 0x90, 0xa, 0xe3,
    0x1, 0xe9, 0x0, 0xe, 0x70, 0x1, 0x20, 0x1d,
    0xd1, 0x34, 0x7f, 0x30, 0x0, 0x0, 0x3c, 0x20,
    0x7f, 0xfa, 0x0, 0x0, 0x0, 0x0, 0x0, 0x0,
    0x0, 0x0,

    /* U+5361 "卡" */
    0x0, 0x0, 0x0, 0xe6, 0x0, 0x0, 0x0, 0x0,
    0x0, 0x0, 0xe6, 0x0, 0x0, 0x0, 0x0, 0x0,
    0x0, 0xef, 0xff, 0xff, 0x0, 0x0, 0x0, 0x0,
    0xe9, 0x44, 0x44, 0x0, 0x0, 0x0, 0x0, 0xe6,
    0x0, 0x0, 0x0, 0x1f, 0xff, 0xff, 0xff, 0xff,
    0xff, 0xf8, 0x5, 0x55, 0x55, 0xea, 0x55, 0x55,
    0x53, 0x0, 0x0, 0x0, 0xd8, 0x20, 0x0, 0x0,
    0x0, 0x0, 0x0, 0xdc, 0xfc, 0x60, 0x0, 0x0,
    0x0, 0x0, 0xd7, 0x29, 0xfe, 0x60, 0x0, 0x0,
    0x0, 0xd7, 0x0, 0x18, 0x30, 0x0, 0x0, 0x0,
    0xd7, 0x0, 0x0, 0x0, 0x0, 0x0, 0x0, 0xd7,
    0x0, 0x0, 0x0,

    /* U+539F "原" */
    0x4, 0xff, 0xff, 0xff, 0xff, 0xff, 0xf4, 0x4,
    0xf3, 0x33, 0x3c, 0xa3, 0x33, 0x30, 0x4, 0xf0,
    0x9a, 0xaf, 0xda, 0xaa, 0x20, 0x4, 0xf0, 0xe8,
    0x44, 0x44, 0x6f, 0x30, 0x5, 0xf0, 0xed, 0xbb,
    0xbb, 0xcf, 0x30, 0x6, 0xf0, 0xe8, 0x33, 0x33,
    0x5f, 0x30, 0x7, 0xe0, 0xe7, 0x22, 0x22, 0x4f,
    0x30, 0x8, 0xc0, 0xcd, 0xde, 0xfd, 0xdd, 0x20,
    0xb, 0xa0, 0x18, 0x15, 0xe0, 0x71, 0x0, 0xe,
    0x61, 0xdb, 0x5, 0xe0, 0xad, 0x10, 0x5f, 0x1d,
    0xc1, 0x27, 0xe0, 0xb, 0xd1, 0x26, 0x3, 0x3,
    0xff, 0x90, 0x0, 0x40,

    /* U+53BB "去" */
    0x0, 0x0, 0x0, 0x7e, 0x0, 0x0, 0x0, 0x0,
    0x0, 0x0, 0x7e, 0x0, 0x0, 0x0, 0x0, 0xff,
    0xff, 0xff, 0xff, 0xff, 0x80, 0x0, 0x55, 0x55,
    0xaf, 0x55, 0x55, 0x30, 0x0, 0x0, 0x0, 0x7e,
    0x0, 0x0, 0x0, 0x0, 0x0, 0x0, 0x8e, 0x0,
    0x0, 0x0, 0x1f, 0xff, 0xff, 0xff, 0xff, 0xff,
    0xf9, 0x4, 0x44, 0x5f, 0xa4, 0x44, 0x44, 0x42,
    0x0, 0x0, 0xae, 0x10, 0x2e, 0x40, 0x0, 0x0,
    0x5, 0xf4, 0x0, 0x9, 0xf2, 0x0, 0x0, 0x2f,
    0x70, 0x1, 0x24, 0xed, 0x0, 0x1, 0xef, 0xef,
    0xff, 0xff, 0xff, 0x70, 0x0, 0x98, 0x65, 0x42,
    0x10, 0x8, 0xa0, 0x0, 0x0, 0x0, 0x0, 0x0,
    0x0, 0x0,

    /* U+53D1 "发" */
    0x0, 0x0, 0x0, 0x0, 0x0, 0x0, 0x0, 0x0,
    0x9, 0x20, 0xd9, 0x4, 0xa0, 0x0, 0x0, 0x5f,
    0x10, 0xf7, 0x1, 0xdb, 0x0, 0x0, 0xca, 0x2,
    0xf5, 0x0, 0x28, 0x0, 0x5, 0xff, 0xef, 0xff,
    0xee, 0xee, 0xe1, 0x1, 0x65, 0x4d, 0xd4, 0x44,
    0x44, 0x40, 0x0, 0x0, 0x2f, 0x91, 0x11, 0x20,
    0x0, 0x0, 0x0, 0x8f, 0xff, 0xff, 0xfd, 0x0,
    0x0, 0x2, 0xff, 0x92, 0x23, 0xf7, 0x0, 0x0,
    0xc, 0xe6, 0xf2, 0xa, 0xe0, 0x0, 0x0, 0xaf,
    0x40, 0x8e, 0xaf, 0x30, 0x0, 0x2c, 0xf6, 0x0,
    0x3f, 0xfb, 0x0, 0x0, 0x3d, 0x30, 0x4a, 0xfc,
    0x7e, 0xe8, 0x40, 0x0, 0x6, 0xfb, 0x40, 0x1,
    0x7d, 0xf4, 0x0, 0x0, 0x10, 0x0, 0x0, 0x0,
    0x10,

    /* U+53D6 "取" */
    0x8f, 0xff, 0xff, 0xd1, 0x11, 0x11, 0x0, 0x1b,
    0xa2, 0x8e, 0x4f, 0xff, 0xff, 0xd0, 0xa, 0xa2,
    0x8e, 0x7, 0xc1, 0x19, 0xa0, 0xa, 0xff, 0xfe,
    0x3, 0xf0, 0xc, 0x60, 0xa, 0x90, 0x6e, 0x0,
    0xf3, 0xf, 0x30, 0xa, 0xa2, 0x8e, 0x0, 0xb8,
    0x5e, 0x0, 0xa, 0xff, 0xfe, 0x0, 0x5d, 0xb8,
    0x0, 0xa, 0x90, 0x6e, 0x0, 0xf, 0xf2, 0x0,
    0xa, 0xa5, 0xaf, 0xc1, 0xd, 0xe0, 0x0, 0x9f,
    0xfd, 0xdf, 0x40, 0xae, 0xea, 0x0, 0x12, 0x0,
    0x6e, 0xa, 0xf3, 0x3f, 0xb1, 0x0, 0x0, 0x6e,
    0x3d, 0x20, 0x2, 0xb1, 0x0, 0x0, 0x0, 0x0,
    0x0, 0x0, 0x0,

    /* U+53EF "可" */
    0x1f, 0xff, 0xff, 0xff, 0xff, 0xff, 0xf7, 0x5,
    0x55, 0x55, 0x55, 0x55, 0xbe, 0x52, 0x0, 0x0,
    0x0, 0x0, 0x0, 0x8d, 0x0, 0x0, 0x9e, 0xee,
    0xee, 0x20, 0x8d, 0x0, 0x0, 0xab, 0x55, 0x7f,
    0x20, 0x8d, 0x0, 0x0, 0xa9, 0x0, 0x2f, 0x20,
    0x8d, 0x0, 0x0, 0xa9, 0x0, 0x2f, 0x20, 0x8d,
    0x0, 0x0, 0xac, 0x66, 0x7f, 0x20, 0x8d, 0x0,
    0x0, 0xaf, 0xdd, 0xdd, 0x10, 0x8d, 0x0, 0x0,
    0x55, 0x0, 0x0, 0x0, 0x8d, 0x0, 0x0, 0x0,
    0x0, 0x3, 0x55, 0xcc, 0x0, 0x0, 0x0, 0x0,
    0x3, 0xff, 0xd5, 0x0, 0x0, 0x0, 0x0, 0x0,
    0x0, 0x0, 0x0,

    /* U+53F3 "右" */
    0x0, 0x0, 0x6, 0x90, 0x0, 0x0, 0x0, 0x0,
    0x0, 0xb, 0xa0, 0x0, 0x0, 0x0, 0x4, 0x44,
    0x4f, 0x94, 0x44, 0x44, 0x40, 0x2f, 0xff, 0xff,
    0xff, 0xff, 0xff, 0xf2, 0x0, 0x0, 0xca, 0x0,
    0x0, 0x0, 0x0, 0x0, 0x5, 0xf3, 0x0, 0x0,
    0x0, 0x0, 0x0, 0xe, 0xe5, 0x44, 0x44, 0x44,
    0x0, 0x0, 0xaf, 0xff, 0xff, 0xff, 0xff, 0x20,
    0xa, 0xfa, 0xf0, 0x0, 0x0, 0x3f, 0x20, 0x6f,
    0x54, 0xf0, 0x0, 0x0, 0x3f, 0x20, 0x2, 0x4,
    0xf0, 0x0, 0x0, 0x3f, 0x20, 0x0, 0x4, 0xff,
    0xff, 0xff, 0xff, 0x20, 0x0, 0x4, 0xf5, 0x55,
    0x55, 0x7e, 0x20,

    /* U+540C "同" */
    0xef, 0xff, 0xff, 0xff, 0xff, 0xfe, 0xe8, 0x33,
    0x33, 0x33, 0x33, 0x8e, 0xe5, 0xad, 0xdd, 0xdd,
    0xd3, 0x5e, 0xe5, 0x44, 0x44, 0x44, 0x41, 0x5e,
    0xe5, 0x2, 0x22, 0x22, 0x10, 0x5e, 0xe5, 0x1f,
    0xff, 0xff, 0x80, 0x5e, 0xe5, 0x1f, 0x10, 0xa,
    0x80, 0x5e, 0xe5, 0x1f, 0x10, 0xa, 0x80, 0x5e,
    0xe5, 0x1f, 0xff, 0xff, 0x80, 0x5e, 0xe5, 0x1f,
    0x42, 0x22, 0x10, 0x5e, 0xe5, 0x6, 0x0, 0x0,
    0x34, 0x9e, 0xe5, 0x0, 0x0, 0x0, 0xaf, 0xe7,

    /* U+540E "后" */
    0x0, 0x0, 0x0, 0x23, 0x68, 0xbb, 0x0, 0x0,
    0xcd, 0xff, 0xff, 0xdb, 0x96, 0x10, 0x0, 0xf9,
    0x32, 0x10, 0x0, 0x0, 0x0, 0x0, 0xf6, 0x0,
    0x0, 0x0, 0x0, 0x0, 0x0, 0xff, 0xff, 0xff,
    0xff, 0xff, 0xf6, 0x0, 0xf9, 0x55, 0x55, 0x55,
    0x55, 0x52, 0x1, 0xf4, 0x0, 0x0, 0x0, 0x0,
    0x0, 0x2, 0xf3, 0x6f, 0xff, 0xff, 0xff, 0x60,
    0x3, 0xf1, 0x6f, 0x44, 0x44, 0x4f, 0x70, 0x7,
    0xf0, 0x6e, 0x0, 0x0, 0xe, 0x70, 0xc, 0xa0,
    0x6e, 0x0, 0x0, 0xe, 0x70, 0x5f, 0x50, 0x6f,
    0xff, 0xff, 0xff, 0x70, 0x3b, 0x0, 0x6f, 0x44,
    0x44, 0x4e, 0x70, 0x0, 0x0, 0x0, 0x0, 0x0,
    0x0, 0x0,

    /* U+5426 "否" */
    0x1f, 0xff, 0xff, 0xff, 0xff, 0xff, 0xf1, 0x3,
    0x33, 0x34, 0xbf, 0x73, 0x33, 0x30, 0x0, 0x0,
    0x1a, 0xfb, 0x15, 0x0, 0x0, 0x0, 0x7, 0xee,
    0xda, 0x6f, 0xd5, 0x0, 0x29, 0xff, 0x80, 0xba,
    0x1, 0x9f, 0xb2, 0x2e, 0x81, 0x0, 0xba, 0x0,
    0x3, 0xb1, 0x0, 0x23, 0x33, 0x88, 0x33, 0x32,
    0x0, 0x0, 0x9f, 0xff, 0xff, 0xff, 0xfb, 0x0,
    0x0, 0x9c, 0x0, 0x0, 0x0, 0xbb, 0x0, 0x0,
    0x9c, 0x0, 0x0, 0x0, 0xbb, 0x0, 0x0, 0x9f,
    0xdd, 0xdd, 0xdd, 0xfb, 0x0, 0x0, 0x9d, 0x55,
    0x55, 0x55, 0xcb, 0x0,

    /* U+542F "启" */
    0x0, 0x0, 0x0, 0xa7, 0x0, 0x0, 0x0, 0x0,
    0x0, 0x8, 0xe0, 0x0, 0x0, 0x0, 0xdf, 0xff,
    0xff, 0xff, 0xff, 0x40, 0xe, 0x94, 0x44, 0x44,
    0x45, 0xf4, 0x0, 0xe7, 0x0, 0x0, 0x0, 0xf,
    0x40, 0xe, 0xff, 0xff, 0xff, 0xff, 0xf4, 0x0,
    0xf8, 0x44, 0x44, 0x44, 0x44, 0x10, 0xf, 0x44,
    0x44, 0x44, 0x44, 0x42, 0x2, 0xf3, 0xff, 0xff,
    0xff, 0xff, 0x90, 0x5f, 0x2f, 0x30, 0x0, 0x0,
    0xc9, 0xa, 0xc0, 0xf3, 0x0, 0x0, 0xc, 0x92,
    0xf7, 0xf, 0xff, 0xff, 0xff, 0xf9, 0x3d, 0x0,
    0xf6, 0x33, 0x33, 0x3d, 0x90, 0x0, 0x0, 0x0,
    0x0, 0x0, 0x0,

    /* U+548C "和" */
    0x0, 0x0, 0x5, 0x10, 0x0, 0x0, 0x0, 0x79,
    0xcf, 0xe7, 0x35, 0x55, 0x54, 0xa, 0x8d, 0xb0,
    0x9, 0xff, 0xff, 0xe0, 0x0, 0xaa, 0x0, 0x9b,
    0x0, 0x6e, 0x4e, 0xef, 0xfe, 0xd9, 0xb0, 0x6,
    0xe1, 0x57, 0xfd, 0x55, 0x9b, 0x0, 0x6e, 0x0,
    0x8f, 0xf6, 0x9, 0xb0, 0x6, 0xe0, 0xe, 0xed,
    0xf4, 0x9b, 0x0, 0x6e, 0x9, 0xca, 0xa7, 0xb9,
    0xb0, 0x6, 0xe4, 0xf4, 0xaa, 0x2, 0x9b, 0x0,
    0x6e, 0x59, 0xa, 0xa0, 0x9, 0xff, 0xff, 0xe0,
    0x0, 0xaa, 0x0, 0x9c, 0x44, 0x9e, 0x0, 0xa,
    0xa0, 0x7, 0x80, 0x4, 0x90,

    /* U+54C1 "品" */
    0x0, 0xef, 0xff, 0xff, 0xff, 0x0, 0x0, 0xe8,
    0x44, 0x44, 0x7f, 0x0, 0x0, 0xe5, 0x0, 0x0,
    0x4f, 0x0, 0x0, 0xee, 0xdd, 0xdd, 0xef, 0x0,
    0x0, 0x56, 0x66, 0x66, 0x66, 0x0, 0x0, 0x0,
    0x0, 0x0, 0x0, 0x0, 0xef, 0xff, 0xf3, 0x5f,
    0xff, 0xff, 0xe7, 0x35, 0xf3, 0x5f, 0x33, 0x8f,
    0xe5, 0x1, 0xf3, 0x5e, 0x0, 0x5f, 0xe5, 0x1,
    0xf3, 0x5e, 0x0, 0x5f, 0xef, 0xff, 0xf3, 0x5f,
    0xff, 0xff, 0xe8, 0x56, 0xe3, 0x5f, 0x55, 0x8e,

    /* U+5668 "器" */
    0x0, 0xff, 0xff, 0x61, 0xff, 0xff, 0x80, 0x0,
    0xf4, 0x1d, 0x61, 0xf3, 0x1c, 0x80, 0x0, 0xf5,
    0x3d, 0x61, 0xf4, 0x3c, 0x80, 0x0, 0xee, 0xee,
    0x72, 0xef, 0xee, 0x70, 0x0, 0x0, 0x5, 0xf2,
    0xa, 0xc2, 0x0, 0x1f, 0xff, 0xff, 0xff, 0xff,
    0xff, 0xf8, 0x3, 0x39, 0xf7, 0x33, 0x6f, 0xa3,
    0x31, 0x3, 0xbf, 0x82, 0x10, 0x27, 0xfd, 0x60,
    0x2f, 0xff, 0xff, 0x61, 0xff, 0xff, 0xf9, 0x1,
    0xf2, 0xd, 0x61, 0xf1, 0xb, 0x90, 0x0, 0xf4,
    0x2d, 0x61, 0xf3, 0x2c, 0x80, 0x0, 0xff, 0xfe,
    0x61, 0xff, 0xff, 0x70,

    /* U+56DE "回" */
    0xef, 0xff, 0xff, 0xff, 0xff, 0xfe, 0xea, 0x55,
    0x55, 0x55, 0x55, 0xae, 0xe7, 0x0, 0x0, 0x0,
    0x0, 0x7e, 0xe7, 0xe, 0xff, 0xff, 0xe0, 0x7e,
    0xe7, 0xe, 0x72, 0x28, 0xe0, 0x7e, 0xe7, 0xe,
    0x50, 0x6, 0xe0, 0x7e, 0xe7, 0xe, 0x50, 0x6,
    0xe0, 0x7e, 0xe7, 0xe, 0xff, 0xff, 0xe0, 0x7e,
    0xe7, 0x3, 0x33, 0x33, 0x30, 0x7e, 0xe7, 0x0,
    0x0, 0x0, 0x0, 0x7e, 0xef, 0xff, 0xff, 0xff,
    0xff, 0xfe, 0xe9, 0x44, 0x44, 0x44, 0x44, 0xae,

    /* U+5728 "在" */
    0x0, 0x0, 0x0, 0x0, 0x0, 0x0, 0x0, 0x0,
    0x0, 0xc, 0x70, 0x0, 0x0, 0x0, 0x0, 0x0,
    0x2f, 0x50, 0x0, 0x0, 0x0, 0x2f, 0xff, 0xff,
    0xff, 0xff, 0xff, 0xf2, 0x5, 0x56, 0xf9, 0x55,
    0x55, 0x55, 0x50, 0x0, 0xa, 0xe0, 0x0, 0x76,
    0x0, 0x0, 0x0, 0x4f, 0x60, 0x0, 0xb9, 0x0,
    0x0, 0x3, 0xee, 0x3, 0x44, 0xcb, 0x44, 0x20,
    0x3f, 0xfe, 0xb, 0xff, 0xff, 0xff, 0x90, 0x3c,
    0x8e, 0x0, 0x0, 0xb9, 0x0, 0x0, 0x0, 0x6e,
    0x0, 0x0, 0xb9, 0x0, 0x0, 0x0, 0x6e, 0x0,
    0x0, 0xb9, 0x0, 0x0, 0x0, 0x6e, 0x13, 0x33,
    0xcb, 0x33, 0x30, 0x0, 0x6e, 0x4f, 0xff, 0xff,
    0xff, 0xf2,

    /* U+57DF "域" */
    0x0, 0x0, 0x0, 0x0, 0x2, 0x0, 0x0, 0x0,
    0xf2, 0x0, 0x0, 0xf, 0x5e, 0x30, 0x0, 0xf2,
    0x0, 0x0, 0xf, 0x36, 0xc0, 0x0, 0xf2, 0x9f,
    0xff, 0xff, 0xff, 0xf1, 0x38, 0xf9, 0x54, 0x44,
    0x4f, 0x74, 0x40, 0x7f, 0xff, 0x63, 0x33, 0x1e,
    0x51, 0x10, 0x1, 0xf3, 0x3f, 0xcf, 0x5d, 0x69,
    0xb0, 0x0, 0xf2, 0x3c, 0xb, 0x5c, 0x7e, 0x60,
    0x0, 0xf2, 0x3c, 0x1c, 0x5a, 0xcf, 0x10, 0x0,
    0xf5, 0x6e, 0xee, 0x47, 0xf9, 0x0, 0x5, 0xff,
    0x40, 0x15, 0x79, 0xf1, 0x0, 0x5f, 0x81, 0xae,
    0xfb, 0xdf, 0xf2, 0x72, 0x1, 0x0, 0x43, 0x7,
    0xf5, 0xba, 0xd3, 0x0, 0x0, 0x0, 0x9, 0x40,
    0x2e, 0xc0,

    /* U+5931 "失" */
    0x0, 0x9, 0x50, 0x8d, 0x0, 0x0, 0x0, 0x0,
    0x2f, 0x60, 0x8d, 0x0, 0x0, 0x0, 0x0, 0x7f,
    0x86, 0xbe, 0x66, 0x66, 0x10, 0x0, 0xef, 0xff,
    0xff, 0xff, 0xff, 0x40, 0x8, 0xf2, 0x0, 0x8d,
    0x0, 0x0, 0x0, 0xa, 0x80, 0x0, 0x9c, 0x0,
    0x0, 0x0, 0x6, 0x66, 0x66, 0xcd, 0x66, 0x66,
    0x63, 0x1f, 0xff, 0xff, 0xff, 0xff, 0xff, 0xf7,
    0x0, 0x0, 0x4, 0xfe, 0xa0, 0x0, 0x0, 0x0,
    0x0, 0x1d, 0xc4, 0xf5, 0x0, 0x0, 0x0, 0x2,
    0xde, 0x20, 0x9f, 0x50, 0x0, 0x1, 0x8f, 0xd3,
    0x0, 0x9, 0xfb, 0x40, 0x1f, 0xe8, 0x0, 0x0,
    0x0, 0x5d, 0xf9, 0x2, 0x0, 0x0, 0x0, 0x0,
    0x0, 0x30,

    /* U+59CB "始" */
    0x0, 0x0, 0x0, 0x0, 0x0, 0x0, 0x0, 0x0,
    0xf4, 0x0, 0x1, 0xf5, 0x0, 0x0, 0x1, 0xf1,
    0x0, 0x7, 0xf1, 0x0, 0x0, 0x3, 0xf0, 0x0,
    0xe, 0x80, 0xa3, 0x0, 0xaf, 0xff, 0xf2, 0x8e,
    0x0, 0x8d, 0x0, 0x2b, 0xa5, 0xf5, 0xfa, 0x78,
    0x9f, 0x80, 0xd, 0x53, 0xf8, 0xfe, 0xdb, 0xaa,
    0xf1, 0x1f, 0x16, 0xc0, 0x0, 0x0, 0x0, 0x40,
    0x4f, 0x6b, 0x80, 0xcd, 0xdd, 0xdd, 0x40, 0x6,
    0xff, 0x40, 0xe8, 0x55, 0x5f, 0x50, 0x0, 0x9f,
    0x90, 0xe4, 0x0, 0xe, 0x50, 0x3, 0xf9, 0xf4,
    0xe4, 0x0, 0xe, 0x50, 0x4f, 0xa0, 0x30, 0xed,
    0xcc, 0xcf, 0x50, 0x4a, 0x0, 0x0, 0xe8, 0x55,
    0x5e, 0x50,

    /* U+5B58 "存" */
    0x0, 0x0, 0xa, 0x50, 0x0, 0x0, 0x0, 0x0,
    0x0, 0x2f, 0x50, 0x0, 0x0, 0x0, 0x2f, 0xff,
    0xff, 0xff, 0xff, 0xff, 0xf2, 0x4, 0x45, 0xf9,
    0x44, 0x44, 0x44, 0x40, 0x0, 0xa, 0xe0, 0x33,
    0x33, 0x34, 0x0, 0x0, 0x4f, 0x51, 0xff, 0xff,
    0xff, 0x40, 0x4, 0xfe, 0x0, 0x0, 0x8, 0xe4,
    0x0, 0x5f, 0xfd, 0x0, 0x0, 0x7e, 0x10, 0x0,
    0x49, 0x8d, 0x3f, 0xff, 0xff, 0xff, 0xf6, 0x0,
    0x7d, 0x4, 0x44, 0x9e, 0x44, 0x41, 0x0, 0x7d,
    0x0, 0x0, 0x7d, 0x0, 0x0, 0x0, 0x7d, 0x0,
    0x23, 0xad, 0x0, 0x0, 0x0, 0x7d, 0x0, 0x7f,
    0xe7, 0x0, 0x0,

    /* U+5B89 "安" */
    0x0, 0x0, 0x2, 0xb3, 0x0, 0x0, 0x0, 0x3,
    0x33, 0x34, 0xfb, 0x33, 0x33, 0x30, 0xc, 0xff,
    0xff, 0xff, 0xff, 0xff, 0xc0, 0xc, 0x80, 0x3,
    0x60, 0x0, 0x9, 0xc0, 0x9, 0x60, 0xb, 0xd0,
    0x0, 0x6, 0x90, 0x4, 0x44, 0x6f, 0xa4, 0x44,
    0x44, 0x40, 0x1f, 0xff, 0xff, 0xff, 0xff, 0xff,
    0xf2, 0x0, 0x6, 0xf4, 0x0, 0x4f, 0x40, 0x0,
    0x0, 0x1f, 0xe3, 0x0, 0xdb, 0x0, 0x0, 0x0,
    0x6, 0xbf, 0xdc, 0xe1, 0x0, 0x0, 0x0, 0x0,
    0x8, 0xff, 0xfa, 0x30, 0x0, 0x1, 0x59, 0xef,
    0x71, 0x6d, 0xfb, 0x20, 0xa, 0xfb, 0x71, 0x0,
    0x0, 0x6e, 0x80, 0x0, 0x0, 0x0, 0x0, 0x0,
    0x0, 0x0,

    /* U+5B8C "完" */
    0x0, 0x0, 0x0, 0xc5, 0x0, 0x0, 0x0, 0x4,
    0x44, 0x44, 0xdd, 0x44, 0x44, 0x40, 0xe, 0xff,
    0xff, 0xff, 0xff, 0xff, 0xe0, 0xe, 0x60, 0x0,
    0x0, 0x0, 0x7, 0xe0, 0xe, 0x6b, 0xff, 0xff,
    0xff, 0xa7, 0xe0, 0x0, 0x3, 0x44, 0x44, 0x44,
    0x20, 0x0, 0x2, 0x22, 0x22, 0x22, 0x22, 0x22,
    0x20, 0x3f, 0xff, 0xff, 0xff, 0xff, 0xff, 0xf3,
    0x1, 0x11, 0xbb, 0x12, 0xf6, 0x11, 0x10, 0x0,
    0x0, 0xd8, 0x0, 0xf4, 0x0, 0x0, 0x0, 0x4,
    0xf3, 0x0, 0xf4, 0x0, 0xa4, 0x2, 0x7f, 0xa0,
    0x0, 0xf8, 0x34, 0xe5, 0x2f, 0xe6, 0x0, 0x0,
    0xaf, 0xff, 0xd0, 0x1, 0x0, 0x0, 0x0, 0x0,
    0x0, 0x0,

    /* U+5B9A "定" */
    0x0, 0x0, 0x2, 0xc2, 0x0, 0x0, 0x0, 0x4,
    0x44, 0x44, 0xfb, 0x44, 0x44, 0x40, 0xe, 0xff,
    0xff, 0xff, 0xff, 0xff, 0xe0, 0xe, 0x50, 0x0,
    0x0, 0x0, 0x6, 0xe0, 0xe, 0x54, 0x44, 0x44,
    0x44, 0x46, 0xe0, 0x0, 0xf, 0xff, 0xff, 0xff,
    0xf0, 0x0, 0x0, 0x2, 0x0, 0xe7, 0x0, 0x0,
    0x0, 0x0, 0x3f, 0x10, 0xe9, 0x33, 0x31, 0x0,
    0x0, 0x7f, 0x0, 0xef, 0xff, 0xf7, 0x0, 0x0,
    0xbf, 0x60, 0xe7, 0x0, 0x0, 0x0, 0x2, 0xfa,
    0xe4, 0xe7, 0x0, 0x0, 0x0, 0xb, 0xd0, 0x8f,
    0xfb, 0x65, 0x55, 0x52, 0x4e, 0x20, 0x3, 0x9d,
    0xff, 0xff, 0xf2, 0x0, 0x0, 0x0, 0x0, 0x0,
    0x0, 0x0,

    /* U+5B9E "实" */
    0x0, 0x0, 0x0, 0xa6, 0x0, 0x0, 0x0, 0x3,
    0x44, 0x44, 0xce, 0x44, 0x44, 0x30, 0xc, 0xff,
    0xff, 0xff, 0xff, 0xff, 0xd0, 0xc, 0x72, 0x70,
    0x1a, 0x30, 0x8, 0xd0, 0x9, 0x54, 0xea, 0x2f,
    0x30, 0x5, 0x90, 0x0, 0x31, 0x29, 0x3f, 0x30,
    0x0, 0x0, 0x0, 0xaf, 0x50, 0x5f, 0x10, 0x0,
    0x0, 0x0, 0x5, 0x50, 0x8e, 0x0, 0x0, 0x0,
    0xe, 0xee, 0xee, 0xff, 0xee, 0xee, 0xe1, 0x3,
    0x33, 0x3a, 0xf5, 0x73, 0x33, 0x30, 0x0, 0x0,
    0x8f, 0x73, 0xee, 0x71, 0x0, 0x4, 0x9f, 0xe6,
    0x0, 0x6, 0xde, 0x70, 0x6, 0xb6, 0x0, 0x0,
    0x0, 0x6, 0x80,

    /* U+5BC6 "密" */
    0x0, 0x0, 0x0, 0x10, 0x0, 0x0, 0x0, 0x0,
    0x0, 0x0, 0xf5, 0x0, 0x0, 0x0, 0xe, 0xee,
    0xee, 0xff, 0xee, 0xee, 0xe0, 0xf, 0x84, 0x4c,
    0x64, 0x45, 0x48, 0xf0, 0xe, 0x50, 0x39, 0xf5,
    0x4f, 0x45, 0xe0, 0x0, 0xb3, 0xe4, 0x37, 0xf7,
    0x67, 0x0, 0x7, 0xe0, 0xe6, 0xaf, 0x52, 0x6f,
    0x70, 0x2f, 0x42, 0xff, 0xa1, 0x8, 0xc4, 0xf3,
    0x18, 0xdf, 0xdf, 0xff, 0xff, 0x60, 0x40, 0x1b,
    0x72, 0x0, 0x95, 0x10, 0x0, 0x0, 0x0, 0xb6,
    0x0, 0xe6, 0x0, 0x6e, 0x0, 0x0, 0xc6, 0x0,
    0xe6, 0x0, 0x6e, 0x0, 0x0, 0xce, 0xcc, 0xfd,
    0xcc, 0xde, 0x0, 0x0, 0x67, 0x77, 0x77, 0x77,
    0xae, 0x0,

    /* U+5BF9 "对" */
    0x0, 0x0, 0x0, 0x0, 0x0, 0x4f, 0x0, 0x0,
    0x0, 0x0, 0x0, 0x0, 0x4f, 0x0, 0xf, 0xff,
    0xff, 0x80, 0x0, 0x4f, 0x0, 0x6, 0x66, 0x6f,
    0x75, 0x55, 0x8f, 0x53, 0x0, 0x0, 0x1f, 0x5e,
    0xee, 0xff, 0xf9, 0x6, 0x80, 0x5f, 0x10, 0x0,
    0x4f, 0x0, 0x4, 0xfa, 0xac, 0x8, 0x40, 0x4f,
    0x0, 0x0, 0x3e, 0xf7, 0x7, 0xe0, 0x4f, 0x0,
    0x0, 0x8, 0xfb, 0x0, 0xe6, 0x4f, 0x0, 0x0,
    0x2f, 0xbf, 0x90, 0x52, 0x4f, 0x0, 0x0, 0xcd,
    0x7, 0xd0, 0x0, 0x4f, 0x0, 0x1d, 0xe3, 0x0,
    0x10, 0x25, 0x9f, 0x0, 0x1c, 0x20, 0x0, 0x0,
    0x3f, 0xf9, 0x0, 0x0, 0x0, 0x0, 0x0, 0x0,
    0x0, 0x0,

    /* U+5C31 "就" */
    0x0, 0x0, 0x0, 0x0, 0x0, 0x0, 0x0, 0x0,
    0xd, 0x60, 0x0, 0xe, 0x53, 0x0, 0x14, 0x4b,
    0xc4, 0x40, 0xe, 0x6e, 0x50, 0x4f, 0xff, 0xff,
    0xf1, 0xe, 0x44, 0xe0, 0x0, 0x0, 0x0, 0x2,
    0x3f, 0x63, 0x61, 0x9, 0xff, 0xff, 0x9b, 0xff,
    0xff, 0xf8, 0x9, 0x80, 0xa, 0x90, 0x1f, 0x40,
    0x0, 0x9, 0xa4, 0x4b, 0x90, 0x3f, 0xf3, 0x0,
    0x7, 0xbe, 0xeb, 0x60, 0x6c, 0xf3, 0x0, 0x3,
    0x78, 0xa9, 0x20, 0xa8, 0xf3, 0x0, 0x9, 0x98,
    0xa7, 0xa1, 0xf3, 0xf3, 0x0, 0x1f, 0x38, 0xa1,
    0xa8, 0xd0, 0xf3, 0x49, 0x28, 0x19, 0xa0, 0x3f,
    0x50, 0xf6, 0x8b, 0x0, 0x9f, 0x60, 0x99, 0x0,
    0x7c, 0xb3, 0x0, 0x0, 0x0, 0x0, 0x0, 0x0,
    0x0,

    /* U+5C40 "局" */
    0x0, 0xef, 0xff, 0xff, 0xff, 0xfd, 0x0, 0xe,
    0x71, 0x11, 0x11, 0x16, 0xd0, 0x0, 0xe8, 0x33,
    0x33, 0x33, 0x7d, 0x0, 0xf, 0xed, 0xdd, 0xdd,
    0xdd, 0xc0, 0x0, 0xf6, 0x11, 0x11, 0x11, 0x11,
    0x10, 0x1f, 0xff, 0xff, 0xff, 0xff, 0xfd, 0x2,
    0xf2, 0x11, 0x11, 0x11, 0x8, 0xc0, 0x5f, 0xa,
    0xff, 0xff, 0xe0, 0x9c, 0x9, 0xc0, 0xa9, 0x0,
    0x5e, 0xa, 0xb0, 0xe7, 0xa, 0xa3, 0x37, 0xe0,
    0xb9, 0x7e, 0x0, 0xaf, 0xdd, 0xdf, 0x3e, 0x71,
    0x50, 0x5, 0x40, 0x0, 0xaf, 0xc2, 0x0, 0x0,
    0x0, 0x0, 0x0, 0x0, 0x0,

    /* U+5C4F "屏" */
    0x3, 0xff, 0xff, 0xff, 0xff, 0xff, 0xc0, 0x3,
    0xf4, 0x22, 0x22, 0x22, 0x2a, 0xc0, 0x3, 0xff,
    0xff, 0xff, 0xff, 0xff, 0xc0, 0x3, 0xf4, 0x2b,
    0x62, 0x22, 0xb7, 0x20, 0x3, 0xf2, 0xa, 0x80,
    0x3, 0xf3, 0x0, 0x4, 0xf6, 0xff, 0xff, 0xff,
    0xff, 0xf1, 0x5, 0xf0, 0x16, 0xf1, 0x17, 0xe1,
    0x10, 0x6, 0xe1, 0x26, 0xf2, 0x27, 0xe2, 0x21,
    0x8, 0xdb, 0xff, 0xff, 0xff, 0xff, 0xf7, 0xc,
    0x90, 0xd, 0xa0, 0x6, 0xe0, 0x0, 0x3f, 0x42,
    0xbe, 0x20, 0x6, 0xe0, 0x0, 0x4b, 0x7, 0xc2,
    0x0, 0x6, 0xe0, 0x0, 0x0, 0x0, 0x0, 0x0,
    0x0, 0x0, 0x0,

    /* U+5DE6 "左" */
    0x0, 0x0, 0xb, 0x30, 0x0, 0x0, 0x0, 0x0,
    0x0, 0x2f, 0x30, 0x0, 0x0, 0x0, 0x4, 0x44,
    0x8f, 0x54, 0x44, 0x44, 0x40, 0x1f, 0xff, 0xff,
    0xff, 0xff, 0xff, 0xf1, 0x0, 0x0, 0xd8, 0x0,
    0x0, 0x0, 0x0, 0x0, 0x3, 0xf3, 0x0, 0x0,
    0x0, 0x0, 0x0, 0x9, 0xf6, 0x66, 0x66, 0x66,
    0x40, 0x0, 0xe, 0xbd, 0xde, 0xfe, 0xdd, 0xa0,
    0x0, 0x6f, 0x10, 0x3, 0xf2, 0x0, 0x0, 0x1,
    0xe9, 0x0, 0x3, 0xf2, 0x0, 0x0, 0xb, 0xd1,
    0x0, 0x3, 0xf2, 0x0, 0x0, 0x7f, 0x23, 0x44,
    0x47, 0xf6, 0x44, 0x41, 0x3, 0xa, 0xff, 0xff,
    0xff, 0xff, 0xf5,

    /* U+5DF2 "已" */
    0xdf, 0xff, 0xff, 0xff, 0xff, 0x70, 0x4, 0x44,
    0x44, 0x44, 0x44, 0xf7, 0x0, 0x3, 0x10, 0x0,
    0x0, 0xe, 0x70, 0x0, 0xf4, 0x0, 0x0, 0x0,
    0xe7, 0x0, 0xf, 0x74, 0x44, 0x44, 0x4f, 0x70,
    0x0, 0xff, 0xff, 0xff, 0xff, 0xf7, 0x0, 0xf,
    0x40, 0x0, 0x0, 0x9, 0x50, 0x0, 0xf4, 0x0,
    0x0, 0x0, 0x0, 0x0, 0xf, 0x40, 0x0, 0x0,
    0x0, 0x2d, 0x20, 0xf5, 0x0, 0x0, 0x0, 0x5,
    0xf1, 0xe, 0xc6, 0x55, 0x55, 0x56, 0xdc, 0x0,
    0x4c, 0xef, 0xff, 0xff, 0xeb, 0x20,

    /* U+5E38 "常" */
    0x6, 0xa0, 0x8, 0xc0, 0x8, 0x80, 0x0, 0x3f,
    0x50, 0x8c, 0x2, 0xf4, 0x0, 0xde, 0xfe, 0xef,
    0xfe, 0xef, 0xee, 0x2e, 0x73, 0x33, 0x33, 0x33,
    0x35, 0xf2, 0xe5, 0xaf, 0xff, 0xff, 0xfe, 0x2f,
    0x23, 0x1a, 0x90, 0x0, 0x6, 0xe0, 0x30, 0x0,
    0xaf, 0xdd, 0xdd, 0xee, 0x0, 0x0, 0x1, 0x11,
    0x8e, 0x11, 0x10, 0x0, 0xd, 0xdd, 0xde, 0xfd,
    0xdd, 0xd4, 0x0, 0xf9, 0x55, 0x9f, 0x55, 0x5f,
    0x40, 0xf, 0x50, 0x6, 0xe0, 0x0, 0xf4, 0x0,
    0xf5, 0x0, 0x6e, 0xb, 0xcf, 0x30, 0x4, 0x10,
    0x6, 0xe0, 0x46, 0x30, 0x0,

    /* U+5E55 "幕" */
    0x0, 0x2, 0xf1, 0x0, 0x8b, 0x0, 0x0, 0x4e,
    0xef, 0xff, 0xee, 0xff, 0xee, 0xe0, 0x0, 0x1,
    0x70, 0x0, 0x35, 0x0, 0x0, 0x0, 0xee, 0xdd,
    0xdd, 0xdd, 0xfa, 0x0, 0x0, 0xea, 0x77, 0x77,
    0x77, 0xca, 0x0, 0x0, 0xe8, 0x44, 0x44, 0x44,
    0xca, 0x0, 0x0, 0xcd, 0xef, 0xdd, 0xdd, 0xd9,
    0x0, 0x48, 0x88, 0xee, 0x88, 0x88, 0x88, 0x80,
    0x36, 0x9f, 0xa6, 0xea, 0x6d, 0xd7, 0x60, 0x29,
    0xff, 0xdd, 0xfe, 0xde, 0xfe, 0x81, 0x7c, 0x7f,
    0x33, 0xe8, 0x36, 0xf6, 0xc1, 0x0, 0x4f, 0x0,
    0xe6, 0x4, 0xf0, 0x0, 0x0, 0x3e, 0x0, 0xe6,
    0x6d, 0xa0, 0x0,

    /* U+5E94 "应" */
    0x0, 0x0, 0x0, 0x3d, 0x10, 0x0, 0x0, 0x0,
    0x11, 0x11, 0x2f, 0x81, 0x11, 0x10, 0x5, 0xff,
    0xff, 0xff, 0xff, 0xff, 0xf5, 0x5, 0xf2, 0x22,
    0x22, 0x22, 0x22, 0x20, 0x5, 0xf0, 0x30, 0x3e,
    0x0, 0xc, 0x80, 0x5, 0xf2, 0xf3, 0xf, 0x40,
    0x1f, 0x60, 0x5, 0xf0, 0xc9, 0xb, 0x90, 0x6f,
    0x0, 0x6, 0xf0, 0x6e, 0x8, 0xd0, 0xca, 0x0,
    0x7, 0xd0, 0x2f, 0x34, 0xc3, 0xf2, 0x0, 0x9,
    0xb0, 0x9, 0x20, 0xb, 0xa0, 0x0, 0xc, 0x80,
    0x0, 0x0, 0x3f, 0x20, 0x0, 0x2f, 0x4e, 0xee,
    0xee, 0xff, 0xee, 0xe7, 0x3c, 0x5, 0x55, 0x55,
    0x55, 0x55, 0x52, 0x0, 0x0, 0x0, 0x0, 0x0,
    0x0, 0x0,

    /* U+5EF6 "延" */
    0x0, 0x0, 0x0, 0x0, 0x2, 0x59, 0x60, 0x5f,
    0xff, 0x94, 0xad, 0xff, 0xea, 0x60, 0x12, 0x4f,
    0x32, 0x75, 0x3f, 0x50, 0x0, 0x0, 0xab, 0x0,
    0x0, 0xf, 0x50, 0x0, 0x3, 0xf2, 0x0, 0xe3,
    0xf, 0x84, 0x41, 0x1e, 0xff, 0xe0, 0xf3, 0xf,
    0xed, 0xd2, 0x5, 0x38, 0xd0, 0xf3, 0xf, 0x50,
    0x0, 0xa, 0x29, 0xb0, 0xf3, 0xf, 0x50, 0x0,
    0xa, 0x9e, 0x70, 0xf3, 0xf, 0x50, 0x0, 0x3,
    0xff, 0x10, 0xff, 0xff, 0xff, 0xf5, 0x0, 0xdf,
    0x50, 0x44, 0x44, 0x44, 0x41, 0x8, 0xfa, 0xfd,
    0x87, 0x54, 0x44, 0x42, 0x5f, 0x60, 0x38, 0xbd,
    0xef, 0xff, 0xf4, 0x3, 0x0, 0x0, 0x0, 0x0,
    0x0, 0x0,

    /* U+5F52 "归" */
    0x0, 0x2f, 0x20, 0x0, 0x0, 0x0, 0x0, 0x2f,
    0x27, 0xaa, 0xaa, 0xaa, 0xe5, 0x2f, 0x27, 0xbb,
    0xbb, 0xde, 0xe5, 0x2f, 0x20, 0x0, 0x0, 0x6e,
    0xe5, 0x2f, 0x20, 0x0, 0x0, 0x6e, 0xe5, 0x2f,
    0x20, 0x0, 0x0, 0x7e, 0xe5, 0x2f, 0x24, 0xff,
    0xff, 0xfe, 0xe5, 0x3f, 0x11, 0x33, 0x33, 0x9e,
    0xd5, 0x6f, 0x0, 0x0, 0x0, 0x6e, 0x0, 0xac,
    0x0, 0x0, 0x0, 0x6e, 0x2, 0xf6, 0x4, 0x44,
    0x44, 0x9e, 0xc, 0xe0, 0xf, 0xff, 0xff, 0xfe,
    0x5e, 0x20, 0x0, 0x0, 0x0, 0x7e, 0x1, 0x0,
    0x0, 0x0, 0x0, 0x0,

    /* U+5F55 "录" */
    0x0, 0x0, 0x0, 0x0, 0x0, 0x0, 0x0, 0x2,
    0xff, 0xff, 0xff, 0xff, 0xf9, 0x0, 0x0, 0x33,
    0x33, 0x33, 0x33, 0xe8, 0x0, 0x0, 0xbf, 0xff,
    0xff, 0xff, 0xf7, 0x0, 0x0, 0x33, 0x33, 0x33,
    0x34, 0xf6, 0x0, 0x5, 0x55, 0x55, 0x55, 0x55,
    0xf9, 0x50, 0x1d, 0xdd, 0xdd, 0xff, 0xdd, 0xdd,
    0xd2, 0x0, 0xb7, 0x0, 0xbd, 0x0, 0x6c, 0x10,
    0x0, 0x4d, 0xd0, 0xbf, 0xaa, 0xe5, 0x0, 0x0,
    0x1, 0x8a, 0xfc, 0xde, 0x20, 0x0, 0x3, 0x9e,
    0xe8, 0xca, 0x1d, 0xe5, 0x0, 0xc, 0xb5, 0x22,
    0xca, 0x0, 0x7e, 0xe1, 0x0, 0x0, 0x8f, 0xe5,
    0x0, 0x0, 0x30,

    /* U+5F85 "待" */
    0x0, 0xa, 0x70, 0x0, 0x6e, 0x0, 0x0, 0x0,
    0x9f, 0x20, 0x11, 0x7e, 0x11, 0x10, 0xa, 0xf4,
    0x6, 0xff, 0xff, 0xff, 0xf0, 0x1e, 0x43, 0x60,
    0x11, 0x7e, 0x11, 0x10, 0x0, 0x1e, 0xb4, 0x44,
    0x9e, 0x44, 0x43, 0x1, 0xcf, 0x4f, 0xff, 0xff,
    0xff, 0xfa, 0x2d, 0xfe, 0x0, 0x0, 0x0, 0x7d,
    0x0, 0x2d, 0x7e, 0x1f, 0xff, 0xff, 0xff, 0xf9,
    0x0, 0x5e, 0x4, 0x85, 0x44, 0x9e, 0x42, 0x0,
    0x5e, 0x0, 0xcb, 0x0, 0x7d, 0x0, 0x0, 0x5e,
    0x0, 0x2f, 0x50, 0x7d, 0x0, 0x0, 0x5e, 0x0,
    0x5, 0x33, 0x9d, 0x0, 0x0, 0x5e, 0x0, 0x0,
    0x4f, 0xe7, 0x0, 0x0, 0x0, 0x0, 0x0, 0x0,
    0x0, 0x0,

    /* U+5FC5 "必" */
    0x0, 0x0, 0x48, 0x0, 0x0, 0x0, 0x0, 0x0,
    0x0, 0x5f, 0xc2, 0x0, 0x8b, 0x0, 0x0, 0x0,
    0x2, 0xdf, 0x32, 0xf7, 0x0, 0x0, 0x0, 0x84,
    0x8, 0xb, 0xc0, 0x0, 0x3, 0xa0, 0xe7, 0x0,
    0x6f, 0x30, 0x0, 0x7, 0xd0, 0xe7, 0x4, 0xf8,
    0xaa, 0x0, 0xb, 0x90, 0xe7, 0x3f, 0x90, 0x4f,
    0x40, 0x2f, 0x40, 0xea, 0xea, 0x0, 0xb, 0xc0,
    0x8e, 0x0, 0xef, 0xa0, 0x0, 0x4, 0xf3, 0x2,
    0x19, 0xfb, 0x0, 0x2, 0x90, 0xa2, 0x5, 0xef,
    0xf7, 0x0, 0x4, 0xf0, 0x0, 0x6f, 0x91, 0xdc,
    0x54, 0x5b, 0xd0, 0x0, 0x2, 0x0, 0x6e, 0xff,
    0xfe, 0x50, 0x0,

    /* U+6210 "成" */
    0x0, 0x0, 0x0, 0x0, 0x0, 0x0, 0x0, 0x0,
    0x0, 0x0, 0x9, 0xc4, 0xc2, 0x0, 0x0, 0x0,
    0x0, 0x9, 0xd1, 0xbf, 0x40, 0x1, 0x55, 0x55,
    0x5b, 0xe5, 0x5d, 0x72, 0x5, 0xff, 0xff, 0xff,
    0xff, 0xff, 0xf5, 0x5, 0xf0, 0x0, 0x6, 0xf0,
    0x0, 0x0, 0x5, 0xf5, 0x55, 0x34, 0xf1, 0x1f,
    0x50, 0x5, 0xfe, 0xdf, 0x82, 0xf3, 0x8f, 0x0,
    0x6, 0xf0, 0xc, 0x80, 0xf8, 0xf8, 0x0, 0x7,
    0xe0, 0xc, 0x70, 0xbf, 0xe0, 0x0, 0x8, 0xc1,
    0x1e, 0x60, 0x9f, 0x50, 0x61, 0xc, 0xa9, 0xfe,
    0x26, 0xff, 0x70, 0xc6, 0x2f, 0x50, 0x22, 0xbf,
    0x67, 0xf8, 0xf3, 0x4d, 0x0, 0x2, 0xd3, 0x0,
    0x9f, 0xb0, 0x0, 0x0, 0x0, 0x0, 0x0, 0x0,
    0x0,

    /* U+6216 "或" */
    0x0, 0x0, 0x0, 0x0, 0x0, 0x0, 0x0, 0x0,
    0x0, 0x0, 0x6, 0xf1, 0xc8, 0x0, 0x0, 0x0,
    0x0, 0x6, 0xf0, 0x3d, 0x80, 0x1d, 0xdd, 0xdd,
    0xde, 0xfe, 0xde, 0xe2, 0x6, 0x66, 0x66, 0x68,
    0xf8, 0x66, 0x61, 0x1, 0x22, 0x22, 0x12, 0xf3,
    0x4, 0x20, 0x6, 0xff, 0xff, 0xa0, 0xf5, 0x1f,
    0x70, 0x6, 0xd0, 0xa, 0xa0, 0xe7, 0x8f, 0x10,
    0x6, 0xd0, 0xa, 0xa0, 0xbb, 0xe9, 0x0, 0x6,
    0xff, 0xff, 0xa0, 0x8f, 0xe1, 0x0, 0x0, 0x11,
    0x11, 0x40, 0x6f, 0x60, 0x61, 0x4, 0x7a, 0xdf,
    0xf6, 0xff, 0xa0, 0xb7, 0xf, 0xc9, 0x63, 0x9f,
    0x75, 0xf9, 0xf4, 0x0, 0x0, 0x1, 0xc5, 0x0,
    0x8f, 0xb0, 0x0, 0x0, 0x0, 0x0, 0x0, 0x0,
    0x0,

    /* U+6237 "户" */
    0x0, 0x0, 0x0, 0x0, 0x0, 0x0, 0x0, 0x0,
    0x0, 0xd8, 0x0, 0x0, 0x0, 0x0, 0x0, 0x8e,
    0x0, 0x0, 0x0, 0xbe, 0xee, 0xef, 0xee, 0xed,
    0x0, 0xdb, 0x55, 0x55, 0x55, 0xae, 0x0, 0xd8,
    0x0, 0x0, 0x0, 0x6e, 0x0, 0xd8, 0x0, 0x0,
    0x0, 0x6e, 0x0, 0xef, 0xff, 0xff, 0xff, 0xfe,
    0x0, 0xf9, 0x44, 0x44, 0x44, 0x9e, 0x1, 0xf3,
    0x0, 0x0, 0x0, 0x0, 0x5, 0xf1, 0x0, 0x0,
    0x0, 0x0, 0xa, 0xd0, 0x0, 0x0, 0x0, 0x0,
    0x3f, 0x70, 0x0, 0x0, 0x0, 0x0, 0x4c, 0x0,
    0x0, 0x0, 0x0, 0x0, 0x0, 0x0, 0x0, 0x0,
    0x0, 0x0,

    /* U+6240 "所" */
    0x0, 0x0, 0x15, 0x0, 0x0, 0x15, 0x30, 0x7,
    0xad, 0xff, 0x56, 0xad, 0xff, 0x90, 0xe, 0xb6,
    0x30, 0xd, 0xc6, 0x30, 0x0, 0xe, 0x83, 0x33,
    0xd, 0x80, 0x0, 0x0, 0xe, 0xff, 0xff, 0x1d,
    0x80, 0x0, 0x0, 0xe, 0x60, 0x2f, 0x1d, 0xff,
    0xff, 0xf2, 0xe, 0x71, 0x3f, 0x1d, 0x93, 0x8f,
    0x30, 0xf, 0xff, 0xff, 0x2f, 0x70, 0x6e, 0x0,
    0xf, 0x61, 0x11, 0x1f, 0x50, 0x6e, 0x0, 0xf,
    0x30, 0x0, 0x3f, 0x20, 0x6e, 0x0, 0x3f, 0x10,
    0x0, 0x9d, 0x0, 0x6e, 0x0, 0x8c, 0x0, 0x3,
    0xf7, 0x0, 0x6e, 0x0, 0x86, 0x0, 0x5, 0xb0,
    0x0, 0x6e, 0x0, 0x0, 0x0, 0x0, 0x0, 0x0,
    0x0, 0x0,

    /* U+624B "手" */
    0x0, 0x0, 0x1, 0x24, 0x69, 0xca, 0x0, 0x1,
    0xde, 0xff, 0xff, 0xdb, 0x84, 0x0, 0x0, 0x54,
    0x32, 0x8e, 0x0, 0x0, 0x0, 0x0, 0x0, 0x0,
    0x7e, 0x0, 0x0, 0x0, 0x2, 0xff, 0xff, 0xff,
    0xff, 0xff, 0xc0, 0x0, 0x44, 0x44, 0x9f, 0x44,
    0x44, 0x30, 0x0, 0x0, 0x0, 0x7e, 0x0, 0x0,
    0x0, 0x5, 0x55, 0x55, 0xaf, 0x55, 0x55, 0x53,
    0x2e, 0xee, 0xee, 0xff, 0xee, 0xee, 0xe8, 0x0,
    0x0, 0x0, 0x7e, 0x0, 0x0, 0x0, 0x0, 0x0,
    0x0, 0x7e, 0x0, 0x0, 0x0, 0x0, 0x1, 0x44,
    0xae, 0x0, 0x0, 0x0, 0x0, 0x2, 0xff, 0xe7,
    0x0, 0x0, 0x0,

    /* U+626B "扫" */
    0x0, 0x2f, 0x20, 0x0, 0x0, 0x0, 0x0, 0x2,
    0xf2, 0x9, 0xaa, 0xaa, 0xa9, 0x2, 0x4f, 0x41,
    0x9a, 0xaa, 0xac, 0xf2, 0xff, 0xff, 0xd0, 0x0,
    0x0, 0x4f, 0x1, 0x3f, 0x31, 0x0, 0x0, 0x4,
    0xf0, 0x2, 0xf2, 0x0, 0x11, 0x11, 0x5f, 0x0,
    0x2f, 0x8a, 0x8f, 0xff, 0xff, 0xf2, 0xcf, 0xfd,
    0x81, 0x33, 0x33, 0x7f, 0x9, 0x7f, 0x20, 0x0,
    0x0, 0x4, 0xf0, 0x2, 0xf2, 0x0, 0x0, 0x0,
    0x4f, 0x0, 0x2f, 0x20, 0x0, 0x0, 0x5, 0xf0,
    0x25, 0xf2, 0xf, 0xff, 0xff, 0xff, 0x9, 0xfb,
    0x0, 0x22, 0x22, 0x26, 0xf0, 0x0, 0x0, 0x0,
    0x0, 0x0, 0x0,

    /* U+627E "找" */
    0x0, 0x4f, 0x0, 0x6, 0xd0, 0x81, 0x0, 0x0,
    0x4f, 0x0, 0x5, 0xf0, 0xcc, 0x0, 0x0, 0x5f,
    0x0, 0x5, 0xf0, 0x1e, 0x40, 0x2f, 0xff, 0xf9,
    0x5, 0xf6, 0x79, 0xa4, 0x2, 0x6f, 0x24, 0xff,
    0xfe, 0xdb, 0x93, 0x0, 0x4f, 0x0, 0x32, 0xf5,
    0x4, 0x30, 0x0, 0x4f, 0x88, 0x0, 0xe8, 0xd,
    0x80, 0x2c, 0xff, 0xb5, 0x0, 0xbb, 0x8e, 0x10,
    0x19, 0x8f, 0x0, 0x0, 0x7f, 0xf4, 0x0, 0x0,
    0x4f, 0x0, 0x0, 0x7f, 0x80, 0x33, 0x0, 0x4f,
    0x0, 0x9, 0xfe, 0xc0, 0x6b, 0x2, 0x7f, 0x5,
    0xed, 0x33, 0xfc, 0xd8, 0xb, 0xfa, 0x0, 0x70,
    0x0, 0x5e, 0xe1, 0x0, 0x0, 0x0, 0x0, 0x0,
    0x0, 0x0,

    /* U+62D2 "拒" */
    0x0, 0xb8, 0x0, 0x0, 0x0, 0x0, 0x0, 0x0,
    0xb8, 0x6, 0xff, 0xff, 0xff, 0xf0, 0x0, 0xb8,
    0x6, 0xf4, 0x44, 0x44, 0x40, 0x9f, 0xff, 0xf7,
    0xf0, 0x0, 0x0, 0x0, 0x1, 0xc9, 0x16, 0xff,
    0xff, 0xff, 0x20, 0x0, 0xb8, 0x6, 0xf4, 0x44,
    0x5f, 0x20, 0x0, 0xbc, 0xb8, 0xf0, 0x0, 0xf,
    0x20, 0x7e, 0xfe, 0x97, 0xf3, 0x33, 0x4f, 0x20,
    0x57, 0xd8, 0x6, 0xff, 0xff, 0xff, 0x20, 0x0,
    0xb8, 0x6, 0xf0, 0x0, 0x0, 0x0, 0x0, 0xb8,
    0x6, 0xf0, 0x0, 0x0, 0x0, 0x12, 0xd8, 0x6,
    0xf6, 0x66, 0x66, 0x62, 0x2f, 0xe4, 0x5, 0xdd,
    0xdd, 0xdd, 0xd5, 0x0, 0x0, 0x0, 0x0, 0x0,
    0x0, 0x0,

    /* U+62E9 "择" */
    0x0, 0xc7, 0x0, 0x0, 0x0, 0x0, 0x0, 0x0,
    0xc7, 0x8, 0xff, 0xff, 0xff, 0x90, 0x1, 0xc8,
    0x11, 0x6f, 0x52, 0x8f, 0x10, 0x8f, 0xff, 0xf1,
    0x6, 0xe9, 0xf3, 0x0, 0x12, 0xc8, 0x20, 0x16,
    0xef, 0xc4, 0x0, 0x0, 0xc7, 0xb, 0xfd, 0x62,
    0xaf, 0xe5, 0x1, 0xdd, 0xe5, 0x30, 0x6e, 0x1,
    0x61, 0x8f, 0xfb, 0x44, 0xdd, 0xef, 0xdd, 0x60,
    0x23, 0xc7, 0x1, 0x55, 0x9f, 0x55, 0x20, 0x0,
    0xc7, 0x3, 0x33, 0x8f, 0x33, 0x31, 0x0, 0xc7,
    0xf, 0xff, 0xff, 0xff, 0xf7, 0x3, 0xd7, 0x0,
    0x0, 0x6e, 0x0, 0x0, 0x1f, 0xe3, 0x0, 0x0,
    0x6e, 0x0, 0x0,

    /* U+6309 "按" */
    0x0, 0x0, 0x0, 0x0, 0x0, 0x0, 0x0, 0x0,
    0xa9, 0x0, 0x0, 0x9b, 0x0, 0x0, 0x0, 0xa9,
    0x1, 0x22, 0x8f, 0x22, 0x20, 0x1, 0xba, 0x1a,
    0xff, 0xff, 0xff, 0xf4, 0x7f, 0xff, 0xfa, 0xa1,
    0x62, 0x0, 0xf4, 0x12, 0xba, 0x27, 0x73, 0xf3,
    0x0, 0xb3, 0x0, 0xa9, 0x3, 0x39, 0xf3, 0x33,
    0x31, 0x0, 0xa9, 0x2f, 0xff, 0xff, 0xff, 0xf7,
    0x4, 0xdf, 0xf3, 0x6f, 0x10, 0x7e, 0x0, 0x8f,
    0xeb, 0x10, 0xeb, 0x0, 0xd9, 0x0, 0x10, 0xa9,
    0x0, 0x8f, 0xc9, 0xf2, 0x0, 0x0, 0xa9, 0x0,
    0x1, 0xdf, 0xd3, 0x0, 0x2, 0xc9, 0x4, 0x8e,
    0xe5, 0xbf, 0x90, 0x1f, 0xe5, 0xb, 0xb6, 0x0,
    0x5, 0xd1, 0x0, 0x0, 0x0, 0x0, 0x0, 0x0,
    0x0,

    /* U+63A5 "接" */
    0x0, 0xa8, 0x0, 0x0, 0x87, 0x0, 0x0, 0x0,
    0xa8, 0x1, 0x33, 0x9e, 0x33, 0x30, 0x0, 0xa8,
    0x6, 0xee, 0xee, 0xee, 0xe3, 0x3d, 0xff, 0xc0,
    0x3d, 0x0, 0x7c, 0x0, 0x3, 0xba, 0x32, 0x3d,
    0x73, 0xf7, 0x31, 0x0, 0xa8, 0xd, 0xff, 0xff,
    0xff, 0xf9, 0x0, 0xbc, 0x80, 0x2, 0xf2, 0x0,
    0x0, 0x4f, 0xfd, 0x7d, 0xde, 0xfd, 0xdd, 0xda,
    0x15, 0xb8, 0x3, 0x8f, 0x43, 0x9f, 0x42, 0x0,
    0xa8, 0x0, 0xed, 0x30, 0xe9, 0x0, 0x0, 0xa8,
    0x0, 0x4a, 0xff, 0xf2, 0x0, 0x3, 0xc8, 0x3,
    0x6a, 0xfb, 0xee, 0x70, 0xd, 0xe3, 0xe, 0xb8,
    0x20, 0x6, 0xd1, 0x0, 0x0, 0x0, 0x0, 0x0,
    0x0, 0x0,

    /* U+63CF "描" */
    0x0, 0xb8, 0x0, 0xf, 0x30, 0x5e, 0x0, 0x0,
    0xb8, 0x0, 0xf, 0x30, 0x5e, 0x0, 0x2, 0xb9,
    0x2c, 0xff, 0xff, 0xff, 0xfa, 0x4f, 0xff, 0xe3,
    0x4f, 0x63, 0x8f, 0x32, 0x0, 0xb8, 0x0, 0xd,
    0x30, 0x5c, 0x0, 0x0, 0xb8, 0x0, 0x33, 0x33,
    0x33, 0x30, 0x0, 0xb9, 0x54, 0xff, 0xff, 0xff,
    0xf3, 0x3b, 0xfe, 0x94, 0xe0, 0x3f, 0x0, 0xf3,
    0x25, 0xc8, 0x4, 0xfc, 0xdf, 0xcc, 0xf3, 0x0,
    0xb8, 0x4, 0xf5, 0x7f, 0x55, 0xf3, 0x0, 0xb8,
    0x4, 0xe0, 0x3f, 0x0, 0xf3, 0x5, 0xd7, 0x4,
    0xff, 0xff, 0xff, 0xf3, 0xd, 0xc2, 0x4, 0xf3,
    0x33, 0x34, 0xe2,

    /* U+641C "搜" */
    0x0, 0x0, 0x0, 0x0, 0x0, 0x0, 0x0, 0x0,
    0xa9, 0x0, 0x6, 0x5e, 0x0, 0x0, 0x0, 0xa9,
    0x4, 0xec, 0x9e, 0xae, 0xe0, 0x14, 0xcb, 0x46,
    0xa0, 0x4e, 0x14, 0xf0, 0x3e, 0xff, 0xd6, 0xea,
    0x4e, 0x7c, 0xf0, 0x0, 0xa9, 0x6, 0xb3, 0x4e,
    0x25, 0xf0, 0x0, 0xa9, 0x6, 0xb3, 0x6f, 0x35,
    0xf0, 0x0, 0xab, 0x86, 0xdd, 0xef, 0xdd, 0xd0,
    0x2a, 0xfe, 0x81, 0x22, 0x5e, 0x22, 0x10, 0x28,
    0xc9, 0x8, 0xff, 0xff, 0xff, 0xc0, 0x0, 0xa9,
    0x0, 0xab, 0x0, 0x6f, 0x20, 0x0, 0xa9, 0x0,
    0xa, 0xea, 0xe4, 0x0, 0x4, 0xc9, 0x4, 0x8c,
    0xfe, 0xea, 0x51, 0xd, 0xe4, 0x4f, 0xb7, 0x10,
    0x28, 0xd4, 0x0, 0x0, 0x0, 0x0, 0x0, 0x0,
    0x0,

    /* U+64CD "操" */
    0x0, 0xb8, 0x0, 0x0, 0x0, 0x0, 0x0, 0x0,
    0xb8, 0x0, 0x3f, 0xff, 0xfd, 0x0, 0x0, 0xb8,
    0x0, 0x3e, 0x0, 0x1d, 0x0, 0x2f, 0xff, 0xc0,
    0x2c, 0xcc, 0xca, 0x0, 0x0, 0xb8, 0x8, 0xcc,
    0xc3, 0xcc, 0xc2, 0x0, 0xb8, 0xa, 0x72, 0xf4,
    0xd2, 0xe2, 0x0, 0xbb, 0x7a, 0x60, 0xf4, 0xd0,
    0xe2, 0x3c, 0xff, 0x79, 0xee, 0xea, 0xee, 0xe2,
    0x1c, 0xd8, 0x2, 0x22, 0x5f, 0x32, 0x21, 0x0,
    0xb8, 0xe, 0xff, 0xff, 0xff, 0xf6, 0x0, 0xb8,
    0x0, 0x1b, 0xef, 0xe7, 0x0, 0x2, 0xc8, 0x4a,
    0xf9, 0x3f, 0x3d, 0xc4, 0xa, 0xe4, 0x59, 0x20,
    0x3f, 0x10, 0x82,

    /* U+653E "放" */
    0x0, 0xa, 0x30, 0x0, 0x69, 0x0, 0x0, 0x0,
    0xb, 0xa0, 0x0, 0xca, 0x0, 0x0, 0x29, 0x9c,
    0xb9, 0x80, 0xf9, 0x33, 0x32, 0x29, 0xec, 0x99,
    0x95, 0xff, 0xff, 0xfa, 0x0, 0xb7, 0x0, 0xd,
    0xf1, 0xd, 0x80, 0x0, 0xbf, 0xee, 0xbf, 0xf6,
    0xf, 0x40, 0x0, 0xc9, 0x4e, 0xbb, 0x8b, 0x4f,
    0x0, 0x0, 0xd7, 0xe, 0x40, 0x3f, 0xba, 0x0,
    0x0, 0xf5, 0xf, 0x40, 0xd, 0xf4, 0x0, 0x1,
    0xf2, 0xf, 0x30, 0xc, 0xf2, 0x0, 0x7, 0xd0,
    0xf, 0x30, 0xaf, 0xdd, 0x10, 0x2f, 0x72, 0x6f,
    0x4d, 0xf3, 0x2e, 0xe4, 0x4b, 0xb, 0xfa, 0x7c,
    0x20, 0x2, 0xc5, 0x0, 0x0, 0x0, 0x0, 0x0,
    0x0, 0x0,

    /* U+6548 "效" */
    0x0, 0x2a, 0x0, 0x0, 0x3a, 0x0, 0x0, 0x0,
    0xe, 0x70, 0x0, 0x7c, 0x0, 0x0, 0x5c, 0xce,
    0xdc, 0xc0, 0xbb, 0x44, 0x40, 0x26, 0xa6, 0x79,
    0x61, 0xff, 0xff, 0xf3, 0x5, 0xe0, 0x4f, 0x26,
    0xf0, 0xe, 0x50, 0xd, 0x60, 0xa, 0xbc, 0xf1,
    0x1f, 0x20, 0x9d, 0x60, 0xca, 0xaf, 0xe6, 0x5e,
    0x0, 0x13, 0xdc, 0xf2, 0x4, 0x8b, 0xb9, 0x0,
    0x0, 0x2e, 0xe0, 0x0, 0x2f, 0xf2, 0x0, 0x0,
    0x4f, 0xf7, 0x0, 0xd, 0xd0, 0x0, 0x2, 0xe9,
    0x7f, 0x30, 0x9f, 0xf8, 0x0, 0x4e, 0xb0, 0x8,
    0x3a, 0xf4, 0x6f, 0x80, 0x39, 0x0, 0x0, 0xcd,
    0x30, 0x6, 0xe2, 0x0, 0x0, 0x0, 0x10, 0x0,
    0x0, 0x0,

    /* U+6570 "数" */
    0x4, 0x45, 0xe0, 0x81, 0x2c, 0x0, 0x0, 0x5,
    0xd5, 0xe5, 0xd0, 0x5e, 0x0, 0x0, 0x4, 0xc8,
    0xe8, 0x73, 0x9c, 0x22, 0x21, 0x1c, 0xcf, 0xfe,
    0xc8, 0xcf, 0xff, 0xf8, 0x0, 0x8f, 0xfe, 0x72,
    0xfa, 0xb, 0x90, 0x1d, 0xb6, 0xe1, 0x9a, 0xfe,
    0xd, 0x50, 0x4, 0x8, 0x60, 0xd, 0x4f, 0x5f,
    0x10, 0xb, 0xdf, 0xdc, 0xc1, 0xb, 0xec, 0x0,
    0x3, 0xda, 0x4a, 0xc0, 0x5, 0xf6, 0x0, 0x3,
    0xfa, 0x4f, 0x40, 0x9, 0xf8, 0x0, 0x0, 0x1c,
    0xfd, 0x10, 0x7f, 0x8f, 0x50, 0x6, 0xce, 0x6b,
    0x6b, 0xf5, 0x8, 0xf7, 0xb, 0x71, 0x0, 0x2c,
    0x20, 0x0, 0x64, 0x0, 0x0, 0x0, 0x0, 0x0,
    0x0, 0x0,

    /* U+6587 "文" */
    0x0, 0x0, 0x0, 0x89, 0x0, 0x0, 0x0, 0x0,
    0x0, 0x0, 0x8f, 0x20, 0x0, 0x0, 0x5, 0x55,
    0x55, 0x6e, 0x75, 0x55, 0x53, 0x1f, 0xff, 0xff,
    0xff, 0xff, 0xff, 0xf9, 0x0, 0xa, 0xb0, 0x0,
    0x5, 0xf2, 0x0, 0x0, 0x2, 0xf3, 0x0, 0xc,
    0xb0, 0x0, 0x0, 0x0, 0xbc, 0x0, 0x5f, 0x30,
    0x0, 0x0, 0x0, 0x1e, 0x92, 0xf9, 0x0, 0x0,
    0x0, 0x0, 0x4, 0xfe, 0xc0, 0x0, 0x0, 0x0,
    0x0, 0x4, 0xef, 0xb1, 0x0, 0x0, 0x0, 0x1,
    0xaf, 0xb6, 0xfe, 0x50, 0x0, 0x5, 0xbf, 0xe5,
    0x0, 0x1b, 0xfe, 0x93, 0x1e, 0xc6, 0x0, 0x0,
    0x0, 0x39, 0xf6, 0x1, 0x0, 0x0, 0x0, 0x0,
    0x0, 0x0,

    /* U+6599 "料" */
    0x0, 0x0, 0x0, 0x0, 0x0, 0x0, 0x0, 0x0,
    0x3f, 0x1, 0x0, 0x0, 0x5e, 0x0, 0x3c, 0x3f,
    0x1f, 0x1a, 0x90, 0x5e, 0x0, 0xf, 0x4f, 0x4c,
    0x2, 0xdc, 0x5e, 0x0, 0xc, 0x7f, 0x86, 0x0,
    0x15, 0x5e, 0x0, 0x16, 0x6f, 0x53, 0x12, 0x0,
    0x5e, 0x0, 0x8f, 0xff, 0xff, 0x7f, 0x80, 0x5e,
    0x0, 0x1, 0xdf, 0x41, 0x3, 0xe3, 0x5e, 0x0,
    0x3, 0xff, 0xd1, 0x0, 0x0, 0x5e, 0x21, 0xb,
    0xaf, 0x9b, 0x14, 0x79, 0xdf, 0xf8, 0x6f, 0x4f,
    0x16, 0xdf, 0xca, 0xae, 0x10, 0x87, 0x3f, 0x0,
    0x10, 0x0, 0x5e, 0x0, 0x10, 0x3f, 0x0, 0x0,
    0x0, 0x5e, 0x0, 0x0, 0x3f, 0x0, 0x0, 0x0,
    0x5e, 0x0, 0x0, 0x0, 0x0, 0x0, 0x0, 0x0,
    0x0,

    /* U+65AD "断" */
    0x0, 0x0, 0x0, 0x0, 0x0, 0x0, 0x0, 0x0,
    0xc5, 0x0, 0x0, 0x19, 0xc0, 0xe6, 0x2c, 0x56,
    0x24, 0xaf, 0xfc, 0x2e, 0x99, 0xc6, 0xf2, 0xfa,
    0x51, 0x0, 0xe5, 0xac, 0xa9, 0xf, 0x30, 0x0,
    0xe, 0x89, 0xeb, 0x95, 0xf5, 0x22, 0x21, 0xe7,
    0x7f, 0xb7, 0x4f, 0xff, 0xff, 0x8e, 0x36, 0xff,
    0x50, 0xf4, 0x2f, 0x30, 0xe5, 0xdd, 0x7e, 0x4f,
    0x11, 0xf2, 0xe, 0xd6, 0xc5, 0x32, 0xf0, 0x1f,
    0x20, 0xe5, 0xc, 0x50, 0x4f, 0x1, 0xf2, 0xe,
    0x63, 0x43, 0x37, 0xc0, 0x1f, 0x20, 0xef, 0xff,
    0xff, 0xd8, 0x1, 0xf2, 0x0, 0x0, 0x0, 0xd,
    0x20, 0x1f, 0x20, 0x0, 0x0, 0x0, 0x0, 0x0,
    0x0, 0x0,

    /* U+65B0 "新" */
    0x0, 0x8, 0x20, 0x0, 0x0, 0x3, 0x10, 0x2,
    0x2c, 0xa2, 0x21, 0x6a, 0xef, 0xa0, 0x2e, 0xee,
    0xef, 0xe5, 0xf8, 0x41, 0x0, 0x3, 0xd0, 0x1f,
    0x24, 0xf0, 0x0, 0x0, 0x13, 0xf4, 0x8d, 0x25,
    0xf1, 0x11, 0x10, 0x5d, 0xde, 0xed, 0xd8, 0xff,
    0xff, 0xf7, 0x0, 0x9, 0x90, 0x4, 0xf0, 0x4f,
    0x10, 0x5f, 0xff, 0xff, 0xf6, 0xd0, 0x3f, 0x0,
    0x4, 0x5a, 0xa6, 0x26, 0xc0, 0x3f, 0x0, 0x9,
    0x89, 0x9b, 0x68, 0xb0, 0x3f, 0x0, 0x3e, 0x19,
    0x93, 0xdc, 0x70, 0x3f, 0x0, 0x3, 0x3b, 0x90,
    0x3f, 0x30, 0x3f, 0x0, 0x0, 0x7b, 0x30, 0x29,
    0x0, 0x3f, 0x0,

    /* U+65E0 "无" */
    0x3, 0xff, 0xff, 0xff, 0xff, 0xff, 0xc0, 0x1,
    0x55, 0x55, 0xdc, 0x55, 0x55, 0x40, 0x0, 0x0,
    0x0, 0xc9, 0x0, 0x0, 0x0, 0x0, 0x0, 0x0,
    0xd7, 0x0, 0x0, 0x0, 0x1f, 0xff, 0xff, 0xff,
    0xff, 0xff, 0xf9, 0x5, 0x55, 0x58, 0xfd, 0xd5,
    0x55, 0x53, 0x0, 0x0, 0x8, 0xda, 0xb0, 0x0,
    0x0, 0x0, 0x0, 0x1e, 0x8a, 0xb0, 0x0, 0x0,
    0x0, 0x0, 0xae, 0x1a, 0xb0, 0x0, 0x42, 0x0,
    0x9, 0xf5, 0xa, 0xb0, 0x0, 0xaa, 0x3, 0xbf,
    0x60, 0xa, 0xd5, 0x45, 0xe7, 0x1e, 0xc3, 0x0,
    0x4, 0xef, 0xff, 0xd1, 0x2, 0x0, 0x0, 0x0,
    0x0, 0x0, 0x0,

    /* U+65F6 "时" */
    0x0, 0x0, 0x0, 0x0, 0x6, 0xe0, 0xd, 0xee,
    0xe5, 0x0, 0x0, 0x6e, 0x0, 0xf8, 0x4e, 0x65,
    0x55, 0x59, 0xf5, 0x2f, 0x40, 0xd6, 0xff, 0xff,
    0xff, 0xf8, 0xf4, 0xd, 0x60, 0x0, 0x6, 0xe0,
    0xf, 0xee, 0xf6, 0x4b, 0x0, 0x6e, 0x0, 0xf7,
    0x3e, 0x61, 0xe9, 0x6, 0xe0, 0xf, 0x40, 0xd6,
    0x5, 0xf4, 0x6e, 0x0, 0xf4, 0xd, 0x60, 0xa,
    0x56, 0xe0, 0xf, 0xed, 0xf6, 0x0, 0x0, 0x6e,
    0x0, 0xf8, 0x55, 0x20, 0x0, 0x6, 0xe0, 0x7,
    0x20, 0x0, 0x1, 0x55, 0xae, 0x0, 0x0, 0x0,
    0x0, 0xf, 0xfe, 0x70, 0x0, 0x0, 0x0, 0x0,
    0x0, 0x0, 0x0,

    /* U+662F "是" */
    0x0, 0xcf, 0xff, 0xff, 0xff, 0xfc, 0x0, 0x0,
    0xc9, 0x22, 0x22, 0x22, 0xac, 0x0, 0x0, 0xcd,
    0xbb, 0xbb, 0xbb, 0xec, 0x0, 0x0, 0xcb, 0x77,
    0x77, 0x77, 0xcc, 0x0, 0x0, 0x45, 0x55, 0x55,
    0x55, 0x54, 0x0, 0x2e, 0xee, 0xee, 0xee, 0xee,
    0xee, 0xe3, 0x3, 0x37, 0x43, 0xad, 0x33, 0x33,
    0x30, 0x0, 0x2f, 0x40, 0x8d, 0x33, 0x33, 0x10,
    0x0, 0x8f, 0x30, 0x8f, 0xff, 0xff, 0x40, 0x1,
    0xef, 0xd1, 0x8c, 0x0, 0x0, 0x0, 0xc, 0xf2,
    0xcf, 0xdd, 0x43, 0x33, 0x42, 0x4f, 0x40, 0x7,
    0xbe, 0xff, 0xff, 0xf4, 0x1, 0x0, 0x0, 0x0,
    0x0, 0x0, 0x0,

    /* U+66F4 "更" */
    0x1f, 0xff, 0xff, 0xff, 0xff, 0xff, 0xf1, 0x2,
    0x22, 0x22, 0xad, 0x22, 0x22, 0x20, 0x0, 0xce,
    0xee, 0xff, 0xee, 0xee, 0x30, 0x0, 0xd6, 0x11,
    0xad, 0x11, 0x2f, 0x30, 0x0, 0xde, 0xdd, 0xff,
    0xdd, 0xdf, 0x30, 0x0, 0xd7, 0x22, 0xad, 0x22,
    0x3f, 0x30, 0x0, 0xd7, 0x22, 0xad, 0x22, 0x4f,
    0x30, 0x0, 0xce, 0xee, 0xff, 0xee, 0xee, 0x30,
    0x0, 0x3e, 0x42, 0xf6, 0x0, 0x0, 0x0, 0x0,
    0x6, 0xfe, 0xc0, 0x0, 0x0, 0x0, 0x3, 0x7c,
    0xfc, 0xfd, 0xa7, 0x65, 0x42, 0x1e, 0xd9, 0x20,
    0x15, 0xac, 0xdf, 0xf4, 0x0, 0x0, 0x0, 0x0,
    0x0, 0x0, 0x0,

    /* U+6700 "最" */
    0x0, 0xbf, 0xee, 0xee, 0xee, 0xf7, 0x0, 0x0,
    0xbf, 0xdd, 0xdd, 0xdd, 0xf7, 0x0, 0x0, 0xb9,
    0x0, 0x0, 0x0, 0xd7, 0x0, 0x0, 0xbf, 0xff,
    0xff, 0xff, 0xf7, 0x0, 0x23, 0x33, 0x33, 0x33,
    0x33, 0x33, 0x30, 0x7d, 0xfd, 0xcf, 0xec, 0xcc,
    0xcc, 0xc1, 0x3, 0xf8, 0x7d, 0xa7, 0x88, 0x88,
    0x50, 0x3, 0xf5, 0x5c, 0xa7, 0xf6, 0x6e, 0x60,
    0x3, 0xff, 0xef, 0xa0, 0xb8, 0x7e, 0x0, 0x3,
    0xf2, 0x3c, 0xc2, 0x1f, 0xf3, 0x0, 0x7f, 0xff,
    0xde, 0xd7, 0xce, 0xed, 0x60, 0x23, 0x10, 0xa,
    0xaa, 0x70, 0x6, 0xc0,

    /* U+6709 "有" */
    0x0, 0x0, 0xa, 0x50, 0x0, 0x0, 0x0, 0x0,
    0x0, 0x2f, 0x50, 0x0, 0x0, 0x0, 0x2f, 0xff,
    0xff, 0xff, 0xff, 0xff, 0xf3, 0x2, 0x24, 0xf8,
    0x22, 0x22, 0x22, 0x20, 0x0, 0xa, 0xf4, 0x33,
    0x33, 0x32, 0x0, 0x0, 0x5f, 0xff, 0xff, 0xff,
    0xf9, 0x0, 0x5, 0xff, 0xc0, 0x0, 0x0, 0xb9,
    0x0, 0x4f, 0x88, 0xff, 0xff, 0xff, 0xf9, 0x0,
    0x4, 0x8, 0xc1, 0x11, 0x11, 0xb9, 0x0, 0x0,
    0x8, 0xfe, 0xee, 0xee, 0xf9, 0x0, 0x0, 0x8,
    0xd3, 0x33, 0x33, 0xc9, 0x0, 0x0, 0x8, 0xc0,
    0x0, 0x33, 0xd8, 0x0, 0x0, 0x8, 0xc0, 0x0,
    0xbf, 0xe4, 0x0,

    /* U+671F "期" */
    0x0, 0xf3, 0x9, 0xa0, 0x0, 0x0, 0x0, 0x0,
    0xf4, 0x9, 0xa0, 0xcf, 0xff, 0xf4, 0x1f, 0xff,
    0xff, 0xfa, 0xc9, 0x33, 0xf4, 0x1, 0xf5, 0x19,
    0xb1, 0xc8, 0x0, 0xf4, 0x0, 0xfe, 0xef, 0xa0,
    0xcf, 0xff, 0xf4, 0x0, 0xf4, 0x19, 0xa0, 0xc8,
    0x11, 0xf4, 0x0, 0xfe, 0xde, 0xa0, 0xc7, 0x0,
    0xf4, 0x0, 0xf6, 0x3a, 0xa0, 0xdf, 0xef, 0xf4,
    0x3, 0xf6, 0x3a, 0xb1, 0xeb, 0x99, 0xf4, 0x4f,
    0xff, 0xff, 0xf9, 0xf3, 0x0, 0xf4, 0x0, 0xa7,
    0x2b, 0x13, 0xf1, 0x0, 0xf4, 0x7, 0xf2, 0xa,
    0xc9, 0xc0, 0x34, 0xf3, 0x1d, 0x40, 0x1, 0x4a,
    0x50, 0xaf, 0xc0, 0x0, 0x0, 0x0, 0x0, 0x0,
    0x0, 0x0,

    /* U+672A "未" */
    0x0, 0x0, 0x0, 0xba, 0x0, 0x0, 0x0, 0x0,
    0x0, 0x0, 0xba, 0x0, 0x0, 0x0, 0x1, 0x66,
    0x66, 0xdc, 0x66, 0x66, 0x10, 0x2, 0xee, 0xee,
    0xff, 0xee, 0xee, 0x30, 0x0, 0x0, 0x0, 0xba,
    0x0, 0x0, 0x0, 0x2, 0x22, 0x22, 0xcb, 0x22,
    0x22, 0x20, 0x2f, 0xff, 0xff, 0xff, 0xff, 0xff,
    0xf3, 0x2, 0x22, 0x3d, 0xff, 0xc3, 0x22, 0x20,
    0x0, 0x0, 0xbe, 0xdc, 0xea, 0x0, 0x0, 0x0,
    0x1b, 0xe2, 0xba, 0x2e, 0xb1, 0x0, 0x7, 0xfd,
    0x20, 0xba, 0x2, 0xdf, 0x60, 0x4f, 0x90, 0x0,
    0xba, 0x0, 0x9, 0xf4, 0x2, 0x0, 0x0, 0xba,
    0x0, 0x0, 0x20,

    /* U+672C "本" */
    0x0, 0x0, 0x0, 0xba, 0x0, 0x0, 0x0, 0x0,
    0x0, 0x0, 0xba, 0x0, 0x0, 0x0, 0x0, 0x0,
    0x0, 0xba, 0x0, 0x0, 0x0, 0x1f, 0xff, 0xff,
    0xff, 0xff, 0xff, 0xf2, 0x6, 0x66, 0xaf, 0xdd,
    0xf9, 0x66, 0x60, 0x0, 0x0, 0xd9, 0xba, 0xac,
    0x0, 0x0, 0x0, 0x6, 0xf2, 0xba, 0x3f, 0x60,
    0x0, 0x0, 0x1e, 0x90, 0xba, 0xa, 0xe1, 0x0,
    0x0, 0xbe, 0x0, 0xba, 0x1, 0xec, 0x0, 0xb,
    0xfa, 0x77, 0xdd, 0x77, 0xaf, 0xc1, 0x3e, 0x3b,
    0xee, 0xff, 0xee, 0xb4, 0xe2, 0x0, 0x0, 0x0,
    0xba, 0x0, 0x0, 0x0, 0x0, 0x0, 0x0, 0xba,
    0x0, 0x0, 0x0,

    /* U+673A "机" */
    0x0, 0x1f, 0x20, 0x0, 0x0, 0x0, 0x0, 0x0,
    0x1f, 0x20, 0xf, 0xff, 0xfe, 0x0, 0x0, 0x1f,
    0x20, 0xf, 0x73, 0x8e, 0x0, 0x4f, 0xff, 0xff,
    0x2f, 0x40, 0x6e, 0x0, 0x14, 0x9f, 0x64, 0x1f,
    0x40, 0x6e, 0x0, 0x0, 0xbf, 0x50, 0x1f, 0x40,
    0x6e, 0x0, 0x1, 0xff, 0xf3, 0x1f, 0x30, 0x6e,
    0x0, 0x8, 0xbf, 0x9e, 0x3f, 0x20, 0x6e, 0x0,
    0x1f, 0x4f, 0x27, 0x5f, 0x0, 0x6e, 0x0, 0x8a,
    0x1f, 0x20, 0x9c, 0x0, 0x6e, 0x7, 0x11, 0x1f,
    0x20, 0xe6, 0x0, 0x6e, 0x1e, 0x0, 0x1f, 0x29,
    0xe0, 0x0, 0x6f, 0x5d, 0x0, 0x1f, 0x3b, 0x30,
    0x0, 0x2e, 0xf7,

    /* U+6750 "材" */
    0x0, 0x0, 0x0, 0x0, 0x0, 0x0, 0x0, 0x0,
    0xf, 0x50, 0x0, 0x0, 0x5f, 0x0, 0x0, 0xf,
    0x50, 0x0, 0x0, 0x5f, 0x0, 0x0, 0xf, 0x50,
    0x0, 0x0, 0x5f, 0x0, 0x3f, 0xff, 0xff, 0x8f,
    0xff, 0xff, 0xf7, 0x14, 0x8f, 0x94, 0x24, 0x45,
    0xff, 0x52, 0x0, 0xaf, 0xf3, 0x0, 0x8, 0xff,
    0x0, 0x0, 0xff, 0xce, 0x20, 0x2f, 0xbf, 0x0,
    0x7, 0xbf, 0x5b, 0x40, 0xcb, 0x5f, 0x0, 0x2f,
    0x4f, 0x50, 0xb, 0xe1, 0x5f, 0x0, 0x8b, 0xf,
    0x51, 0xce, 0x20, 0x5f, 0x0, 0x11, 0xf, 0x50,
    0x92, 0x0, 0x5f, 0x0, 0x0, 0xf, 0x50, 0x0,
    0x35, 0x9f, 0x0, 0x0, 0xf, 0x50, 0x0, 0x5f,
    0xe9, 0x0,

    /* U+67E5 "查" */
    0x0, 0x0, 0x0, 0xb9, 0x0, 0x0, 0x0, 0x2,
    0x22, 0x22, 0xba, 0x22, 0x22, 0x20, 0x3f, 0xff,
    0xff, 0xff, 0xff, 0xff, 0xf3, 0x0, 0x1, 0xad,
    0xcc, 0xe9, 0x10, 0x0, 0x0, 0x3d, 0xd1, 0xb9,
    0x1d, 0xd4, 0x0, 0x3c, 0xf9, 0x10, 0x65, 0x1,
    0x9f, 0xe3, 0x1a, 0x2f, 0xff, 0xff, 0xff, 0xe2,
    0x80, 0x0, 0xf, 0x50, 0x0, 0x6, 0xf0, 0x0,
    0x0, 0xf, 0xee, 0xee, 0xee, 0xf0, 0x0, 0x0,
    0xf, 0x50, 0x0, 0x6, 0xf0, 0x0, 0x0, 0xf,
    0xff, 0xff, 0xff, 0xe0, 0x0, 0x3, 0x33, 0x33,
    0x33, 0x33, 0x33, 0x30, 0xf, 0xff, 0xff, 0xff,
    0xff, 0xff, 0xf1,

    /* U+6807 "标" */
    0x0, 0x5f, 0x0, 0x0, 0x0, 0x0, 0x0, 0x0,
    0x5f, 0x0, 0x7f, 0xff, 0xff, 0xa0, 0x0, 0x5f,
    0x0, 0x24, 0x44, 0x44, 0x30, 0x5f, 0xff, 0xfa,
    0x0, 0x0, 0x0, 0x0, 0x37, 0xdf, 0x75, 0x44,
    0x44, 0x44, 0x41, 0x0, 0xff, 0x81, 0xff, 0xff,
    0xff, 0xf6, 0x5, 0xff, 0xd5, 0x0, 0x2f, 0x20,
    0x0, 0xc, 0xbf, 0x48, 0x47, 0x2f, 0x28, 0x10,
    0x6e, 0x6f, 0x0, 0xa9, 0x2f, 0x2c, 0x80, 0x66,
    0x5f, 0x1, 0xf3, 0x2f, 0x25, 0xe0, 0x0, 0x5f,
    0xa, 0xc0, 0x2f, 0x20, 0xf4, 0x0, 0x5f, 0x6,
    0x34, 0x7f, 0x20, 0x83, 0x0, 0x5f, 0x0, 0xa,
    0xfb, 0x0, 0x0,

    /* U+6821 "校" */
    0x0, 0x0, 0x0, 0x0, 0x0, 0x0, 0x0, 0x0,
    0x4e, 0x0, 0x0, 0x7d, 0x0, 0x0, 0x0, 0x4e,
    0x0, 0x0, 0x1f, 0x50, 0x0, 0x0, 0x4e, 0x1,
    0xdd, 0xde, 0xdd, 0xd9, 0xf, 0xff, 0xf6, 0x68,
    0x76, 0x79, 0x64, 0x4, 0xbf, 0x42, 0xe, 0x90,
    0x6f, 0x30, 0x0, 0xef, 0x60, 0xbd, 0x0, 0x8,
    0xe1, 0x3, 0xff, 0xe9, 0xec, 0x40, 0x5b, 0xc6,
    0x8, 0xbe, 0x98, 0x18, 0xd0, 0xda, 0x0, 0x1f,
    0x6e, 0x10, 0x0, 0xea, 0xf3, 0x0, 0x5a, 0x4e,
    0x0, 0x0, 0x7f, 0xa0, 0x0, 0x2, 0x4e, 0x0,
    0x4, 0xee, 0xf7, 0x0, 0x0, 0x4e, 0x2, 0xaf,
    0xa0, 0x8f, 0xd6, 0x0, 0x4e, 0x6, 0xd4, 0x0,
    0x3, 0xa5, 0x0, 0x0, 0x0, 0x0, 0x0, 0x0,
    0x0,

    /* U+6838 "核" */
    0x0, 0x0, 0x0, 0x0, 0x0, 0x0, 0x0, 0x0,
    0x5e, 0x0, 0x0, 0xe, 0x40, 0x0, 0x0, 0x5e,
    0x0, 0x0, 0xc, 0xa0, 0x0, 0x2, 0x7e, 0x22,
    0xff, 0xff, 0xff, 0xfc, 0x2f, 0xff, 0xf6, 0x23,
    0xda, 0x22, 0x22, 0x1, 0x9f, 0x10, 0x6, 0xe1,
    0xa, 0x30, 0x0, 0xdf, 0x90, 0x7f, 0xb7, 0xbe,
    0x0, 0x2, 0xff, 0xe4, 0xab, 0xae, 0xf3, 0x10,
    0x9, 0xde, 0x63, 0x0, 0xaf, 0x45, 0xf4, 0x2f,
    0x7e, 0x0, 0x6e, 0xd2, 0x3e, 0x90, 0x49, 0x5e,
    0x0, 0xb7, 0x4, 0xfb, 0x0, 0x1, 0x5e, 0x0,
    0x1, 0xaf, 0xde, 0x40, 0x0, 0x5e, 0x4, 0xaf,
    0xe4, 0x8, 0xf5, 0x0, 0x5e, 0x9, 0xc5, 0x0,
    0x0, 0x76, 0x0, 0x0, 0x0, 0x0, 0x0, 0x0,
    0x0,

    /* U+68C0 "检" */
    0x0, 0x0, 0x0, 0x0, 0x0, 0x0, 0x0, 0x0,
    0xd5, 0x0, 0x1, 0xe5, 0x0, 0x0, 0x0, 0xd5,
    0x0, 0xa, 0xfc, 0x0, 0x0, 0x12, 0xe7, 0x10,
    0x4f, 0x8e, 0xb0, 0x0, 0x9f, 0xff, 0xa5, 0xf8,
    0x2, 0xec, 0x10, 0x14, 0xf7, 0x8f, 0xd4, 0x44,
    0x7f, 0xe2, 0x5, 0xfd, 0x98, 0x9d, 0xdd, 0xd3,
    0xa0, 0xa, 0xfe, 0x80, 0x0, 0x30, 0x2, 0x10,
    0x1e, 0xe7, 0x88, 0x80, 0xd3, 0xd, 0x50, 0x9a,
    0xd5, 0x4, 0xd0, 0xa6, 0x4e, 0x0, 0x72, 0xd5,
    0x0, 0xf1, 0x77, 0xb6, 0x0, 0x0, 0xd5, 0x0,
    0x20, 0x3, 0xd0, 0x0, 0x0, 0xd5, 0x5d, 0xdd,
    0xde, 0xed, 0xc0, 0x0, 0xd5, 0x25, 0x55, 0x55,
    0x55, 0x50,

    /* U+6B62 "止" */
    0x0, 0x0, 0x0, 0x4f, 0x20, 0x0, 0x0, 0x0,
    0x0, 0x0, 0x4f, 0x20, 0x0, 0x0, 0x0, 0x0,
    0x0, 0x4f, 0x20, 0x0, 0x0, 0x0, 0x9a, 0x0,
    0x4f, 0x20, 0x0, 0x0, 0x0, 0xab, 0x0, 0x4f,
    0x63, 0x33, 0x20, 0x0, 0xab, 0x0, 0x4f, 0xff,
    0xff, 0xa0, 0x0, 0xab, 0x0, 0x4f, 0x31, 0x11,
    0x0, 0x0, 0xab, 0x0, 0x4f, 0x20, 0x0, 0x0,
    0x0, 0xab, 0x0, 0x4f, 0x20, 0x0, 0x0, 0x0,
    0xab, 0x0, 0x4f, 0x20, 0x0, 0x0, 0x0, 0xab,
    0x0, 0x4f, 0x20, 0x0, 0x0, 0x9f, 0xff, 0xff,
    0xff, 0xff, 0xff, 0xf1, 0x35, 0x55, 0x55, 0x55,
    0x55, 0x55, 0x50,

    /* U+6B65 "步" */
    0x0, 0x0, 0x0, 0x7e, 0x0, 0x0, 0x0, 0x0,
    0x3f, 0x20, 0x7f, 0x44, 0x44, 0x0, 0x0, 0x3f,
    0x20, 0x7f, 0xff, 0xff, 0x0, 0x0, 0x3f, 0x20,
    0x7e, 0x0, 0x0, 0x0, 0x3d, 0xef, 0xed, 0xef,
    0xdd, 0xdd, 0xd2, 0x16, 0x66, 0x66, 0xce, 0x66,
    0x66, 0x61, 0x0, 0x8, 0xd0, 0x9c, 0x0, 0x5b,
    0x10, 0x0, 0x6f, 0x40, 0x9c, 0x1, 0xe9, 0x0,
    0x7, 0xf7, 0x0, 0x9c, 0x2d, 0xd0, 0x0, 0x3,
    0x60, 0x0, 0x7e, 0xfc, 0x10, 0x0, 0x0, 0x0,
    0x28, 0xef, 0x80, 0x0, 0x0, 0x18, 0xbe, 0xfe,
    0x81, 0x0, 0x0, 0x0, 0xc, 0xa7, 0x30, 0x0,
    0x0, 0x0, 0x0,

    /* U+6D4B "测" */
    0x0, 0x0, 0x0, 0x0, 0x0, 0x0, 0x0, 0xb6,
    0x0, 0x0, 0x0, 0x0, 0x2e, 0x8, 0xf9, 0xef,
    0xff, 0xf0, 0x72, 0xe0, 0x5, 0x5e, 0x21, 0x1f,
    0x1e, 0x2e, 0x0, 0x0, 0xe2, 0xf1, 0xf1, 0xe2,
    0xe4, 0x91, 0xe, 0x2f, 0x1f, 0x1e, 0x2e, 0x3c,
    0xf1, 0xe2, 0xf1, 0xf1, 0xe2, 0xe0, 0x4, 0xe,
    0x2f, 0x1f, 0x1e, 0x2e, 0x0, 0x0, 0xe2, 0xf1,
    0xf1, 0xe2, 0xe0, 0xd, 0x3e, 0x3e, 0x1f, 0x1e,
    0x2e, 0x4, 0xf1, 0xd5, 0xc1, 0xd1, 0xe2, 0xe0,
    0xaa, 0x0, 0x99, 0x70, 0x0, 0x2e, 0x2f, 0x40,
    0x7d, 0x1b, 0x80, 0x13, 0xe2, 0xa0, 0x4b, 0x10,
    0x1b, 0x1d, 0xf9, 0x0, 0x0, 0x0, 0x0, 0x0,
    0x0, 0x0,

    /* U+6D88 "消" */
    0x8, 0x60, 0x5, 0x0, 0xe6, 0x4, 0x40, 0x6f,
    0xb1, 0xe6, 0xe, 0x60, 0xd9, 0x0, 0x28, 0x7,
    0xe0, 0xe6, 0x5f, 0x10, 0x0, 0x0, 0x16, 0xe,
    0x62, 0x40, 0x6c, 0x30, 0xe, 0xff, 0xff, 0xff,
    0x52, 0xcf, 0x40, 0xe8, 0x44, 0x44, 0xf5, 0x0,
    0x81, 0xe, 0x72, 0x22, 0x2e, 0x50, 0x0, 0x0,
    0xef, 0xff, 0xff, 0xf5, 0x0, 0x3c, 0xe, 0x50,
    0x0, 0xe, 0x50, 0xc, 0x90, 0xef, 0xff, 0xff,
    0xf5, 0x5, 0xf1, 0xe, 0x72, 0x22, 0x2e, 0x50,
    0xe8, 0x0, 0xe5, 0x0, 0x34, 0xf5, 0xa, 0x10,
    0xe, 0x50, 0x9, 0xfc, 0x10,

    /* U+6E05 "清" */
    0x4, 0x50, 0x0, 0x0, 0xf4, 0x0, 0x0, 0x7,
    0xfa, 0x7d, 0xde, 0xfe, 0xdd, 0xb0, 0x0, 0x49,
    0x12, 0x23, 0xf6, 0x22, 0x20, 0x0, 0x0, 0x2e,
    0xee, 0xff, 0xee, 0x60, 0x3b, 0x30, 0x55, 0x56,
    0xf8, 0x55, 0x52, 0x18, 0xf4, 0x88, 0x88, 0x88,
    0x88, 0x83, 0x0, 0x20, 0xd, 0xdd, 0xdd, 0xdd,
    0x30, 0x0, 0x13, 0xf, 0x52, 0x22, 0x2f, 0x30,
    0x0, 0x7e, 0xf, 0xfe, 0xee, 0xff, 0x30, 0x0,
    0xe8, 0xf, 0x40, 0x0, 0x1f, 0x30, 0x5, 0xf1,
    0xf, 0xff, 0xff, 0xff, 0x30, 0xd, 0xa0, 0xf,
    0x40, 0x2, 0x3f, 0x30, 0x6, 0x30, 0xf, 0x40,
    0x9, 0xfc, 0x0,

    /* U+7248 "版" */
    0x0, 0x4, 0xe0, 0x0, 0x13, 0x57, 0x80, 0xd,
    0x54, 0xe0, 0x4f, 0xff, 0xeb, 0x81, 0xd, 0x54,
    0xe0, 0x4f, 0x10, 0x0, 0x0, 0xd, 0x64, 0xe0,
    0x4f, 0x0, 0x0, 0x0, 0xd, 0xff, 0xff, 0x4f,
    0xdd, 0xdd, 0xc0, 0xd, 0x72, 0x22, 0x4f, 0xe8,
    0x59, 0xe0, 0xd, 0x60, 0x0, 0x5f, 0x98, 0x8,
    0xa0, 0xe, 0xff, 0xf3, 0x6e, 0x5e, 0xd, 0x60,
    0xf, 0x52, 0xf3, 0x7d, 0xe, 0x9f, 0x10, 0xf,
    0x20, 0xf3, 0x9c, 0x8, 0xf8, 0x0, 0x3f, 0x0,
    0xf3, 0xd8, 0xa, 0xf9, 0x0, 0x8b, 0x0, 0xf7,
    0xf7, 0xcd, 0x6e, 0xa1, 0x85, 0x0, 0xf9, 0xd6,
    0xb1, 0x2, 0xd2, 0x0, 0x0, 0x0, 0x0, 0x0,
    0x0, 0x0,

    /* U+724C "牌" */
    0x0, 0x0, 0x0, 0x0, 0x0, 0x0, 0x0, 0x0,
    0x5, 0xc0, 0x0, 0x79, 0x0, 0x0, 0xd, 0x45,
    0xc0, 0x44, 0xdc, 0x44, 0x30, 0xd, 0x45, 0xc0,
    0xfc, 0xcf, 0xbd, 0xe0, 0xd, 0x45, 0xc0, 0xf2,
    0x2f, 0x4, 0xe0, 0xd, 0xde, 0xf9, 0xff, 0xff,
    0xef, 0xe0, 0xd, 0x73, 0x33, 0xf2, 0x4d, 0x4,
    0xe0, 0xe, 0x50, 0x1, 0xff, 0xff, 0xff, 0xe0,
    0xe, 0xfe, 0xf1, 0x9, 0xd1, 0xd3, 0x0, 0xf,
    0x20, 0xf2, 0xca, 0x10, 0xf3, 0x0, 0x1f, 0x10,
    0xfa, 0xff, 0xff, 0xff, 0xf4, 0x4f, 0x0, 0xf3,
    0x22, 0x22, 0xf5, 0x20, 0x8b, 0x0, 0xf1, 0x0,
    0x0, 0xf3, 0x0, 0x87, 0x0, 0xf1, 0x0, 0x0,
    0xf3, 0x0, 0x0, 0x0, 0x0, 0x0, 0x0, 0x0,
    0x0,

    /* U+7269 "物" */
    0x0, 0xf, 0x30, 0xb, 0x60, 0x0, 0x0, 0xd,
    0x4f, 0x30, 0x1f, 0x30, 0x0, 0x0, 0xf, 0x2f,
    0x30, 0x6f, 0x99, 0x99, 0x93, 0x1f, 0xff, 0xf8,
    0xcd, 0xdd, 0xde, 0xf5, 0x5d, 0x3f, 0x68, 0xf2,
    0xd4, 0xa7, 0xf5, 0x78, 0xf, 0x3c, 0x84, 0xe0,
    0xe3, 0xf4, 0x0, 0xf, 0x76, 0xb, 0x83, 0xf1,
    0xf3, 0x16, 0xaf, 0xf9, 0x4f, 0x1a, 0x92, 0xf2,
    0x6e, 0xaf, 0x32, 0xe7, 0x1f, 0x33, 0xf0, 0x0,
    0xf, 0x35, 0x90, 0xab, 0x5, 0xf0, 0x0, 0xf,
    0x30, 0x5, 0xf2, 0x8, 0xc0, 0x0, 0xf, 0x30,
    0x5f, 0x63, 0x4d, 0x90, 0x0, 0xf, 0x30, 0x57,
    0x8, 0xfd, 0x20, 0x0, 0x0, 0x0, 0x0, 0x0,
    0x0, 0x0,

    /* U+73B0 "现" */
    0x1f, 0xff, 0xfa, 0xcf, 0xff, 0xff, 0xe0, 0x3,
    0x7f, 0x32, 0xc9, 0x22, 0x27, 0xe0, 0x0, 0x4f,
    0x0, 0xc7, 0x2c, 0x6, 0xe0, 0x0, 0x4f, 0x0,
    0xc7, 0x2f, 0x6, 0xe0, 0xd, 0xff, 0xf5, 0xc7,
    0x2f, 0x6, 0xe0, 0x3, 0x7f, 0x41, 0xc7, 0x3f,
    0x6, 0xe0, 0x0, 0x4f, 0x0, 0xc7, 0x5d, 0x6,
    0xe0, 0x0, 0x4f, 0x0, 0x53, 0xae, 0x72, 0x60,
    0x0, 0x4f, 0x67, 0x1, 0xfe, 0xb0, 0x0, 0x19,
    0xdf, 0xd8, 0xc, 0xb9, 0xb0, 0x3c, 0x1b, 0x62,
    0x1, 0xbe, 0x29, 0xb0, 0x6b, 0x0, 0x0, 0xd,
    0xd2, 0x5, 0xef, 0xf4, 0x0, 0x0, 0x2, 0x0,
    0x0, 0x0, 0x0,

    /* U+7528 "用" */
    0x0, 0xef, 0xff, 0xff, 0xff, 0xff, 0x50, 0xe,
    0x94, 0x49, 0xf4, 0x44, 0xf6, 0x0, 0xe6, 0x0,
    0x6e, 0x0, 0xe, 0x60, 0xe, 0xa6, 0x6a, 0xf6,
    0x66, 0xf6, 0x0, 0xee, 0xdd, 0xef, 0xdd, 0xdf,
    0x60, 0xf, 0x60, 0x6, 0xe0, 0x0, 0xe6, 0x0,
    0xf8, 0x44, 0x9f, 0x44, 0x4f, 0x60, 0x1f, 0xff,
    0xff, 0xff, 0xff, 0xf6, 0x4, 0xf1, 0x0, 0x6e,
    0x0, 0xe, 0x60, 0x8c, 0x0, 0x6, 0xe0, 0x0,
    0xe6, 0x1f, 0x70, 0x0, 0x6e, 0x3, 0x3f, 0x55,
    0xd0, 0x0, 0x6, 0xe0, 0xff, 0xd2, 0x0, 0x0,
    0x0, 0x0, 0x0, 0x0, 0x0,

    /* U+7535 "电" */
    0x0, 0x0, 0xe, 0x70, 0x0, 0x0, 0x0, 0x0,
    0x0, 0xe7, 0x0, 0x0, 0x0, 0x5f, 0xff, 0xff,
    0xff, 0xff, 0xf2, 0x5, 0xf5, 0x55, 0xfa, 0x55,
    0x7f, 0x20, 0x5f, 0x0, 0xe, 0x70, 0x2, 0xf2,
    0x5, 0xff, 0xff, 0xff, 0xff, 0xff, 0x20, 0x5f,
    0x44, 0x4f, 0xa4, 0x46, 0xf2, 0x5, 0xf0, 0x0,
    0xe7, 0x0, 0x2f, 0x20, 0x5f, 0xff, 0xff, 0xff,
    0xff, 0xf2, 0x5, 0xf5, 0x55, 0xfa, 0x55, 0x55,
    0x71, 0x1, 0x0, 0xe, 0x80, 0x0, 0xe, 0x70,
    0x0, 0x0, 0xdc, 0x55, 0x57, 0xf4, 0x0, 0x0,
    0x5, 0xef, 0xff, 0xfa, 0x0,

    /* U+753B "画" */
    0xef, 0xff, 0xff, 0xff, 0xff, 0xff, 0x33, 0x33,
    0x33, 0x33, 0x33, 0x33, 0x0, 0x2, 0x22, 0x22,
    0x20, 0x0, 0x74, 0x5f, 0xff, 0xff, 0xf6, 0x39,
    0xd8, 0x5b, 0x9, 0x90, 0xb6, 0x6e, 0xd8, 0x5f,
    0xef, 0xfe, 0xf6, 0x6e, 0xd8, 0x5c, 0x2a, 0xa2,
    0xc6, 0x6e, 0xd8, 0x5c, 0x1a, 0x91, 0xc6, 0x6e,
    0xd8, 0x5f, 0xff, 0xff, 0xf6, 0x6e, 0xd8, 0x0,
    0x0, 0x0, 0x0, 0x6e, 0xdf, 0xff, 0xff, 0xff,
    0xff, 0xfe, 0x34, 0x44, 0x44, 0x44, 0x44, 0x9e,

    /* U+767B "登" */
    0x0, 0x0, 0x0, 0x4, 0x10, 0x20, 0x0, 0x9,
    0xff, 0xff, 0x8b, 0xa5, 0xf4, 0x0, 0x2, 0x41,
    0x6f, 0x22, 0xfe, 0x33, 0x90, 0x4, 0xe8, 0xf7,
    0x0, 0x6f, 0x8e, 0x50, 0x0, 0x7f, 0xee, 0xdd,
    0xee, 0xf9, 0x0, 0x2c, 0xf6, 0x12, 0x22, 0x21,
    0x6f, 0xe4, 0x3a, 0x4f, 0xff, 0xff, 0xff, 0xf2,
    0x92, 0x0, 0x2f, 0x41, 0x11, 0x17, 0xf0, 0x0,
    0x0, 0x2f, 0x41, 0x11, 0x17, 0xf0, 0x0, 0x0,
    0x2f, 0xff, 0xff, 0xff, 0xf0, 0x0, 0x0, 0x0,
    0xd4, 0x0, 0x5d, 0x0, 0x0, 0x2, 0x22, 0xba,
    0x22, 0xca, 0x22, 0x20, 0x2f, 0xff, 0xff, 0xff,
    0xff, 0xff, 0xf2,

    /* U+76AE "皮" */
    0x0, 0x0, 0x0, 0x4f, 0x10, 0x0, 0x0, 0x0,
    0x0, 0x0, 0x4f, 0x10, 0x0, 0x0, 0x0, 0xff,
    0xff, 0xff, 0xff, 0xff, 0xd0, 0x0, 0xf8, 0x44,
    0x7f, 0x54, 0x4e, 0x90, 0x0, 0xf4, 0x0, 0x4f,
    0x10, 0x3f, 0x30, 0x0, 0xf7, 0x44, 0x7f, 0x54,
    0x46, 0x0, 0x1, 0xff, 0xff, 0xff, 0xff, 0xfe,
    0x0, 0x3, 0xf2, 0x6f, 0x10, 0x1, 0xe7, 0x0,
    0x4, 0xf0, 0xd, 0xb0, 0xa, 0xe0, 0x0, 0x7,
    0xe0, 0x2, 0xea, 0xaf, 0x30, 0x0, 0xb, 0xa0,
    0x0, 0x8f, 0xf8, 0x0, 0x0, 0x3f, 0x53, 0x7d,
    0xfa, 0xbf, 0xd7, 0x30, 0x5c, 0x1e, 0xe9, 0x20,
    0x3, 0xae, 0xf3, 0x0, 0x1, 0x0, 0x0, 0x0,
    0x0, 0x20,

    /* U+76D8 "盘" */
    0x0, 0x0, 0x0, 0x0, 0x0, 0x0, 0x0, 0x0,
    0x0, 0x0, 0xac, 0x0, 0x0, 0x0, 0x0, 0xe,
    0xff, 0xff, 0xff, 0xfb, 0x0, 0x0, 0xe, 0x72,
    0xb5, 0x11, 0x9c, 0x0, 0x0, 0xe, 0x50, 0x6e,
    0x40, 0x8c, 0x0, 0x1f, 0xff, 0xff, 0xff, 0xff,
    0xff, 0xf9, 0x2, 0x7f, 0x34, 0xc5, 0x22, 0xac,
    0x21, 0x1, 0xda, 0x0, 0x7e, 0x55, 0xbb, 0x0,
    0x7, 0xc0, 0x0, 0x2, 0xb, 0xb4, 0x0, 0x0,
    0x9e, 0xee, 0xee, 0xee, 0xee, 0x10, 0x0, 0x9a,
    0x2d, 0x72, 0xf5, 0x5f, 0x10, 0x0, 0x99, 0xc,
    0x60, 0xf3, 0x3f, 0x10, 0x2, 0xbb, 0x2d, 0x83,
    0xf5, 0x5f, 0x41, 0x2f, 0xff, 0xff, 0xff, 0xff,
    0xff, 0xf9,

    /* U+7720 "眠" */
    0x0, 0x0, 0x0, 0x33, 0x33, 0x33, 0x30, 0x1f,
    0xff, 0xf1, 0xff, 0xff, 0xff, 0xe0, 0x1f, 0x45,
    0xf1, 0xf2, 0x0, 0x6, 0xe0, 0x1f, 0x35, 0xf1,
    0xf6, 0x44, 0x48, 0xe0, 0x1f, 0xff, 0xf1, 0xff,
    0xef, 0xfe, 0xd0, 0x1f, 0x24, 0xf1, 0xf2, 0xd,
    0x70, 0x0, 0x1f, 0x46, 0xf1, 0xf5, 0x2d, 0x92,
    0x20, 0x1f, 0xff, 0xf1, 0xff, 0xff, 0xff, 0xf6,
    0x1f, 0x23, 0xf1, 0xf4, 0x19, 0xc1, 0x10, 0x1f,
    0x56, 0xf1, 0xf2, 0x5, 0xe0, 0x0, 0x1f, 0xff,
    0xf1, 0xf2, 0x1, 0xf3, 0x55, 0x1f, 0x20, 0x4,
    0xfb, 0xd8, 0xbc, 0xa7, 0x0, 0x0, 0xa, 0xe9,
    0x51, 0x1c, 0xe2, 0x0, 0x0, 0x0, 0x0, 0x0,
    0x0, 0x0,

    /* U+7801 "码" */
    0x1, 0x11, 0x10, 0x0, 0x0, 0x0, 0x0, 0x1f,
    0xff, 0xfc, 0x9f, 0xff, 0xff, 0x10, 0x1, 0xaa,
    0x11, 0x27, 0x43, 0x6f, 0x0, 0x0, 0xe5, 0x0,
    0xf, 0x20, 0x5e, 0x0, 0x2, 0xf1, 0x0, 0x2f,
    0x10, 0x6c, 0x0, 0x9, 0xff, 0xf7, 0x3f, 0x0,
    0x8a, 0x0, 0x2f, 0xe2, 0xc7, 0x5f, 0xee, 0xff,
    0xe2, 0x4e, 0xe0, 0xb7, 0x13, 0x33, 0x34, 0xf1,
    0x5, 0xe0, 0xb7, 0x22, 0x22, 0x23, 0xf0, 0x3,
    0xe0, 0xb7, 0xff, 0xff, 0xf6, 0xe0, 0x3, 0xff,
    0xf7, 0x0, 0x0, 0x8, 0xb0, 0x3, 0xe3, 0x31,
    0x0, 0x2, 0x3d, 0x80, 0x2, 0x80, 0x0, 0x0,
    0xa, 0xfc, 0x10, 0x0, 0x0, 0x0, 0x0, 0x0,
    0x0, 0x0,

    /* U+781D "砝" */
    0x0, 0x0, 0x0, 0x0, 0xe, 0x60, 0x0, 0x1f,
    0xff, 0xfc, 0x0, 0xe, 0x60, 0x0, 0x3, 0xbb,
    0x32, 0x34, 0x4f, 0x94, 0x41, 0x0, 0xd6, 0x0,
    0x9e, 0xef, 0xfe, 0xe3, 0x1, 0xf2, 0x0, 0x0,
    0xe, 0x60, 0x0, 0x8, 0xfb, 0xb5, 0x0, 0xe,
    0x60, 0x0, 0x1f, 0xf5, 0xc7, 0xff, 0xff, 0xff,
    0xf9, 0x4f, 0xe0, 0xa7, 0x44, 0x9f, 0x54, 0x43,
    0x6, 0xe0, 0xa7, 0x0, 0xda, 0x16, 0x0, 0x3,
    0xe0, 0xa7, 0x4, 0xf2, 0xe, 0x60, 0x3, 0xff,
    0xf7, 0xd, 0x70, 0x29, 0xe0, 0x3, 0xf3, 0x31,
    0x8f, 0xff, 0xff, 0xf5, 0x2, 0x90, 0x0, 0x6a,
    0x75, 0x31, 0x9b, 0x0, 0x0, 0x0, 0x0, 0x0,
    0x0, 0x21,

    /* U+786C "硬" */
    0x2e, 0xee, 0xe9, 0xff, 0xff, 0xff, 0xf9, 0x4,
    0xbc, 0x43, 0x22, 0x2e, 0x72, 0x21, 0x0, 0xc6,
    0x0, 0xbf, 0xff, 0xff, 0xf4, 0x1, 0xf2, 0x0,
    0xb7, 0xe, 0x60, 0xe4, 0x8, 0xfe, 0xe9, 0xbe,
    0xdf, 0xed, 0xf4, 0x1f, 0xe3, 0x99, 0xb7, 0x1e,
    0x61, 0xe4, 0x4f, 0xe0, 0x79, 0xbd, 0xcf, 0xdc,
    0xf4, 0x6, 0xe0, 0x79, 0x56, 0x5f, 0x63, 0x31,
    0x3, 0xe0, 0x79, 0x5e, 0x8e, 0x0, 0x0, 0x3,
    0xff, 0xf9, 0xa, 0xf9, 0x0, 0x0, 0x3, 0xe3,
    0x32, 0x5e, 0xef, 0xc6, 0x20, 0x2, 0xa0, 0x7,
    0xfa, 0x3, 0xcf, 0xf9, 0x0, 0x0, 0x0, 0x30,
    0x0, 0x0, 0x41,

    /* U+786E "确" */
    0x0, 0x0, 0x0, 0x4, 0x60, 0x0, 0x0, 0x1f,
    0xff, 0xfb, 0xd, 0xfd, 0xda, 0x0, 0x3, 0xab,
    0x32, 0x6d, 0x33, 0xeb, 0x0, 0x0, 0xd6, 0x3,
    0xf7, 0x27, 0xf4, 0x20, 0x1, 0xf2, 0xc, 0xff,
    0xff, 0xff, 0xf3, 0x8, 0xfc, 0xc5, 0xa8, 0xe,
    0x30, 0xf3, 0x1f, 0xf3, 0xd5, 0xaf, 0xff, 0xff,
    0xf3, 0x3f, 0xe0, 0xc5, 0xa9, 0x1e, 0x41, 0xf3,
    0x5, 0xe0, 0xc5, 0xcc, 0x8f, 0xa8, 0xf3, 0x3,
    0xe0, 0xc5, 0xdb, 0x9f, 0xb9, 0xf3, 0x3, 0xff,
    0xf6, 0xf2, 0xe, 0x30, 0xf3, 0x3, 0xf3, 0x38,
    0xd0, 0xe, 0x42, 0xf3, 0x1, 0x80, 0xc, 0x40,
    0x9, 0x6f, 0xd1, 0x0, 0x0, 0x0, 0x0, 0x0,
    0x0, 0x0,

    /* U+79E4 "秤" */
    0x0, 0x5, 0xa3, 0x0, 0x0, 0x0, 0x0, 0x4d,
    0xff, 0xa4, 0xcf, 0xff, 0xff, 0xf4, 0x4, 0x4f,
    0x10, 0x34, 0x4f, 0x74, 0x51, 0x0, 0x3f, 0x10,
    0xa8, 0xf, 0x44, 0xf1, 0x5f, 0xff, 0xfb, 0x6d,
    0xf, 0x49, 0xb0, 0x14, 0xaf, 0x53, 0x2f, 0x1f,
    0x4e, 0x50, 0x0, 0xef, 0xa0, 0x6, 0x1f, 0x48,
    0x0, 0x6, 0xef, 0xdc, 0xff, 0xff, 0xff, 0xfa,
    0x1e, 0x7f, 0x39, 0x33, 0x4f, 0x73, 0x32, 0x8b,
    0x3f, 0x10, 0x0, 0xf, 0x40, 0x0, 0x12, 0x3f,
    0x10, 0x0, 0xf, 0x40, 0x0, 0x0, 0x3f, 0x10,
    0x0, 0xf, 0x40, 0x0, 0x0, 0x3f, 0x10, 0x0,
    0xf, 0x40, 0x0,

    /* U+79F0 "称" */
    0x0, 0x4, 0x97, 0x8, 0x70, 0x0, 0x0, 0xb,
    0xff, 0xb5, 0xd, 0x82, 0x22, 0x20, 0x2, 0x2f,
    0x20, 0x2f, 0xff, 0xff, 0xf6, 0x0, 0xf, 0x20,
    0x9c, 0x1e, 0x65, 0xe0, 0x1f, 0xff, 0xfe, 0xf4,
    0xe, 0x55, 0x70, 0x4, 0x8f, 0x74, 0x64, 0xe,
    0x65, 0x10, 0x0, 0xbf, 0xd1, 0x1f, 0x2e, 0x5c,
    0x70, 0x3, 0xef, 0xab, 0x5e, 0xe, 0x57, 0xd0,
    0xc, 0x6f, 0x34, 0xa9, 0xe, 0x52, 0xf1, 0x4d,
    0xf, 0x22, 0xf3, 0xe, 0x50, 0xf5, 0x2, 0xf,
    0x21, 0x70, 0xe, 0x50, 0x62, 0x0, 0xf, 0x20,
    0x2, 0x4f, 0x50, 0x0, 0x0, 0xf, 0x20, 0x3,
    0xec, 0x10, 0x0,

    /* U+7A0D "稍" */
    0x0, 0x49, 0x70, 0x50, 0x4f, 0x0, 0x71, 0x5f,
    0xfd, 0x51, 0xf4, 0x4f, 0x5, 0xf1, 0x2, 0x99,
    0x0, 0x8c, 0x4f, 0xd, 0x80, 0x0, 0x99, 0x0,
    0x24, 0x4f, 0x5, 0x0, 0x9f, 0xff, 0xf4, 0xff,
    0xff, 0xff, 0xe0, 0x25, 0xfb, 0x42, 0xf5, 0x33,
    0x37, 0xe0, 0x6, 0xff, 0x31, 0xf4, 0x22, 0x26,
    0xe0, 0xc, 0xfc, 0xd2, 0xff, 0xff, 0xff, 0xe0,
    0x5f, 0xa9, 0x41, 0xf1, 0x0, 0x4, 0xe0, 0x98,
    0x99, 0x1, 0xff, 0xff, 0xff, 0xe0, 0x20, 0x99,
    0x1, 0xf4, 0x22, 0x26, 0xe0, 0x0, 0x99, 0x1,
    0xf1, 0x1, 0x48, 0xe0, 0x0, 0x99, 0x1, 0xf1,
    0x2, 0xed, 0x70,

    /* U+7A33 "稳" */
    0x0, 0x16, 0xa0, 0xc, 0x60, 0x0, 0x0, 0xd,
    0xff, 0x81, 0x8f, 0xff, 0xf7, 0x0, 0x3, 0x6e,
    0x7, 0xf4, 0x14, 0xf1, 0x0, 0x0, 0x4e, 0xd,
    0xec, 0xce, 0xec, 0x30, 0x3f, 0xff, 0xf7, 0x44,
    0x44, 0x4e, 0x40, 0x4, 0xcf, 0x53, 0xbb, 0xbb,
    0xbf, 0x40, 0x0, 0xff, 0xa0, 0x33, 0x33, 0x3e,
    0x40, 0x6, 0xfe, 0xda, 0xdd, 0xdd, 0xdf, 0x40,
    0xe, 0x9e, 0x42, 0x44, 0x77, 0x44, 0x10, 0x6d,
    0x5e, 0x4, 0x38, 0x6e, 0x6, 0x30, 0x15, 0x4e,
    0xe, 0x6f, 0x18, 0x48, 0xc0, 0x0, 0x4e, 0x5d,
    0x2f, 0x20, 0x89, 0xf2, 0x0, 0x4e, 0x24, 0xd,
    0xff, 0xe3, 0x30, 0x0, 0x13, 0x0, 0x0, 0x0,
    0x0, 0x0,

    /* U+7A7A "空" */
    0x0, 0x0, 0x2, 0xc3, 0x0, 0x0, 0x0, 0x2,
    0x22, 0x22, 0xfb, 0x22, 0x22, 0x20, 0xf, 0xff,
    0xff, 0xff, 0xff, 0xff, 0xf0, 0xf, 0x50, 0x1,
    0x0, 0x20, 0x5, 0xf0, 0xf, 0x42, 0xcc, 0x1,
    0xfb, 0x44, 0xc0, 0x3, 0x9f, 0xb1, 0x0, 0x19,
    0xfc, 0x30, 0x9, 0xd5, 0x0, 0x0, 0x0, 0x2b,
    0x80, 0x0, 0x6f, 0xff, 0xff, 0xff, 0xf7, 0x0,
    0x0, 0x13, 0x33, 0xf9, 0x33, 0x31, 0x0, 0x0,
    0x0, 0x0, 0xe7, 0x0, 0x0, 0x0, 0x0, 0x0,
    0x0, 0xe7, 0x0, 0x0, 0x0, 0x4, 0x44, 0x44,
    0xfa, 0x44, 0x44, 0x40, 0xd, 0xee, 0xee, 0xee,
    0xee, 0xee, 0xe0,

    /* U+7B49 "等" */
    0x0, 0x0, 0x0, 0x0, 0x0, 0x0, 0x0, 0x0,
    0x8d, 0x0, 0x1, 0xe6, 0x0, 0x0, 0x0, 0xef,
    0xee, 0xea, 0xff, 0xee, 0xe7, 0xa, 0xc8, 0xd2,
    0x6f, 0x77, 0xf2, 0x21, 0x2c, 0x12, 0xd0, 0x7e,
    0x0, 0xc3, 0x0, 0x0, 0xbe, 0xee, 0xff, 0xee,
    0xee, 0x40, 0x0, 0x22, 0x22, 0x9e, 0x22, 0x22,
    0x0, 0x5, 0x55, 0x55, 0xae, 0x55, 0x55, 0x53,
    0x1c, 0xcc, 0xcc, 0xcc, 0xcf, 0xfc, 0xc7, 0x2,
    0x22, 0x22, 0x22, 0x2b, 0xc2, 0x20, 0xa, 0xff,
    0xff, 0xff, 0xff, 0xff, 0xf3, 0x0, 0x5, 0xe5,
    0x0, 0xa, 0xb0, 0x0, 0x0, 0x0, 0x5f, 0x42,
    0x3c, 0xb0, 0x0, 0x0, 0x0, 0x2, 0x9, 0xfe,
    0x50, 0x0, 0x0, 0x0, 0x0, 0x0, 0x0, 0x0,
    0x0,

    /* U+7BB1 "箱" */
    0x0, 0x56, 0x0, 0x0, 0x82, 0x0, 0x0, 0x0,
    0xeb, 0x44, 0x45, 0xf7, 0x44, 0x42, 0x7, 0xff,
    0xfd, 0xdd, 0xef, 0xfd, 0xd5, 0x3f, 0x65, 0xe0,
    0xad, 0x14, 0xf2, 0x0, 0x4, 0xa, 0x90, 0x5,
    0x33, 0x63, 0x30, 0x3, 0x3c, 0xa3, 0x2f, 0xff,
    0xff, 0xf0, 0x1e, 0xef, 0xfe, 0x9f, 0x40, 0x6,
    0xf0, 0x0, 0x4f, 0xc1, 0xf, 0xff, 0xff, 0xf0,
    0x0, 0xdf, 0xed, 0x2f, 0x50, 0x6, 0xf0, 0x9,
    0xdb, 0x9a, 0x7f, 0xff, 0xff, 0xf0, 0x5f, 0x4b,
    0x80, 0xf, 0x50, 0x6, 0xf0, 0x7, 0xb, 0x80,
    0xf, 0x84, 0x49, 0xf0, 0x0, 0xb, 0x80, 0xf,
    0xdc, 0xcd, 0xe0, 0x0, 0x0, 0x0, 0x0, 0x0,
    0x0, 0x0,

    /* U+7CFB "系" */
    0x0, 0x0, 0x1, 0x24, 0x68, 0xb9, 0x0, 0x4,
    0xde, 0xff, 0xff, 0xdb, 0x85, 0x0, 0x0, 0x54,
    0x5e, 0x90, 0x3, 0x10, 0x0, 0x0, 0x4, 0xe6,
    0x0, 0x7f, 0x70, 0x0, 0x0, 0x7f, 0xfd, 0xef,
    0xe4, 0x0, 0x0, 0x0, 0x25, 0x4b, 0xfa, 0x15,
    0xa0, 0x0, 0x0, 0x5, 0xec, 0x31, 0x24, 0xfa,
    0x0, 0x3, 0xef, 0xff, 0xff, 0xfd, 0xce, 0x70,
    0x1, 0x86, 0x42, 0x7e, 0x0, 0x4, 0xb0, 0x0,
    0xa, 0xd0, 0x6e, 0xb, 0xd2, 0x0, 0x1, 0xbf,
    0x30, 0x6e, 0x1, 0xbe, 0x30, 0xb, 0xe3, 0x24,
    0x9e, 0x0, 0xa, 0xe1, 0x0, 0x10, 0x3f, 0xe8,
    0x0, 0x0, 0x20,

    /* U+7D22 "索" */
    0x0, 0x0, 0x0, 0x7e, 0x0, 0x0, 0x0, 0xd,
    0xdd, 0xdd, 0xef, 0xdd, 0xdd, 0xd0, 0x4, 0x44,
    0x44, 0xaf, 0x44, 0x44, 0x40, 0x2, 0x22, 0x22,
    0x8e, 0x22, 0x22, 0x20, 0x2f, 0xff, 0xff, 0xff,
    0xff, 0xff, 0xf3, 0x2f, 0x10, 0x2b, 0xc2, 0x5,
    0x1, 0xf3, 0x19, 0x3a, 0xf9, 0x56, 0xda, 0x11,
    0x91, 0x0, 0x38, 0xae, 0xd7, 0x13, 0xb1, 0x0,
    0x3, 0x8d, 0xfd, 0x9a, 0xbc, 0xfe, 0x20, 0x5,
    0xa9, 0x76, 0x7f, 0x43, 0x18, 0xb0, 0x0, 0x1b,
    0xc0, 0x2f, 0x1b, 0xc3, 0x0, 0x7, 0xec, 0x23,
    0x6f, 0x10, 0x8f, 0x80, 0x9, 0x60, 0x1f, 0xfa,
    0x0, 0x4, 0x80,

    /* U+7EA6 "约" */
    0x0, 0x9, 0x20, 0x4, 0xa0, 0x0, 0x0, 0x5,
    0xf2, 0x0, 0xab, 0x0, 0x0, 0x0, 0xc9, 0x0,
    0xf, 0x94, 0x44, 0x40, 0x6e, 0x17, 0x56, 0xff,
    0xff, 0xff, 0x2e, 0x96, 0xf5, 0xe8, 0x0, 0x5,
    0xf5, 0xfd, 0xf9, 0x1a, 0x30, 0x0, 0x5e, 0x0,
    0x9c, 0x0, 0xd, 0xa0, 0x6, 0xd0, 0x6f, 0x67,
    0x60, 0x2e, 0xa0, 0x7d, 0x4f, 0xfd, 0xb6, 0x0,
    0x2f, 0x38, 0xc0, 0x40, 0x0, 0x0, 0x0, 0x10,
    0x9b, 0x1, 0x47, 0x9c, 0x0, 0x0, 0xb, 0x97,
    0xff, 0xc8, 0x50, 0x2, 0x34, 0xf6, 0x12, 0x0,
    0x0, 0x0, 0x5f, 0xfc, 0x0, 0x0, 0x0, 0x0,
    0x0, 0x0, 0x0,

    /* U+7ED1 "绑" */
    0x0, 0x0, 0x0, 0x0, 0x0, 0x0, 0x0, 0x0,
    0xa6, 0x0, 0x8a, 0x0, 0x0, 0x0, 0x0, 0xf5,
    0x0, 0x8a, 0x7, 0xff, 0xf2, 0x4, 0xf0, 0xf,
    0xff, 0xf8, 0xa5, 0xf0, 0xb, 0x86, 0x63, 0xab,
    0x38, 0x97, 0xa0, 0x3f, 0x7d, 0x50, 0x8a, 0x7,
    0x9b, 0x50, 0x5e, 0xec, 0xc, 0xff, 0xc7, 0x9f,
    0x10, 0x0, 0xe4, 0x3, 0xab, 0x27, 0x99, 0x90,
    0x9, 0xd6, 0x30, 0x99, 0x7, 0x91, 0xf1, 0x4f,
    0xfc, 0x8e, 0xff, 0xea, 0x90, 0xd4, 0x14, 0x0,
    0x25, 0xe8, 0x58, 0x90, 0xe4, 0x3, 0x8e, 0x83,
    0xf1, 0x7, 0xdf, 0xe0, 0x6f, 0xa4, 0xd, 0xa0,
    0x7, 0xa2, 0x0, 0x0, 0x0, 0x2b, 0x0, 0x7,
    0x90, 0x0,

    /* U+7EDC "络" */
    0x0, 0x24, 0x0, 0x6, 0x70, 0x0, 0x0, 0x0,
    0x9d, 0x0, 0x1f, 0xa4, 0x44, 0x10, 0x1, 0xf4,
    0x0, 0x9f, 0xee, 0xef, 0x80, 0x9, 0xb0, 0x67,
    0xfe, 0x10, 0x8e, 0x0, 0x5f, 0x58, 0xfc, 0x6a,
    0xd8, 0xf3, 0x0, 0xaf, 0xef, 0x50, 0x3, 0xff,
    0x90, 0x0, 0x10, 0xd9, 0x5, 0xcf, 0xb7, 0xfe,
    0x71, 0xb, 0xf8, 0xac, 0xd6, 0x22, 0x3a, 0xe1,
    0x9f, 0xea, 0x70, 0xdf, 0xff, 0xff, 0x40, 0x23,
    0x0, 0x10, 0xd6, 0x0, 0xf, 0x40, 0x3, 0x8d,
    0xf2, 0xd6, 0x0, 0xf, 0x40, 0x9f, 0xc6, 0x10,
    0xdf, 0xff, 0xff, 0x40, 0x21, 0x0, 0x0, 0xd8,
    0x33, 0x3f, 0x40,

    /* U+7EDD "绝" */
    0x0, 0x7, 0x10, 0x5, 0x70, 0x0, 0x0, 0x0,
    0x6e, 0x10, 0xd, 0xb3, 0x32, 0x0, 0x0, 0xd5,
    0x0, 0x8f, 0xee, 0xfd, 0x0, 0x6, 0xc0, 0x87,
    0xf5, 0x4, 0xf2, 0x0, 0x2f, 0x99, 0xe9, 0xff,
    0xff, 0xff, 0xd0, 0x7e, 0xdf, 0x50, 0xe7, 0x5f,
    0x37, 0xe0, 0x0, 0xaa, 0x0, 0xe4, 0x2f, 0x5,
    0xe0, 0x6, 0xe2, 0x43, 0xe6, 0x5f, 0x27, 0xe0,
    0x4f, 0xff, 0xd5, 0xef, 0xff, 0xff, 0xd0, 0x37,
    0x30, 0x0, 0xe4, 0x0, 0x0, 0x0, 0x0, 0x25,
    0x97, 0xe4, 0x0, 0x0, 0x75, 0x6f, 0xfc, 0x83,
    0xd8, 0x22, 0x23, 0xd7, 0x24, 0x0, 0x0, 0x6e,
    0xff, 0xff, 0xc1,

    /* U+7EEA "绪" */
    0x0, 0x59, 0x0, 0x0, 0xf2, 0x0, 0x0, 0x0,
    0xc9, 0x0, 0x34, 0xf5, 0x38, 0xc0, 0x2, 0xf2,
    0x3, 0xff, 0xff, 0xff, 0x40, 0x9, 0xa0, 0x81,
    0x0, 0xf3, 0xbb, 0x0, 0x3f, 0x26, 0xd5, 0x45,
    0xfa, 0xf7, 0x41, 0xaf, 0xff, 0x3d, 0xee, 0xff,
    0xee, 0xe4, 0x22, 0xb7, 0x0, 0x2a, 0xf6, 0x11,
    0x0, 0x8, 0xd5, 0x68, 0xff, 0xff, 0xff, 0x80,
    0x7f, 0xeb, 0x6a, 0x9e, 0x0, 0xc, 0x80, 0x11,
    0x0, 0x0, 0x4f, 0xff, 0xff, 0x80, 0x2, 0x6a,
    0xe3, 0x4e, 0x11, 0x1c, 0x80, 0x8f, 0xfc, 0x81,
    0x4f, 0x44, 0x4d, 0x80, 0x45, 0x10, 0x0, 0x4f,
    0xcc, 0xce, 0x70,

    /* U+7EF4 "维" */
    0x0, 0x9, 0x10, 0x3, 0x72, 0x70, 0x0, 0x0,
    0x4f, 0x10, 0xa, 0xb3, 0xf3, 0x0, 0x0, 0xaa,
    0x0, 0x1f, 0x83, 0xc7, 0x31, 0x2, 0xf2, 0x75,
    0x8f, 0xff, 0xff, 0xf7, 0xb, 0x93, 0xe6, 0xfe,
    0x0, 0xf2, 0x0, 0x3f, 0xff, 0x79, 0xff, 0x56,
    0xf7, 0x50, 0x3, 0x6c, 0x2, 0x6f, 0xdd, 0xfd,
    0xd1, 0x3, 0xf6, 0x63, 0x5e, 0x0, 0xf2, 0x0,
    0x1f, 0xfd, 0xa3, 0x5f, 0xff, 0xff, 0xf2, 0x4,
    0x10, 0x0, 0x5f, 0x34, 0xf5, 0x30, 0x1, 0x47,
    0xba, 0x5e, 0x1, 0xf2, 0x0, 0x2f, 0xfc, 0x83,
    0x5f, 0xff, 0xff, 0xfa, 0x4, 0x0, 0x0, 0x5f,
    0x33, 0x33, 0x32,

    /* U+7F51 "网" */
    0xef, 0xff, 0xff, 0xff, 0xff, 0xfe, 0xe8, 0x33,
    0x33, 0x33, 0x33, 0x8e, 0xe6, 0x0, 0x98, 0x0,
    0x97, 0x6e, 0xe8, 0xc0, 0xd7, 0xc1, 0xd5, 0x6e,
    0xe6, 0xbb, 0xf2, 0xac, 0xf1, 0x6e, 0xe6, 0x1d,
    0xe0, 0xd, 0xe0, 0x6e, 0xe6, 0xb, 0xf4, 0xb,
    0xf3, 0x6e, 0xe6, 0x2f, 0x9e, 0x3f, 0xbc, 0x6e,
    0xe6, 0xba, 0x6, 0xcb, 0xc, 0x7e, 0xec, 0xe1,
    0x8, 0xe1, 0x0, 0x6e, 0xe6, 0x10, 0x0, 0x20,
    0x44, 0xae, 0xe6, 0x0, 0x0, 0x0, 0xaf, 0xe7,

    /* U+7F6E "置" */
    0x4, 0xfe, 0xef, 0xee, 0xff, 0xef, 0xb0, 0x4,
    0xf1, 0x2f, 0x31, 0xd6, 0x1a, 0xb0, 0x3, 0xcc,
    0xcc, 0xef, 0xcc, 0xcc, 0x90, 0x7, 0x88, 0x88,
    0xdd, 0x88, 0x88, 0x80, 0x5, 0x55, 0x55, 0xe9,
    0x55, 0x55, 0x50, 0x0, 0x4f, 0xdd, 0xdd, 0xdd,
    0xf9, 0x0, 0x0, 0x4f, 0x77, 0x77, 0x77, 0xd9,
    0x0, 0x0, 0x4f, 0x44, 0x44, 0x44, 0xc9, 0x0,
    0x0, 0x4f, 0xbb, 0xbb, 0xbb, 0xe9, 0x0, 0x0,
    0x4f, 0x88, 0x88, 0x88, 0xd9, 0x0, 0x0, 0x5f,
    0x33, 0x33, 0x33, 0xca, 0x0, 0x1e, 0xee, 0xee,
    0xee, 0xee, 0xee, 0xe6,

    /* U+8017 "耗" */
    0x0, 0x1f, 0x20, 0x0, 0x0, 0x38, 0x0, 0x2,
    0x4f, 0x42, 0x0, 0x4b, 0xfb, 0x20, 0x4f, 0xff,
    0xfd, 0x8e, 0xff, 0x30, 0x0, 0x0, 0x2f, 0x30,
    0x43, 0x6e, 0x0, 0x0, 0xe, 0xff, 0xfb, 0x3,
    0x9f, 0xad, 0xa0, 0x0, 0x2f, 0x30, 0x8d, 0xdf,
    0x75, 0x20, 0x8e, 0xff, 0xfe, 0x10, 0x5e, 0x0,
    0x0, 0x13, 0xbf, 0xb3, 0x24, 0x9f, 0xbe, 0xf3,
    0x3, 0xff, 0xf5, 0xef, 0xef, 0x85, 0x30, 0x2e,
    0x9f, 0x7e, 0x20, 0x5e, 0x0, 0x10, 0x9c, 0x1f,
    0x23, 0x0, 0x5e, 0x0, 0xc4, 0x11, 0x1f, 0x20,
    0x0, 0x5f, 0x22, 0xe4, 0x0, 0x1f, 0x20, 0x0,
    0x1d, 0xff, 0xc0,

    /* U+81EA "自" */
    0x0, 0x0, 0xc6, 0x0, 0x0, 0x0, 0x3, 0xf3,
    0x0, 0x0, 0xef, 0xff, 0xff, 0xff, 0xfe, 0xe9,
    0x44, 0x44, 0x44, 0x9f, 0xe6, 0x0, 0x0, 0x0,
    0x6f, 0xef, 0xff, 0xff, 0xff, 0xff, 0xe9, 0x44,
    0x44, 0x44, 0x9f, 0xe6, 0x0, 0x0, 0x0, 0x6f,
    0xef, 0xff, 0xff, 0xff, 0xff, 0xe9, 0x44, 0x44,
    0x44, 0x9f, 0xe6, 0x0, 0x0, 0x0, 0x6f, 0xef,
    0xff, 0xff, 0xff, 0xff, 0xe9, 0x44, 0x44, 0x44,
    0x9e,

    /* U+88C5 "装" */
    0x0, 0x3, 0xf0, 0x0, 0x5f, 0x0, 0x0, 0xb,
    0xa3, 0xf0, 0x0, 0x5f, 0x10, 0x0, 0x1, 0xd7,
    0xf7, 0xff, 0xff, 0xff, 0xf5, 0x0, 0x4, 0xf0,
    0x11, 0x6f, 0x21, 0x10, 0x4, 0xbf, 0xf0, 0x0,
    0x5f, 0x0, 0x0, 0x2e, 0x74, 0xf1, 0xff, 0xff,
    0xff, 0xf1, 0x0, 0x2, 0xa0, 0x87, 0x33, 0x33,
    0x30, 0x2, 0x22, 0x22, 0xcc, 0x22, 0x22, 0x21,
    0x1d, 0xdd, 0xdf, 0xff, 0xed, 0xde, 0xd7, 0x0,
    0x3, 0xbd, 0x3a, 0xb0, 0x3c, 0x60, 0x18, 0xdf,
    0xf0, 0x1, 0xed, 0xe6, 0x0, 0x7, 0x46, 0xe3,
    0x6a, 0x2d, 0xe7, 0x10, 0x0, 0xd, 0xfd, 0xa6,
    0x0, 0x6d, 0xf7, 0x0, 0x4, 0x10, 0x0, 0x0,
    0x0, 0x20,

    /* U+8981 "要" */
    0xd, 0xff, 0xff, 0xff, 0xff, 0xff, 0xf4, 0x2,
    0x33, 0x5f, 0x53, 0xe8, 0x33, 0x30, 0x2, 0xff,
    0xff, 0xff, 0xff, 0xff, 0xb0, 0x2, 0xf0, 0x1f,
    0x20, 0xd5, 0x8, 0xb0, 0x2, 0xf3, 0x3f, 0x42,
    0xe7, 0x2a, 0xb0, 0x2, 0xee, 0xef, 0xfe, 0xee,
    0xee, 0xa0, 0x2, 0x22, 0x3e, 0xb2, 0x22, 0x22,
    0x21, 0x1f, 0xff, 0xff, 0xff, 0xff, 0xff, 0xf8,
    0x0, 0x5, 0xf4, 0x0, 0x3f, 0x60, 0x0, 0x0,
    0xc, 0xfe, 0xa7, 0xfa, 0x0, 0x0, 0x0, 0x1,
    0x5c, 0xff, 0xfe, 0xa5, 0x0, 0xb, 0xff, 0xda,
    0x50, 0x5, 0xaf, 0xc0, 0x1, 0x10, 0x0, 0x0,
    0x0, 0x0, 0x0,

    /* U+8A00 "言" */
    0x0, 0x0, 0x0, 0x0, 0x0, 0x0, 0x0, 0x0,
    0x0, 0x0, 0xd9, 0x0, 0x0, 0x0, 0x0, 0x0,
    0x0, 0x5f, 0x40, 0x0, 0x0, 0x1f, 0xff, 0xff,
    0xff, 0xff, 0xff, 0xf8, 0x1, 0x11, 0x11, 0x11,
    0x11, 0x11, 0x10, 0x0, 0x1d, 0xdd, 0xdd, 0xdd,
    0xd8, 0x0, 0x0, 0x2, 0x22, 0x22, 0x22, 0x21,
    0x0, 0x0, 0x4, 0x44, 0x44, 0x44, 0x42, 0x0,
    0x0, 0x1c, 0xcc, 0xcc, 0xcc, 0xc7, 0x0, 0x0,
    0x2, 0x22, 0x22, 0x22, 0x22, 0x0, 0x0, 0x3f,
    0xff, 0xff, 0xff, 0xfb, 0x0, 0x0, 0x3f, 0x10,
    0x0, 0x0, 0x9b, 0x0, 0x0, 0x3f, 0x54, 0x44,
    0x44, 0xbb, 0x0, 0x0, 0x3f, 0xdd, 0xdd, 0xdd,
    0xeb, 0x0,

    /* U+8BA4 "认" */
    0x0, 0x72, 0x0, 0x0, 0x6e, 0x0, 0x0, 0x0,
    0xbe, 0x20, 0x0, 0x7e, 0x0, 0x0, 0x0, 0xc,
    0xa0, 0x0, 0x7d, 0x0, 0x0, 0x0, 0x1, 0x10,
    0x0, 0x7d, 0x0, 0x0, 0x25, 0x55, 0x0, 0x0,
    0x9d, 0x0, 0x0, 0x5f, 0xff, 0x20, 0x0, 0xaf,
    0x0, 0x0, 0x0, 0x2f, 0x20, 0x0, 0xcf, 0x30,
    0x0, 0x0, 0x2f, 0x20, 0x0, 0xff, 0x70, 0x0,
    0x0, 0x2f, 0x20, 0x5, 0xf9, 0xd0, 0x0, 0x0,
    0x2f, 0x37, 0xb, 0xc1, 0xf5, 0x0, 0x0, 0x2f,
    0xfb, 0x3f, 0x50, 0xad, 0x10, 0x0, 0x9f, 0x72,
    0xdc, 0x0, 0x1e, 0xc0, 0x0, 0x74, 0x9, 0xd1,
    0x0, 0x4, 0xf5, 0x0, 0x0, 0x0, 0x10, 0x0,
    0x0, 0x10,

    /* U+8BBE "设" */
    0x0, 0x10, 0x0, 0x0, 0x0, 0x0, 0x0, 0x0,
    0xe8, 0x0, 0xf, 0xff, 0xfe, 0x0, 0x0, 0x2e,
    0x80, 0xf, 0x63, 0x8e, 0x0, 0x0, 0x3, 0x20,
    0x4f, 0x10, 0x5e, 0x0, 0x17, 0x76, 0x4, 0xe9,
    0x0, 0x3f, 0x97, 0x2a, 0xce, 0x9, 0x70, 0x0,
    0x4, 0x64, 0x0, 0x6e, 0x6, 0xee, 0xee, 0xee,
    0xd0, 0x0, 0x6e, 0x2, 0xdb, 0x55, 0x5d, 0xa0,
    0x0, 0x6e, 0x0, 0x5f, 0x20, 0x5f, 0x20, 0x0,
    0x6e, 0x68, 0xa, 0xe7, 0xf6, 0x0, 0x0, 0x7f,
    0xf4, 0x2, 0xff, 0xd1, 0x0, 0x0, 0xdd, 0x26,
    0xaf, 0xc8, 0xef, 0x94, 0x0, 0x50, 0xb, 0x94,
    0x0, 0x17, 0xc7,

    /* U+8BBF "访" */
    0x0, 0x50, 0x0, 0x0, 0x85, 0x0, 0x0, 0x3,
    0xf8, 0x0, 0x0, 0xac, 0x0, 0x0, 0x0, 0x4f,
    0x35, 0x55, 0x9c, 0x55, 0x51, 0x0, 0x2, 0xe,
    0xff, 0xff, 0xff, 0xf4, 0x27, 0x77, 0x0, 0xf,
    0x50, 0x0, 0x0, 0x4c, 0xdf, 0x0, 0xf, 0x74,
    0x44, 0x10, 0x0, 0x5f, 0x0, 0x1f, 0xff, 0xff,
    0x50, 0x0, 0x5f, 0x0, 0x3f, 0x0, 0xf, 0x40,
    0x0, 0x5f, 0x0, 0x6d, 0x0, 0x1f, 0x30, 0x0,
    0x5f, 0x89, 0xb9, 0x0, 0x2f, 0x20, 0x0, 0x8f,
    0xc3, 0xf5, 0x0, 0x4f, 0x0, 0x0, 0xfa, 0xc,
    0xd0, 0x23, 0xad, 0x0, 0x0, 0x40, 0x1d, 0x20,
    0x7f, 0xf6, 0x0, 0x0, 0x0, 0x0, 0x0, 0x0,
    0x0, 0x0,

    /* U+8BD5 "试" */
    0x0, 0x91, 0x0, 0x0, 0xa, 0xaa, 0x30, 0x0,
    0xcd, 0x0, 0x0, 0xa, 0xb7, 0xd0, 0x0, 0x1d,
    0x60, 0x0, 0x9, 0xb0, 0x91, 0x0, 0x1, 0x1f,
    0xff, 0xff, 0xff, 0xf7, 0x17, 0x77, 0x4, 0x44,
    0x4a, 0xd4, 0x42, 0x1b, 0xde, 0x0, 0x0, 0x7,
    0xd0, 0x0, 0x0, 0x5e, 0xa, 0xff, 0xf7, 0xe0,
    0x0, 0x0, 0x5e, 0x2, 0x8e, 0x45, 0xf0, 0x0,
    0x0, 0x5e, 0x0, 0x5d, 0x2, 0xf2, 0x0, 0x0,
    0x5e, 0x12, 0x5d, 0x1, 0xf5, 0x52, 0x0, 0x6f,
    0xe8, 0x9f, 0xf8, 0xc9, 0x98, 0x0, 0xde, 0x5c,
    0xd8, 0x40, 0x7f, 0xf4, 0x0, 0x61, 0x0, 0x0,
    0x0, 0xc, 0xc0, 0x0, 0x0, 0x0, 0x0, 0x0,
    0x0, 0x0,

    /* U+8BED "语" */
    0x0, 0x0, 0x0, 0x0, 0x0, 0x0, 0x0, 0x4,
    0xe2, 0xe, 0xff, 0xff, 0xff, 0xf2, 0x0, 0x9e,
    0x22, 0x26, 0xf3, 0x22, 0x20, 0x0, 0x7, 0x13,
    0x8b, 0xf8, 0x89, 0x20, 0x14, 0x44, 0x3, 0x7e,
    0xc7, 0x8f, 0x20, 0x3f, 0xfd, 0x0, 0xf, 0x60,
    0x2f, 0x10, 0x0, 0x6d, 0x5e, 0xef, 0xee, 0xef,
    0xe9, 0x0, 0x6d, 0x2, 0x22, 0x22, 0x22, 0x21,
    0x0, 0x6d, 0x4, 0xff, 0xff, 0xff, 0xa0, 0x0,
    0x6d, 0x18, 0xf3, 0x33, 0x3b, 0xa0, 0x0, 0x6e,
    0xed, 0xf0, 0x0, 0x9, 0xa0, 0x0, 0xaf, 0x85,
    0xf4, 0x44, 0x4b, 0xa0, 0x0, 0x95, 0x4, 0xfd,
    0xdd, 0xde, 0xa0, 0x0, 0x0, 0x0, 0x0, 0x0,
    0x0, 0x0,

    /* U+8BEF "误" */
    0x0, 0x10, 0x0, 0x0, 0x0, 0x0, 0x0, 0x3,
    0xf5, 0x2, 0xff, 0xff, 0xff, 0x90, 0x0, 0x6f,
    0x32, 0xf3, 0x22, 0x2b, 0x90, 0x0, 0x6, 0x2,
    0xf4, 0x33, 0x3c, 0x90, 0x14, 0x44, 0x2, 0xff,
    0xff, 0xff, 0x90, 0x3c, 0xde, 0x1, 0x22, 0x22,
    0x22, 0x20, 0x0, 0x5e, 0x7, 0xff, 0xff, 0xff,
    0xf0, 0x0, 0x5e, 0x0, 0x0, 0x8b, 0x0, 0x0,
    0x0, 0x5e, 0xd, 0xee, 0xff, 0xee, 0xe7, 0x0,
    0x5e, 0x35, 0x46, 0xff, 0x84, 0x42, 0x0, 0x6f,
    0xf3, 0xc, 0xc8, 0xe2, 0x0, 0x0, 0xcd, 0x36,
    0xde, 0x20, 0xaf, 0xa2, 0x0, 0x41, 0xc, 0x81,
    0x0, 0x5, 0xc2,

    /* U+8BF7 "请" */
    0x0, 0x70, 0x0, 0x0, 0x7c, 0x0, 0x0, 0x2,
    0xe8, 0x9, 0xdd, 0xef, 0xdd, 0xd1, 0x0, 0x3f,
    0x41, 0x22, 0x9d, 0x22, 0x20, 0x0, 0x3, 0x4,
    0xee, 0xff, 0xee, 0x90, 0x27, 0x77, 0x5, 0x55,
    0xad, 0x55, 0x52, 0x2a, 0xce, 0x7, 0x77, 0x77,
    0x77, 0x73, 0x0, 0x5e, 0x1, 0xdd, 0xdd, 0xdd,
    0x60, 0x0, 0x5e, 0x1, 0xf3, 0x22, 0x2d, 0x70,
    0x0, 0x5e, 0x1, 0xfe, 0xee, 0xef, 0x70, 0x0,
    0x5e, 0x45, 0xf2, 0x0, 0xd, 0x70, 0x0, 0x6f,
    0xf6, 0xfe, 0xee, 0xef, 0x70, 0x0, 0xce, 0x31,
    0xf1, 0x1, 0x2d, 0x70, 0x0, 0x61, 0x1, 0xf1,
    0x5, 0xfd, 0x20,

    /* U+8BFB "读" */
    0x0, 0x80, 0x0, 0x0, 0x3f, 0x0, 0x0, 0x2,
    0xec, 0x11, 0xdd, 0xdf, 0xdd, 0xc0, 0x0, 0x2e,
    0x60, 0x44, 0x7f, 0x54, 0x40, 0x0, 0x2, 0x4,
    0x66, 0x9f, 0x76, 0x72, 0x15, 0x54, 0x7, 0xcc,
    0xcc, 0xcc, 0xf4, 0x4f, 0xfd, 0x0, 0x4b, 0x1d,
    0x62, 0xf0, 0x0, 0x5d, 0x3, 0x55, 0xbe, 0x62,
    0x60, 0x0, 0x5d, 0x1, 0x9b, 0xf, 0x50, 0x0,
    0x0, 0x5d, 0xc, 0xde, 0xdf, 0xed, 0xd8, 0x0,
    0x5d, 0x87, 0x44, 0xdd, 0x64, 0x42, 0x0, 0x6f,
    0xe3, 0x9, 0xf4, 0xcb, 0x10, 0x0, 0xbd, 0x24,
    0xcf, 0x50, 0x9, 0xe3, 0x0, 0x61, 0xb, 0xa2,
    0x0, 0x0, 0x87, 0x0, 0x0, 0x0, 0x0, 0x0,
    0x0, 0x0,

    /* U+8D25 "败" */
    0x0, 0x0, 0x0, 0x0, 0x43, 0x0, 0x0, 0xe,
    0xff, 0xff, 0x30, 0xd7, 0x0, 0x0, 0xe, 0x53,
    0x3e, 0x31, 0xf6, 0x44, 0x40, 0xe, 0x2e, 0x3e,
    0x36, 0xfe, 0xef, 0xf1, 0xe, 0x2e, 0x3e, 0x3e,
    0x70, 0xf, 0x10, 0xe, 0x2e, 0x3e, 0xaf, 0x70,
    0x2e, 0x0, 0xe, 0x2e, 0x3e, 0x9d, 0xd0, 0x5b,
    0x0, 0xe, 0x2f, 0x3e, 0x30, 0xe4, 0xa8, 0x0,
    0xe, 0x3f, 0x1e, 0x30, 0x8b, 0xf2, 0x0, 0x8,
    0x5e, 0x7, 0x10, 0x1f, 0xb0, 0x0, 0x0, 0xb9,
    0xd4, 0x0, 0x4f, 0xe2, 0x0, 0x7, 0xe1, 0x5e,
    0x14, 0xf7, 0xae, 0x40, 0x5e, 0x30, 0xa, 0x6f,
    0x70, 0x8, 0xf2, 0x1, 0x0, 0x0, 0x1, 0x0,
    0x0, 0x10,

    /* U+8D26 "账" */
    0x0, 0x0, 0x0, 0xe, 0x40, 0x0, 0x0, 0xe,
    0xff, 0xfd, 0xe, 0x40, 0xb, 0x80, 0xe, 0x23,
    0x3d, 0xe, 0x40, 0x6f, 0x20, 0xe, 0x2f, 0x2d,
    0xe, 0x45, 0xf7, 0x0, 0xe, 0x2f, 0x2d, 0xe,
    0x6f, 0x80, 0x0, 0xe, 0x2f, 0x2d, 0x3f, 0x77,
    0x44, 0x41, 0xe, 0x2f, 0x2d, 0xdf, 0xff, 0xff,
    0xf4, 0xe, 0x2f, 0x2d, 0xe, 0x47, 0xc0, 0x0,
    0xe, 0x3e, 0x2d, 0xe, 0x42, 0xf2, 0x0, 0xa,
    0x6b, 0x19, 0xe, 0x40, 0xc8, 0x0, 0x0, 0xc9,
    0xd0, 0xe, 0x40, 0x6f, 0x20, 0x6, 0xe0, 0xa9,
    0xf, 0xbe, 0x4c, 0xd1, 0x4d, 0x20, 0xa, 0x5f,
    0xb5, 0x1, 0xc3, 0x1, 0x0, 0x0, 0x3, 0x0,
    0x0, 0x0,

    /* U+8D70 "走" */
    0x0, 0x0, 0x0, 0xb9, 0x0, 0x0, 0x0, 0x0,
    0x34, 0x44, 0xcb, 0x44, 0x44, 0x0, 0x0, 0xef,
    0xff, 0xff, 0xff, 0xff, 0x10, 0x0, 0x0, 0x0,
    0xb9, 0x0, 0x0, 0x0, 0x4, 0x44, 0x44, 0xcb,
    0x44, 0x44, 0x40, 0x2f, 0xff, 0xff, 0xff, 0xff,
    0xff, 0xf2, 0x0, 0x4, 0x0, 0xba, 0x0, 0x0,
    0x0, 0x0, 0x4f, 0x20, 0xba, 0x11, 0x11, 0x0,
    0x0, 0x8f, 0x0, 0xbf, 0xff, 0xff, 0x30, 0x0,
    0xbf, 0x70, 0xba, 0x0, 0x0, 0x0, 0x2, 0xf8,
    0xf6, 0xba, 0x0, 0x0, 0x0, 0xc, 0xc0, 0x6f,
    0xfc, 0x64, 0x44, 0x42, 0x4e, 0x10, 0x1, 0x8c,
    0xef, 0xff, 0xf4, 0x0, 0x0, 0x0, 0x0, 0x0,
    0x0, 0x0,

    /* U+8FC7 "过" */
    0x2, 0x40, 0x0, 0x0, 0x0, 0xe6, 0x0, 0x8,
    0xf3, 0x0, 0x0, 0x0, 0xe6, 0x0, 0x0, 0xae,
    0x14, 0x44, 0x44, 0xf9, 0x41, 0x0, 0x17, 0x3f,
    0xff, 0xff, 0xff, 0xf4, 0x0, 0x0, 0x0, 0x0,
    0x0, 0xe6, 0x0, 0x15, 0x55, 0x5, 0xc0, 0x0,
    0xe6, 0x0, 0x2d, 0xee, 0x1, 0xe9, 0x0, 0xe6,
    0x0, 0x0, 0x5e, 0x0, 0x4f, 0x20, 0xe6, 0x0,
    0x0, 0x5e, 0x0, 0x3, 0x0, 0xe6, 0x0, 0x0,
    0x5e, 0x0, 0x3, 0x67, 0xf6, 0x0, 0x1, 0xaf,
    0x30, 0x3, 0xed, 0xa1, 0x0, 0x2e, 0xd8, 0xfc,
    0x76, 0x55, 0x67, 0x85, 0x1c, 0x10, 0x28, 0xde,
    0xfe, 0xee, 0xd4, 0x0, 0x0, 0x0, 0x0, 0x0,
    0x0, 0x0,

    /* U+8FD4 "返" */
    0x2, 0x0, 0x0, 0x0, 0x13, 0x58, 0x20, 0x1e,
    0x90, 0xc, 0xff, 0xff, 0xeb, 0x60, 0x3, 0xf7,
    0xe, 0x93, 0x10, 0x0, 0x0, 0x0, 0x40, 0xe,
    0xa6, 0x66, 0x66, 0x20, 0x0, 0x0, 0xe, 0xda,
    0xaa, 0xcf, 0x30, 0x8e, 0xe6, 0xf, 0x57, 0x0,
    0x9d, 0x0, 0x35, 0xf6, 0x1f, 0x4d, 0xd5, 0xf5,
    0x0, 0x0, 0xe6, 0x4f, 0x10, 0xbf, 0xb0, 0x0,
    0x0, 0xe6, 0xac, 0x4, 0xee, 0xf5, 0x0, 0x0,
    0xe9, 0xf5, 0xbf, 0x90, 0x8f, 0x40, 0x7, 0xfb,
    0x30, 0x63, 0x0, 0x5, 0x0, 0x7f, 0x5b, 0xe8,
    0x54, 0x44, 0x58, 0xb2, 0x77, 0x0, 0x5b, 0xef,
    0xff, 0xff, 0xe0, 0x0, 0x0, 0x0, 0x0, 0x0,
    0x0, 0x0,

    /* U+8FDE "连" */
    0x0, 0x0, 0x0, 0x0, 0x0, 0x0, 0x0, 0x9,
    0x30, 0x0, 0x4e, 0x20, 0x0, 0x0, 0x8, 0xe1,
    0x79, 0xcf, 0x99, 0x99, 0x60, 0x0, 0xc9, 0x69,
    0xfa, 0x88, 0x88, 0x50, 0x0, 0x10, 0x7, 0xe0,
    0x89, 0x0, 0x0, 0x35, 0x51, 0x2e, 0xa4, 0xbc,
    0x44, 0x10, 0x8e, 0xf5, 0x5f, 0xff, 0xff, 0xff,
    0x50, 0x0, 0xe5, 0x0, 0x0, 0xab, 0x0, 0x0,
    0x0, 0xe5, 0x56, 0x66, 0xcd, 0x66, 0x50, 0x0,
    0xe5, 0xcd, 0xdd, 0xff, 0xdd, 0xb0, 0x0, 0xe5,
    0x0, 0x0, 0xab, 0x0, 0x0, 0x7, 0xfb, 0x10,
    0x0, 0xab, 0x0, 0x0, 0x8f, 0x5b, 0xf9, 0x54,
    0x56, 0x57, 0xa2, 0x88, 0x0, 0x5c, 0xff, 0xff,
    0xff, 0xe0, 0x0, 0x0, 0x0, 0x0, 0x0, 0x0,
    0x0,

    /* U+9000 "退" */
    0x0, 0x0, 0x0, 0x0, 0x0, 0x0, 0x0, 0x7,
    0xc1, 0x5, 0xff, 0xff, 0xff, 0x30, 0x1, 0xcc,
    0x5, 0xf1, 0x11, 0x2f, 0x30, 0x0, 0x17, 0x5,
    0xfe, 0xee, 0xff, 0x30, 0x0, 0x0, 0x5, 0xf0,
    0x0, 0x1f, 0x30, 0x1f, 0xfe, 0x5, 0xff, 0xff,
    0xff, 0x40, 0x4, 0x8e, 0x5, 0xf0, 0x64, 0x7,
    0xe1, 0x0, 0x5e, 0x5, 0xf0, 0x5f, 0xdd, 0x30,
    0x0, 0x5e, 0x6, 0xf1, 0x54, 0xda, 0x0, 0x0,
    0x5e, 0xb, 0xff, 0xd2, 0x1d, 0xb0, 0x0, 0x9f,
    0x46, 0x51, 0x0, 0x1, 0x50, 0xb, 0xd6, 0xdb,
    0x53, 0x22, 0x34, 0x77, 0x1d, 0x10, 0x7, 0xdf,
    0xff, 0xff, 0xf7, 0x0, 0x0, 0x0, 0x0, 0x0,
    0x0, 0x0,

    /* U+9001 "送" */
    0x6, 0x10, 0x2, 0x80, 0x0, 0x57, 0x0, 0xc,
    0xc0, 0x1, 0xf5, 0x0, 0xe8, 0x0, 0x1, 0xe9,
    0x13, 0xba, 0x38, 0xf4, 0x20, 0x0, 0x42, 0x4f,
    0xff, 0xff, 0xff, 0x90, 0x1, 0x10, 0x0, 0x2,
    0xf3, 0x0, 0x0, 0x9f, 0xf5, 0x34, 0x46, 0xf6,
    0x44, 0x40, 0x11, 0xe5, 0xbf, 0xff, 0xff, 0xff,
    0xf0, 0x0, 0xe5, 0x0, 0x8, 0xfc, 0x10, 0x0,
    0x0, 0xe5, 0x0, 0x3f, 0x6c, 0xd1, 0x0, 0x0,
    0xe5, 0x7, 0xf9, 0x0, 0xcd, 0x10, 0x5, 0xf9,
    0x6e, 0x60, 0x0, 0xb, 0x30, 0x8f, 0x8d, 0xd8,
    0x54, 0x34, 0x46, 0x73, 0x97, 0x0, 0x7d, 0xff,
    0xff, 0xff, 0xf2, 0x0, 0x0, 0x0, 0x0, 0x0,
    0x0, 0x0,

    /* U+9009 "选" */
    0x5, 0x0, 0x2, 0x60, 0xe6, 0x0, 0x0, 0x3f,
    0x90, 0x8, 0xd0, 0xe6, 0x0, 0x0, 0x4, 0xf6,
    0xe, 0xff, 0xff, 0xff, 0x70, 0x0, 0x62, 0x9e,
    0x32, 0xe8, 0x22, 0x10, 0x0, 0x0, 0x34, 0x0,
    0xe6, 0x0, 0x0, 0x24, 0x41, 0xad, 0xdd, 0xfe,
    0xdd, 0xd1, 0x7f, 0xf6, 0x45, 0xae, 0x5e, 0xa5,
    0x50, 0x0, 0xd6, 0x0, 0xab, 0xd, 0x70, 0x0,
    0x0, 0xd6, 0x2, 0xf5, 0xd, 0x70, 0xa1, 0x0,
    0xd6, 0x5e, 0xc0, 0xd, 0x94, 0xf2, 0x0, 0xd9,
    0xc9, 0x0, 0x8, 0xef, 0xb0, 0x19, 0xfe, 0xd7,
    0x43, 0x33, 0x34, 0x41, 0x5e, 0x20, 0x5b, 0xff,
    0xff, 0xff, 0xe0, 0x1, 0x0, 0x0, 0x0, 0x0,
    0x0, 0x0,

    /* U+90AE "邮" */
    0x0, 0x4f, 0x0, 0x0, 0x0, 0x0, 0x0, 0x4,
    0xf0, 0x0, 0x3f, 0xff, 0xe2, 0xde, 0xef, 0xee,
    0x43, 0xf3, 0x8e, 0xe, 0x66, 0xf3, 0xf4, 0x3e,
    0xb, 0x80, 0xe3, 0x3e, 0xe, 0x43, 0xe1, 0xf2,
    0xe, 0x33, 0xe0, 0xe4, 0x3e, 0x6d, 0x0, 0xef,
    0xff, 0xff, 0x43, 0xe0, 0xd7, 0xe, 0x56, 0xe2,
    0xe4, 0x3e, 0x5, 0xe0, 0xe3, 0x3e, 0xe, 0x43,
    0xe0, 0x1f, 0x1e, 0x33, 0xe0, 0xe4, 0x3e, 0x26,
    0xf1, 0xef, 0xff, 0xff, 0x43, 0xeb, 0xf9, 0xe,
    0x52, 0x22, 0xd3, 0x3e, 0x0, 0x0, 0x10, 0x0,
    0x0, 0x3, 0xe0, 0x0, 0x0,

    /* U+91CD "重" */
    0x0, 0x0, 0x0, 0x1, 0x34, 0x66, 0x0, 0x0,
    0xbe, 0xff, 0xff, 0xec, 0xa8, 0x0, 0x4, 0x66,
    0x65, 0xae, 0x44, 0x44, 0x42, 0x9, 0x99, 0x99,
    0xce, 0x99, 0x99, 0x94, 0x0, 0x7c, 0xcc, 0xef,
    0xcc, 0xcc, 0x10, 0x0, 0x9b, 0x11, 0x8d, 0x11,
    0x4f, 0x20, 0x0, 0x9f, 0xee, 0xff, 0xee, 0xef,
    0x20, 0x0, 0x9b, 0x0, 0x8d, 0x0, 0x3f, 0x20,
    0x0, 0x8e, 0xee, 0xff, 0xee, 0xee, 0x20, 0x0,
    0x11, 0x11, 0x8d, 0x11, 0x11, 0x10, 0x0, 0xee,
    0xee, 0xff, 0xee, 0xee, 0x90, 0x1, 0x11, 0x11,
    0x8d, 0x11, 0x11, 0x10, 0x1f, 0xff, 0xff, 0xff,
    0xff, 0xff, 0xf8,

    /* U+91CF "量" */
    0x0, 0x5f, 0xbb, 0xbb, 0xbb, 0xeb, 0x0, 0x0,
    0x5f, 0xaa, 0xaa, 0xaa, 0xdb, 0x0, 0x0, 0x5f,
    0x99, 0x99, 0x99, 0xdb, 0x0, 0x3, 0x46, 0x66,
    0x66, 0x66, 0x65, 0x31, 0x1c, 0xcc, 0xcc, 0xcc,
    0xcc, 0xcc, 0xc6, 0x0, 0x7b, 0x99, 0xac, 0x99,
    0x9c, 0x10, 0x0, 0x9e, 0xbb, 0xdf, 0xbb, 0xcf,
    0x20, 0x0, 0x9c, 0x55, 0x9e, 0x55, 0x7f, 0x20,
    0x0, 0x47, 0x77, 0xbe, 0x77, 0x77, 0x10, 0x0,
    0xdd, 0xdd, 0xef, 0xdd, 0xdd, 0x50, 0x0, 0x0,
    0x0, 0x6d, 0x0, 0x0, 0x0, 0x2f, 0xff, 0xff,
    0xff, 0xff, 0xff, 0xf9,

    /* U+949F "钟" */
    0x0, 0x96, 0x0, 0x0, 0xe, 0x50, 0x0, 0x2,
    0xf8, 0x33, 0x0, 0xe, 0x50, 0x0, 0xb, 0xff,
    0xfe, 0x0, 0xe, 0x50, 0x0, 0x5f, 0x30, 0x0,
    0xae, 0xef, 0xfe, 0xe4, 0x9, 0xff, 0xfa, 0xa9,
    0x2e, 0x72, 0xf4, 0x1, 0x5f, 0x42, 0xa7, 0xe,
    0x50, 0xf4, 0x0, 0x2f, 0x10, 0xa7, 0xe, 0x50,
    0xf4, 0x1c, 0xcf, 0xcb, 0xab, 0x6f, 0xa6, 0xf4,
    0x7, 0x9f, 0x87, 0xae, 0xdf, 0xed, 0xf4, 0x0,
    0x2f, 0x10, 0x54, 0xe, 0x50, 0x62, 0x0, 0x2f,
    0x6b, 0x0, 0xe, 0x50, 0x0, 0x0, 0x8f, 0xe7,
    0x0, 0xe, 0x50, 0x0, 0x0, 0x87, 0x0, 0x0,
    0xe, 0x50, 0x0,

    /* U+9519 "错" */
    0x0, 0xa6, 0x0, 0x4, 0xe0, 0x4e, 0x0, 0x2,
    0xf6, 0x32, 0x5, 0xe0, 0x5e, 0x0, 0xc, 0xff,
    0xfb, 0xbf, 0xff, 0xff, 0xf6, 0x5e, 0x20, 0x0,
    0x5, 0xe1, 0x5e, 0x10, 0x9, 0xff, 0xf8, 0x79,
    0xf7, 0xaf, 0x75, 0x1, 0x6f, 0x32, 0xcc, 0xcc,
    0xcc, 0xc9, 0x0, 0x3f, 0x0, 0x1, 0x11, 0x11,
    0x10, 0x1e, 0xef, 0xeb, 0x2f, 0xff, 0xff, 0xe0,
    0x3, 0x6f, 0x33, 0x2f, 0x10, 0x5, 0xe0, 0x0,
    0x3f, 0x0, 0x2f, 0xff, 0xff, 0xe0, 0x0, 0x3f,
    0x68, 0x2f, 0x31, 0x16, 0xe0, 0x0, 0x7f, 0xe6,
    0x2f, 0x54, 0x48, 0xe0, 0x0, 0x97, 0x0, 0x2f,
    0xdc, 0xcd, 0xd0,

    /* U+95ED "闭" */
    0x25, 0x0, 0x0, 0x0, 0x0, 0x0, 0x4f, 0x61,
    0xff, 0xff, 0xff, 0xfe, 0x5, 0xb0, 0x33, 0x45,
    0x43, 0x8e, 0xa4, 0x0, 0x0, 0x4f, 0x10, 0x5e,
    0xe6, 0x23, 0x33, 0x7f, 0x43, 0x5e, 0xe6, 0xaf,
    0xff, 0xff, 0xfe, 0x5e, 0xe6, 0x0, 0x8, 0xff,
    0x10, 0x5e, 0xe6, 0x0, 0x6f, 0x9f, 0x10, 0x5e,
    0xe6, 0x8, 0xf6, 0x4f, 0x10, 0x5e, 0xe7, 0xde,
    0x40, 0x4f, 0x10, 0x5e, 0xe6, 0x51, 0x14, 0x8f,
    0x0, 0x5e, 0xe6, 0x0, 0x2f, 0xe9, 0x2, 0x8e,
    0xe6, 0x0, 0x0, 0x0, 0xe, 0xf8, 0x0, 0x0,
    0x0, 0x0, 0x0, 0x0,

    /* U+95EE "问" */
    0x34, 0x0, 0x0, 0x0, 0x0, 0x0, 0x5e, 0x30,
    0xff, 0xff, 0xff, 0xfe, 0x6, 0xc0, 0x33, 0x33,
    0x33, 0x8e, 0xa4, 0x0, 0x0, 0x0, 0x0, 0x6e,
    0xe5, 0x4, 0x44, 0x44, 0x10, 0x6e, 0xe5, 0xe,
    0xed, 0xdf, 0x50, 0x6e, 0xe5, 0xe, 0x40, 0xe,
    0x50, 0x6e, 0xe5, 0xe, 0x40, 0xe, 0x50, 0x6e,
    0xe5, 0xe, 0x74, 0x4f, 0x50, 0x6e, 0xe5, 0xe,
    0xee, 0xee, 0x50, 0x6e, 0xe5, 0xb, 0x30, 0x0,
    0x0, 0x6e, 0xe5, 0x0, 0x0, 0x0, 0x34, 0xae,
    0xe5, 0x0, 0x0, 0x0, 0x8f, 0xe7, 0x0, 0x0,
    0x0, 0x0, 0x0, 0x0,

    /* U+96F6 "零" */
    0x2, 0xff, 0xff, 0xff, 0xff, 0xff, 0x20, 0xd,
    0xdd, 0xdd, 0xfe, 0xdd, 0xdd, 0xd0, 0xf, 0x45,
    0x53, 0xe6, 0x55, 0x54, 0xf0, 0xa, 0x36, 0x63,
    0xe6, 0x66, 0x63, 0xa0, 0x0, 0x7c, 0xc7, 0xc6,
    0xcc, 0xc7, 0x0, 0x0, 0x0, 0x29, 0xfe, 0x40,
    0x0, 0x0, 0x3, 0x8c, 0xe8, 0x86, 0xcf, 0xb7,
    0x41, 0x4f, 0xb6, 0x11, 0xb8, 0x3, 0x7a, 0xe4,
    0x0, 0xae, 0xee, 0xee, 0xef, 0xf8, 0x0, 0x0,
    0x0, 0x52, 0x1, 0x8f, 0x80, 0x0, 0x0, 0x0,
    0x8d, 0xdf, 0xd2, 0x0, 0x0, 0x0, 0x0, 0x0,
    0x28, 0xec, 0x0, 0x0, 0x0, 0x0, 0x0, 0x0,
    0x2, 0x0, 0x0,

    /* U+9700 "需" */
    0x2, 0xff, 0xff, 0xff, 0xff, 0xff, 0x20, 0xd,
    0xdd, 0xdd, 0xfe, 0xdd, 0xdd, 0xd0, 0xf, 0x45,
    0x54, 0xba, 0x45, 0x55, 0xf0, 0xe, 0x49, 0x96,
    0xa9, 0x79, 0x94, 0xe0, 0x0, 0x6c, 0xc8, 0xa9,
    0x9c, 0xc7, 0x0, 0x0, 0x0, 0x0, 0x88, 0x0,
    0x0, 0x0, 0x1c, 0xcc, 0xcc, 0xcc, 0xcc, 0xcc,
    0xc2, 0x2, 0x33, 0x33, 0xe8, 0x33, 0x33, 0x20,
    0x1, 0xff, 0xff, 0xff, 0xff, 0xff, 0x60, 0x1,
    0xf2, 0xf, 0x20, 0xf3, 0xd, 0x60, 0x1, 0xf2,
    0xf, 0x20, 0xf3, 0x1e, 0x60, 0x1, 0xf2, 0xe,
    0x20, 0xe3, 0xee, 0x30, 0x0, 0x0, 0x0, 0x0,
    0x0, 0x0, 0x0,

    /* U+9759 "静" */
    0x0, 0x0, 0x0, 0x0, 0x0, 0x0, 0x0, 0x0,
    0xc, 0x60, 0x0, 0x98, 0x0, 0x0, 0x1d, 0xdf,
    0xed, 0xa1, 0xfd, 0xba, 0x0, 0x3, 0x3d, 0x83,
    0x2a, 0xb4, 0xcc, 0x0, 0xc, 0xff, 0xff, 0xcf,
    0x33, 0xf4, 0x10, 0x14, 0x4d, 0x94, 0x4b, 0xff,
    0xff, 0xe0, 0x38, 0x88, 0x88, 0x80, 0xf, 0x44,
    0xe0, 0x7, 0xdd, 0xdd, 0x7e, 0xef, 0xee, 0xfa,
    0x9, 0xa2, 0x2f, 0x43, 0x3f, 0x66, 0xf2, 0x9,
    0xff, 0xff, 0x33, 0x4f, 0x77, 0xe0, 0x9, 0x90,
    0xf, 0x3a, 0xef, 0xff, 0xe0, 0x9, 0xfe, 0xef,
    0x30, 0xf, 0x41, 0x50, 0x9, 0x90, 0xf, 0x31,
    0x3f, 0x40, 0x0, 0x9, 0x91, 0xfd, 0x16, 0xfd,
    0x10, 0x0, 0x0, 0x0, 0x0, 0x0, 0x0, 0x0,
    0x0,

    /* U+9762 "面" */
    0x1f, 0xff, 0xff, 0xff, 0xff, 0xff, 0xf6, 0x4,
    0x44, 0x44, 0xeb, 0x44, 0x44, 0x41, 0x1, 0x22,
    0x22, 0xf7, 0x22, 0x22, 0x10, 0x7, 0xff, 0xff,
    0xff, 0xff, 0xff, 0xc0, 0x7, 0xd1, 0x7c, 0x11,
    0xa9, 0x19, 0xc0, 0x7, 0xc0, 0x6f, 0xdd, 0xe9,
    0x9, 0xc0, 0x7, 0xc0, 0x6d, 0x33, 0xb9, 0x9,
    0xc0, 0x7, 0xc0, 0x6c, 0x11, 0xa9, 0x9, 0xc0,
    0x7, 0xc0, 0x6f, 0xff, 0xf9, 0x9, 0xc0, 0x7,
    0xc0, 0x6c, 0x0, 0x99, 0x9, 0xc0, 0x7, 0xff,
    0xff, 0xff, 0xff, 0xff, 0xc0, 0x7, 0xd4, 0x44,
    0x44, 0x44, 0x4b, 0xc0,

    /* U+97F3 "音" */
    0x0, 0x0, 0x0, 0x1, 0x0, 0x0, 0x0, 0x0,
    0x0, 0x0, 0xac, 0x0, 0x0, 0x0, 0x3, 0xdd,
    0xdd, 0xef, 0xdd, 0xdd, 0xa0, 0x1, 0x58, 0xd5,
    0x55, 0x5b, 0xc5, 0x40, 0x0, 0x2, 0xf4, 0x0,
    0xd, 0xb0, 0x0, 0x3, 0x33, 0xea, 0x33, 0x5f,
    0x73, 0x31, 0x1f, 0xff, 0xff, 0xff, 0xff, 0xff,
    0xf6, 0x0, 0x1, 0x11, 0x11, 0x11, 0x11, 0x0,
    0x0, 0x3f, 0xff, 0xff, 0xff, 0xfb, 0x0, 0x0,
    0x3f, 0x10, 0x0, 0x0, 0xab, 0x0, 0x0, 0x3f,
    0xff, 0xff, 0xff, 0xfb, 0x0, 0x0, 0x3f, 0x21,
    0x11, 0x11, 0xab, 0x0, 0x0, 0x3f, 0x43, 0x33,
    0x33, 0xbb, 0x0, 0x0, 0x3f, 0xee, 0xee, 0xee,
    0xfb, 0x0,

    /* U+987B "须" */
    0x0, 0x2, 0x0, 0x0, 0x0, 0x0, 0x0, 0x0,
    0x5f, 0x6d, 0xff, 0xff, 0xff, 0xf1, 0x9, 0xf6,
    0x3, 0x33, 0xea, 0x33, 0x30, 0x1a, 0x30, 0x3,
    0xff, 0xff, 0xff, 0x70, 0x0, 0x8, 0xa3, 0xf5,
    0x44, 0x4e, 0x70, 0x0, 0x8f, 0x43, 0xf1, 0x6b,
    0xe, 0x70, 0x1c, 0xe4, 0x3, 0xf1, 0x7d, 0xe,
    0x70, 0x19, 0x10, 0x3, 0xf1, 0x8d, 0xe, 0x70,
    0x0, 0x5, 0xe4, 0xf1, 0x8b, 0xe, 0x70, 0x0,
    0x2f, 0x82, 0xc1, 0xd8, 0xa, 0x50, 0x4, 0xec,
    0x0, 0x8, 0xf6, 0xe5, 0x0, 0x5f, 0xa0, 0x3,
    0xaf, 0x30, 0x6f, 0xa0, 0x5, 0x0, 0x1e, 0xa1,
    0x0, 0x2, 0xd2, 0x0, 0x0, 0x0, 0x0, 0x0,
    0x0, 0x0
};


/*---------------------
 *  GLYPH DESCRIPTION
 *--------------------*/

static const lv_font_fmt_txt_glyph_dsc_t glyph_dsc[] = {
    {.bitmap_index = 0, .adv_w = 0, .box_w = 0, .box_h = 0, .ofs_x = 0, .ofs_y = 0} /* id = 0 reserved */,
    {.bitmap_index = 0, .adv_w = 224, .box_w = 5, .box_h = 5, .ofs_x = 0, .ofs_y = -1},
    {.bitmap_index = 13, .adv_w = 224, .box_w = 14, .box_h = 3, .ofs_x = 0, .ofs_y = 4},
    {.bitmap_index = 34, .adv_w = 224, .box_w = 14, .box_h = 13, .ofs_x = 0, .ofs_y = -1},
    {.bitmap_index = 125, .adv_w = 224, .box_w = 14, .box_h = 12, .ofs_x = 0, .ofs_y = -1},
    {.bitmap_index = 209, .adv_w = 224, .box_w = 12, .box_h = 13, .ofs_x = 1, .ofs_y = -1},
    {.bitmap_index = 287, .adv_w = 224, .box_w = 13, .box_h = 14, .ofs_x = 0, .ofs_y = -2},
    {.bitmap_index = 378, .adv_w = 224, .box_w = 14, .box_h = 14, .ofs_x = 0, .ofs_y = -2},
    {.bitmap_index = 476, .adv_w = 224, .box_w = 14, .box_h = 10, .ofs_x = 0, .ofs_y = 0},
    {.bitmap_index = 546, .adv_w = 224, .box_w = 14, .box_h = 15, .ofs_x = 0, .ofs_y = -2},
    {.bitmap_index = 651, .adv_w = 224, .box_w = 14, .box_h = 14, .ofs_x = 0, .ofs_y = -1},
    {.bitmap_index = 749, .adv_w = 224, .box_w = 14, .box_h = 14, .ofs_x = 0, .ofs_y = -1},
    {.bitmap_index = 847, .adv_w = 224, .box_w = 14, .box_h = 13, .ofs_x = 0, .ofs_y = -1},
    {.bitmap_index = 938, .adv_w = 224, .box_w = 14, .box_h = 13, .ofs_x = 0, .ofs_y = -1},
    {.bitmap_index = 1029, .adv_w = 224, .box_w = 14, .box_h = 13, .ofs_x = 0, .ofs_y = -1},
    {.bitmap_index = 1120, .adv_w = 224, .box_w = 14, .box_h = 14, .ofs_x = 0, .ofs_y = -2},
    {.bitmap_index = 1218, .adv_w = 224, .box_w = 14, .box_h = 13, .ofs_x = 0, .ofs_y = -1},
    {.bitmap_index = 1309, .adv_w = 224, .box_w = 14, .box_h = 14, .ofs_x = 0, .ofs_y = -2},
    {.bitmap_index = 1407, .adv_w = 224, .box_w = 14, .box_h = 14, .ofs_x = 0, .ofs_y = -2},
    {.bitmap_index = 1505, .adv_w = 224, .box_w = 14, .box_h = 14, .ofs_x = 0, .ofs_y = -1},
    {.bitmap_index = 1603, .adv_w = 224, .box_w = 14, .box_h = 14, .ofs_x = 0, .ofs_y = -2},
    {.bitmap_index = 1701, .adv_w = 224, .box_w = 14, .box_h = 13, .ofs_x = 0, .ofs_y = -1},
    {.bitmap_index = 1792, .adv_w = 224, .box_w = 12, .box_h = 13, .ofs_x = 1, .ofs_y = -1},
    {.bitmap_index = 1870, .adv_w = 224, .box_w = 14, .box_h = 14, .ofs_x = 0, .ofs_y = -2},
    {.bitmap_index = 1968, .adv_w = 224, .box_w = 13, .box_h = 14, .ofs_x = 0, .ofs_y = -2},
    {.bitmap_index = 2059, .adv_w = 224, .box_w = 14, .box_h = 14, .ofs_x = 0, .ofs_y = -2},
    {.bitmap_index = 2157, .adv_w = 224, .box_w = 14, .box_h = 14, .ofs_x = 0, .ofs_y = -2},
    {.bitmap_index = 2255, .adv_w = 224, .box_w = 14, .box_h = 13, .ofs_x = 0, .ofs_y = -1},
    {.bitmap_index = 2346, .adv_w = 224, .box_w = 14, .box_h = 12, .ofs_x = 0, .ofs_y = -1},
    {.bitmap_index = 2430, .adv_w = 224, .box_w = 14, .box_h = 14, .ofs_x = 0, .ofs_y = -2},
    {.bitmap_index = 2528, .adv_w = 224, .box_w = 14, .box_h = 15, .ofs_x = 0, .ofs_y = -2},
    {.bitmap_index = 2633, .adv_w = 224, .box_w = 14, .box_h = 13, .ofs_x = 0, .ofs_y = -2},
    {.bitmap_index = 2724, .adv_w = 224, .box_w = 14, .box_h = 13, .ofs_x = 0, .ofs_y = -2},
    {.bitmap_index = 2815, .adv_w = 224, .box_w = 14, .box_h = 13, .ofs_x = 0, .ofs_y = -1},
    {.bitmap_index = 2906, .adv_w = 224, .box_w = 12, .box_h = 12, .ofs_x = 1, .ofs_y = -1},
    {.bitmap_index = 2978, .adv_w = 224, .box_w = 14, .box_h = 14, .ofs_x = 0, .ofs_y = -2},
    {.bitmap_index = 3076, .adv_w = 224, .box_w = 14, .box_h = 12, .ofs_x = 0, .ofs_y = -1},
    {.bitmap_index = 3160, .adv_w = 224, .box_w = 13, .box_h = 14, .ofs_x = 0, .ofs_y = -2},
    {.bitmap_index = 3251, .adv_w = 224, .box_w = 13, .box_h = 13, .ofs_x = 0, .ofs_y = -1},
    {.bitmap_index = 3336, .adv_w = 224, .box_w = 12, .box_h = 12, .ofs_x = 1, .ofs_y = -1},
    {.bitmap_index = 3408, .adv_w = 224, .box_w = 14, .box_h = 12, .ofs_x = 0, .ofs_y = -1},
    {.bitmap_index = 3492, .adv_w = 224, .box_w = 12, .box_h = 12, .ofs_x = 1, .ofs_y = -1},
    {.bitmap_index = 3564, .adv_w = 224, .box_w = 14, .box_h = 14, .ofs_x = 0, .ofs_y = -1},
    {.bitmap_index = 3662, .adv_w = 224, .box_w = 14, .box_h = 14, .ofs_x = 0, .ofs_y = -1},
    {.bitmap_index = 3760, .adv_w = 224, .box_w = 14, .box_h = 14, .ofs_x = 0, .ofs_y = -2},
    {.bitmap_index = 3858, .adv_w = 224, .box_w = 14, .box_h = 14, .ofs_x = 0, .ofs_y = -1},
    {.bitmap_index = 3956, .adv_w = 224, .box_w = 14, .box_h = 13, .ofs_x = 0, .ofs_y = -1},
    {.bitmap_index = 4047, .adv_w = 224, .box_w = 14, .box_h = 14, .ofs_x = 0, .ofs_y = -2},
    {.bitmap_index = 4145, .adv_w = 224, .box_w = 14, .box_h = 14, .ofs_x = 0, .ofs_y = -2},
    {.bitmap_index = 4243, .adv_w = 224, .box_w = 14, .box_h = 14, .ofs_x = 0, .ofs_y = -2},
    {.bitmap_index = 4341, .adv_w = 224, .box_w = 14, .box_h = 13, .ofs_x = 0, .ofs_y = -1},
    {.bitmap_index = 4432, .adv_w = 224, .box_w = 14, .box_h = 14, .ofs_x = 0, .ofs_y = -1},
    {.bitmap_index = 4530, .adv_w = 224, .box_w = 14, .box_h = 14, .ofs_x = 0, .ofs_y = -2},
    {.bitmap_index = 4628, .adv_w = 224, .box_w = 14, .box_h = 15, .ofs_x = 0, .ofs_y = -2},
    {.bitmap_index = 4733, .adv_w = 224, .box_w = 13, .box_h = 13, .ofs_x = 0, .ofs_y = -2},
    {.bitmap_index = 4818, .adv_w = 224, .box_w = 14, .box_h = 13, .ofs_x = 0, .ofs_y = -2},
    {.bitmap_index = 4909, .adv_w = 224, .box_w = 14, .box_h = 13, .ofs_x = 0, .ofs_y = -1},
    {.bitmap_index = 5000, .adv_w = 224, .box_w = 13, .box_h = 12, .ofs_x = 1, .ofs_y = -1},
    {.bitmap_index = 5078, .adv_w = 224, .box_w = 13, .box_h = 13, .ofs_x = 1, .ofs_y = -1},
    {.bitmap_index = 5163, .adv_w = 224, .box_w = 14, .box_h = 13, .ofs_x = 0, .ofs_y = -1},
    {.bitmap_index = 5254, .adv_w = 224, .box_w = 14, .box_h = 14, .ofs_x = 0, .ofs_y = -2},
    {.bitmap_index = 5352, .adv_w = 224, .box_w = 14, .box_h = 14, .ofs_x = 0, .ofs_y = -2},
    {.bitmap_index = 5450, .adv_w = 224, .box_w = 12, .box_h = 14, .ofs_x = 1, .ofs_y = -2},
    {.bitmap_index = 5534, .adv_w = 224, .box_w = 14, .box_h = 13, .ofs_x = 0, .ofs_y = -1},
    {.bitmap_index = 5625, .adv_w = 224, .box_w = 14, .box_h = 14, .ofs_x = 0, .ofs_y = -2},
    {.bitmap_index = 5723, .adv_w = 224, .box_w = 14, .box_h = 13, .ofs_x = 0, .ofs_y = -1},
    {.bitmap_index = 5814, .adv_w = 224, .box_w = 14, .box_h = 15, .ofs_x = 0, .ofs_y = -2},
    {.bitmap_index = 5919, .adv_w = 224, .box_w = 14, .box_h = 15, .ofs_x = 0, .ofs_y = -2},
    {.bitmap_index = 6024, .adv_w = 224, .box_w = 12, .box_h = 15, .ofs_x = 0, .ofs_y = -2},
    {.bitmap_index = 6114, .adv_w = 224, .box_w = 14, .box_h = 14, .ofs_x = 0, .ofs_y = -2},
    {.bitmap_index = 6212, .adv_w = 224, .box_w = 14, .box_h = 13, .ofs_x = 0, .ofs_y = -1},
    {.bitmap_index = 6303, .adv_w = 224, .box_w = 13, .box_h = 14, .ofs_x = 0, .ofs_y = -2},
    {.bitmap_index = 6394, .adv_w = 224, .box_w = 14, .box_h = 14, .ofs_x = 0, .ofs_y = -2},
    {.bitmap_index = 6492, .adv_w = 224, .box_w = 14, .box_h = 14, .ofs_x = 0, .ofs_y = -2},
    {.bitmap_index = 6590, .adv_w = 224, .box_w = 14, .box_h = 13, .ofs_x = 0, .ofs_y = -1},
    {.bitmap_index = 6681, .adv_w = 224, .box_w = 14, .box_h = 15, .ofs_x = 0, .ofs_y = -2},
    {.bitmap_index = 6786, .adv_w = 224, .box_w = 14, .box_h = 14, .ofs_x = 0, .ofs_y = -2},
    {.bitmap_index = 6884, .adv_w = 224, .box_w = 14, .box_h = 13, .ofs_x = 0, .ofs_y = -1},
    {.bitmap_index = 6975, .adv_w = 224, .box_w = 14, .box_h = 15, .ofs_x = 0, .ofs_y = -2},
    {.bitmap_index = 7080, .adv_w = 224, .box_w = 14, .box_h = 13, .ofs_x = 0, .ofs_y = -1},
    {.bitmap_index = 7171, .adv_w = 224, .box_w = 14, .box_h = 14, .ofs_x = 0, .ofs_y = -2},
    {.bitmap_index = 7269, .adv_w = 224, .box_w = 14, .box_h = 14, .ofs_x = 0, .ofs_y = -2},
    {.bitmap_index = 7367, .adv_w = 224, .box_w = 14, .box_h = 14, .ofs_x = 0, .ofs_y = -2},
    {.bitmap_index = 7465, .adv_w = 224, .box_w = 14, .box_h = 14, .ofs_x = 0, .ofs_y = -2},
    {.bitmap_index = 7563, .adv_w = 224, .box_w = 14, .box_h = 15, .ofs_x = 0, .ofs_y = -2},
    {.bitmap_index = 7668, .adv_w = 224, .box_w = 13, .box_h = 15, .ofs_x = 1, .ofs_y = -2},
    {.bitmap_index = 7766, .adv_w = 224, .box_w = 14, .box_h = 13, .ofs_x = 0, .ofs_y = -1},
    {.bitmap_index = 7857, .adv_w = 224, .box_w = 14, .box_h = 13, .ofs_x = 0, .ofs_y = -2},
    {.bitmap_index = 7948, .adv_w = 224, .box_w = 13, .box_h = 14, .ofs_x = 1, .ofs_y = -2},
    {.bitmap_index = 8039, .adv_w = 224, .box_w = 14, .box_h = 13, .ofs_x = 0, .ofs_y = -2},
    {.bitmap_index = 8130, .adv_w = 224, .box_w = 14, .box_h = 13, .ofs_x = 0, .ofs_y = -2},
    {.bitmap_index = 8221, .adv_w = 224, .box_w = 14, .box_h = 12, .ofs_x = 0, .ofs_y = -1},
    {.bitmap_index = 8305, .adv_w = 224, .box_w = 14, .box_h = 13, .ofs_x = 0, .ofs_y = -1},
    {.bitmap_index = 8396, .adv_w = 224, .box_w = 14, .box_h = 14, .ofs_x = 0, .ofs_y = -2},
    {.bitmap_index = 8494, .adv_w = 224, .box_w = 14, .box_h = 13, .ofs_x = 0, .ofs_y = -1},
    {.bitmap_index = 8585, .adv_w = 224, .box_w = 14, .box_h = 13, .ofs_x = 0, .ofs_y = -1},
    {.bitmap_index = 8676, .adv_w = 224, .box_w = 14, .box_h = 13, .ofs_x = 0, .ofs_y = -1},
    {.bitmap_index = 8767, .adv_w = 224, .box_w = 14, .box_h = 14, .ofs_x = 0, .ofs_y = -1},
    {.bitmap_index = 8865, .adv_w = 224, .box_w = 14, .box_h = 13, .ofs_x = 0, .ofs_y = -1},
    {.bitmap_index = 8956, .adv_w = 224, .box_w = 14, .box_h = 13, .ofs_x = 0, .ofs_y = -1},
    {.bitmap_index = 9047, .adv_w = 224, .box_w = 14, .box_h = 15, .ofs_x = 0, .ofs_y = -2},
    {.bitmap_index = 9152, .adv_w = 224, .box_w = 14, .box_h = 15, .ofs_x = 0, .ofs_y = -2},
    {.bitmap_index = 9257, .adv_w = 224, .box_w = 14, .box_h = 14, .ofs_x = 0, .ofs_y = -1},
    {.bitmap_index = 9355, .adv_w = 224, .box_w = 14, .box_h = 13, .ofs_x = 0, .ofs_y = -1},
    {.bitmap_index = 9446, .adv_w = 224, .box_w = 14, .box_h = 13, .ofs_x = 0, .ofs_y = -1},
    {.bitmap_index = 9537, .adv_w = 224, .box_w = 13, .box_h = 15, .ofs_x = 0, .ofs_y = -2},
    {.bitmap_index = 9635, .adv_w = 224, .box_w = 13, .box_h = 13, .ofs_x = 0, .ofs_y = -1},
    {.bitmap_index = 9720, .adv_w = 224, .box_w = 14, .box_h = 13, .ofs_x = 0, .ofs_y = -1},
    {.bitmap_index = 9811, .adv_w = 224, .box_w = 14, .box_h = 14, .ofs_x = 0, .ofs_y = -2},
    {.bitmap_index = 9909, .adv_w = 224, .box_w = 14, .box_h = 15, .ofs_x = 0, .ofs_y = -2},
    {.bitmap_index = 10014, .adv_w = 224, .box_w = 14, .box_h = 14, .ofs_x = 0, .ofs_y = -2},
    {.bitmap_index = 10112, .adv_w = 224, .box_w = 14, .box_h = 13, .ofs_x = 0, .ofs_y = -2},
    {.bitmap_index = 10203, .adv_w = 224, .box_w = 13, .box_h = 13, .ofs_x = 0, .ofs_y = -2},
    {.bitmap_index = 10288, .adv_w = 224, .box_w = 13, .box_h = 13, .ofs_x = 1, .ofs_y = -1},
    {.bitmap_index = 10373, .adv_w = 224, .box_w = 12, .box_h = 12, .ofs_x = 1, .ofs_y = -1},
    {.bitmap_index = 10445, .adv_w = 224, .box_w = 14, .box_h = 13, .ofs_x = 0, .ofs_y = -1},
    {.bitmap_index = 10536, .adv_w = 224, .box_w = 14, .box_h = 14, .ofs_x = 0, .ofs_y = -2},
    {.bitmap_index = 10634, .adv_w = 224, .box_w = 14, .box_h = 14, .ofs_x = 0, .ofs_y = -1},
    {.bitmap_index = 10732, .adv_w = 224, .box_w = 14, .box_h = 14, .ofs_x = 0, .ofs_y = -2},
    {.bitmap_index = 10830, .adv_w = 224, .box_w = 14, .box_h = 14, .ofs_x = 0, .ofs_y = -2},
    {.bitmap_index = 10928, .adv_w = 224, .box_w = 14, .box_h = 14, .ofs_x = 0, .ofs_y = -2},
    {.bitmap_index = 11026, .adv_w = 224, .box_w = 14, .box_h = 13, .ofs_x = 0, .ofs_y = -2},
    {.bitmap_index = 11117, .adv_w = 224, .box_w = 14, .box_h = 14, .ofs_x = 0, .ofs_y = -2},
    {.bitmap_index = 11215, .adv_w = 224, .box_w = 14, .box_h = 13, .ofs_x = 0, .ofs_y = -1},
    {.bitmap_index = 11306, .adv_w = 224, .box_w = 14, .box_h = 13, .ofs_x = 0, .ofs_y = -1},
    {.bitmap_index = 11397, .adv_w = 224, .box_w = 14, .box_h = 13, .ofs_x = 0, .ofs_y = -1},
    {.bitmap_index = 11488, .adv_w = 224, .box_w = 14, .box_h = 14, .ofs_x = 0, .ofs_y = -2},
    {.bitmap_index = 11586, .adv_w = 224, .box_w = 14, .box_h = 13, .ofs_x = 0, .ofs_y = -1},
    {.bitmap_index = 11677, .adv_w = 224, .box_w = 14, .box_h = 15, .ofs_x = 0, .ofs_y = -2},
    {.bitmap_index = 11782, .adv_w = 224, .box_w = 14, .box_h = 14, .ofs_x = 0, .ofs_y = -2},
    {.bitmap_index = 11880, .adv_w = 224, .box_w = 14, .box_h = 13, .ofs_x = 0, .ofs_y = -1},
    {.bitmap_index = 11971, .adv_w = 224, .box_w = 14, .box_h = 13, .ofs_x = 0, .ofs_y = -1},
    {.bitmap_index = 12062, .adv_w = 224, .box_w = 13, .box_h = 14, .ofs_x = 0, .ofs_y = -2},
    {.bitmap_index = 12153, .adv_w = 224, .box_w = 14, .box_h = 14, .ofs_x = 0, .ofs_y = -1},
    {.bitmap_index = 12251, .adv_w = 224, .box_w = 14, .box_h = 13, .ofs_x = 0, .ofs_y = -1},
    {.bitmap_index = 12342, .adv_w = 224, .box_w = 14, .box_h = 13, .ofs_x = 0, .ofs_y = -1},
    {.bitmap_index = 12433, .adv_w = 224, .box_w = 14, .box_h = 13, .ofs_x = 0, .ofs_y = -1},
    {.bitmap_index = 12524, .adv_w = 224, .box_w = 14, .box_h = 13, .ofs_x = 0, .ofs_y = -1},
    {.bitmap_index = 12615, .adv_w = 224, .box_w = 12, .box_h = 12, .ofs_x = 1, .ofs_y = -1},
    {.bitmap_index = 12687, .adv_w = 224, .box_w = 14, .box_h = 12, .ofs_x = 0, .ofs_y = -1},
    {.bitmap_index = 12771, .adv_w = 224, .box_w = 14, .box_h = 13, .ofs_x = 0, .ofs_y = -1},
    {.bitmap_index = 12862, .adv_w = 224, .box_w = 10, .box_h = 13, .ofs_x = 2, .ofs_y = -1},
    {.bitmap_index = 12927, .adv_w = 224, .box_w = 14, .box_h = 14, .ofs_x = 0, .ofs_y = -2},
    {.bitmap_index = 13025, .adv_w = 224, .box_w = 14, .box_h = 13, .ofs_x = 0, .ofs_y = -2},
    {.bitmap_index = 13116, .adv_w = 224, .box_w = 14, .box_h = 14, .ofs_x = 0, .ofs_y = -1},
    {.bitmap_index = 13214, .adv_w = 224, .box_w = 14, .box_h = 14, .ofs_x = 0, .ofs_y = -2},
    {.bitmap_index = 13312, .adv_w = 224, .box_w = 14, .box_h = 13, .ofs_x = 0, .ofs_y = -1},
    {.bitmap_index = 13403, .adv_w = 224, .box_w = 14, .box_h = 14, .ofs_x = 0, .ofs_y = -2},
    {.bitmap_index = 13501, .adv_w = 224, .box_w = 14, .box_h = 14, .ofs_x = 0, .ofs_y = -2},
    {.bitmap_index = 13599, .adv_w = 224, .box_w = 14, .box_h = 14, .ofs_x = 0, .ofs_y = -2},
    {.bitmap_index = 13697, .adv_w = 224, .box_w = 14, .box_h = 13, .ofs_x = 0, .ofs_y = -1},
    {.bitmap_index = 13788, .adv_w = 224, .box_w = 14, .box_h = 13, .ofs_x = 0, .ofs_y = -1},
    {.bitmap_index = 13879, .adv_w = 224, .box_w = 14, .box_h = 14, .ofs_x = 0, .ofs_y = -2},
    {.bitmap_index = 13977, .adv_w = 224, .box_w = 14, .box_h = 14, .ofs_x = 0, .ofs_y = -2},
    {.bitmap_index = 14075, .adv_w = 224, .box_w = 14, .box_h = 14, .ofs_x = 0, .ofs_y = -2},
    {.bitmap_index = 14173, .adv_w = 224, .box_w = 14, .box_h = 14, .ofs_x = 0, .ofs_y = -2},
    {.bitmap_index = 14271, .adv_w = 224, .box_w = 14, .box_h = 14, .ofs_x = 0, .ofs_y = -2},
    {.bitmap_index = 14369, .adv_w = 224, .box_w = 14, .box_h = 14, .ofs_x = 0, .ofs_y = -2},
    {.bitmap_index = 14467, .adv_w = 224, .box_w = 14, .box_h = 15, .ofs_x = 0, .ofs_y = -2},
    {.bitmap_index = 14572, .adv_w = 224, .box_w = 14, .box_h = 14, .ofs_x = 0, .ofs_y = -2},
    {.bitmap_index = 14670, .adv_w = 224, .box_w = 14, .box_h = 14, .ofs_x = 0, .ofs_y = -2},
    {.bitmap_index = 14768, .adv_w = 224, .box_w = 14, .box_h = 14, .ofs_x = 0, .ofs_y = -2},
    {.bitmap_index = 14866, .adv_w = 224, .box_w = 13, .box_h = 13, .ofs_x = 1, .ofs_y = -1},
    {.bitmap_index = 14951, .adv_w = 224, .box_w = 14, .box_h = 13, .ofs_x = 0, .ofs_y = -1},
    {.bitmap_index = 15042, .adv_w = 224, .box_w = 14, .box_h = 12, .ofs_x = 0, .ofs_y = -1},
    {.bitmap_index = 15126, .adv_w = 224, .box_w = 14, .box_h = 13, .ofs_x = 0, .ofs_y = -1},
    {.bitmap_index = 15217, .adv_w = 224, .box_w = 14, .box_h = 13, .ofs_x = 0, .ofs_y = -1},
    {.bitmap_index = 15308, .adv_w = 224, .box_w = 12, .box_h = 14, .ofs_x = 1, .ofs_y = -2},
    {.bitmap_index = 15392, .adv_w = 224, .box_w = 12, .box_h = 14, .ofs_x = 1, .ofs_y = -2},
    {.bitmap_index = 15476, .adv_w = 224, .box_w = 14, .box_h = 13, .ofs_x = 0, .ofs_y = -2},
    {.bitmap_index = 15567, .adv_w = 224, .box_w = 14, .box_h = 13, .ofs_x = 0, .ofs_y = -2},
    {.bitmap_index = 15658, .adv_w = 224, .box_w = 14, .box_h = 15, .ofs_x = 0, .ofs_y = -2},
    {.bitmap_index = 15763, .adv_w = 224, .box_w = 14, .box_h = 12, .ofs_x = 0, .ofs_y = -1},
    {.bitmap_index = 15847, .adv_w = 224, .box_w = 14, .box_h = 14, .ofs_x = 0, .ofs_y = -1},
    {.bitmap_index = 15945, .adv_w = 224, .box_w = 14, .box_h = 14, .ofs_x = 0, .ofs_y = -2}
};

/*---------------------
 *  CHARACTER MAPPING
 *--------------------*/

static const uint16_t unicode_list_0[] = {
    0x0, 0x1dfe, 0x1e08, 0x1e09, 0x1e2b, 0x1e38, 0x1e47, 0x1e8a,
    0x1eac, 0x1ef4, 0x1f0f, 0x1f5a, 0x1fdb, 0x2017, 0x205a, 0x20a6,
    0x2146, 0x2149, 0x2166, 0x2171, 0x21c4, 0x21f8, 0x2204, 0x222e,
    0x229d, 0x22fd, 0x235f, 0x239d, 0x23b9, 0x23cf, 0x23d4, 0x23ed,
    0x23f1, 0x240a, 0x240c, 0x2424, 0x242d, 0x248a, 0x24bf, 0x2666,
    0x26dc, 0x2726, 0x27dd, 0x292f, 0x29c9, 0x2b56, 0x2b87, 0x2b8a,
    0x2b98, 0x2b9c, 0x2bc4, 0x2bf7, 0x2c2f, 0x2c3e, 0x2c4d, 0x2de4,
    0x2df0, 0x2e36, 0x2e53, 0x2e92, 0x2ef4, 0x2f50, 0x2f53, 0x2f83,
    0x2fc3, 0x320e, 0x3214, 0x3235, 0x323e, 0x3249, 0x3269, 0x327c,
    0x32d0, 0x32e7, 0x3307, 0x33a3, 0x33cd, 0x341a, 0x34cb, 0x353c,
    0x3546, 0x356e, 0x3585, 0x3597, 0x35ab, 0x35ae, 0x35de, 0x35f4,
    0x362d, 0x36f2, 0x36fe, 0x3707, 0x371d, 0x3728, 0x372a, 0x3738,
    0x374e, 0x37e3, 0x3805, 0x381f, 0x3836, 0x38be, 0x3b60, 0x3b63,
    0x3d49, 0x3d86, 0x3e03, 0x4246, 0x424a, 0x4267, 0x43ae, 0x4526,
    0x4533, 0x4539, 0x4679, 0x46ac, 0x46d6, 0x471e, 0x47ff, 0x481b,
    0x486a, 0x486c, 0x49e2, 0x49ee, 0x4a0b, 0x4a31, 0x4a78, 0x4b47,
    0x4baf, 0x4cf9, 0x4d20, 0x4ea4, 0x4ecf, 0x4eda, 0x4edb, 0x4ee8,
    0x4ef2, 0x4f4f, 0x4f6c, 0x5015, 0x51e8, 0x58c3, 0x597f, 0x59fe,
    0x5ba2, 0x5bbc, 0x5bbd, 0x5bd3, 0x5beb, 0x5bed, 0x5bf5, 0x5bf9,
    0x5d23, 0x5d24, 0x5d6e, 0x5fc5, 0x5fd2, 0x5fdc, 0x5ffe, 0x5fff,
    0x6007, 0x60ac, 0x61cb, 0x61cd, 0x649d, 0x6517, 0x65eb, 0x65ec,
    0x66f4, 0x66fe, 0x6757, 0x6760, 0x67f1, 0x6879
};

/*Collect the unicode lists and glyph_id offsets*/
static const lv_font_fmt_txt_cmap_t cmaps[] =
{
    {
        .range_start = 12290, .range_length = 26746, .glyph_id_start = 1,
        .unicode_list = unicode_list_0, .glyph_id_ofs_list = NULL, .list_length = 174, .type = LV_FONT_FMT_TXT_CMAP_SPARSE_TINY
    }
};



/*--------------------
 *  ALL CUSTOM DATA
 *--------------------*/

#if LVGL_VERSION_MAJOR == 8
/*Store all the custom data of the font*/
static  lv_font_fmt_txt_glyph_cache_t cache;
#endif

#if LVGL_VERSION_MAJOR >= 8
static const lv_font_fmt_txt_dsc_t font_dsc = {
#else
static lv_font_fmt_txt_dsc_t font_dsc = {
#endif
    .glyph_bitmap = glyph_bitmap,
    .glyph_dsc = glyph_dsc,
    .cmaps = cmaps,
    .kern_dsc = NULL,
    .kern_scale = 0,
    .cmap_num = 1,
    .bpp = 4,
    .kern_classes = 0,
    .bitmap_format = 0,
#if LVGL_VERSION_MAJOR == 8
    .cache = &cache
#endif
};



/*-----------------
 *  PUBLIC FONT
 *----------------*/

/*Initialize a public general font descriptor*/
#if LVGL_VERSION_MAJOR >= 8
const lv_font_t font_cjk_14 = {
#else
lv_font_t font_cjk_14 = {
#endif
    .get_glyph_dsc = lv_font_get_glyph_dsc_fmt_txt,    /*Function pointer to get glyph's data*/
    .get_glyph_bitmap = lv_font_get_bitmap_fmt_txt,    /*Function pointer to get glyph's bitmap*/
    .line_height = 15,          /*The maximum line height required by the font*/
    .base_line = 2,             /*Baseline measured from the bottom of the line*/
#if !(LVGL_VERSION_MAJOR == 6 && LVGL_VERSION_MINOR == 0)
    .subpx = LV_FONT_SUBPX_NONE,
#endif
#if LV_VERSION_CHECK(7, 4, 0) || LVGL_VERSION_MAJOR >= 8
    .underline_position = -2,
    .underline_thickness = 1,
#endif
    .dsc = &font_dsc,          /*The custom font data. Will be accessed by `get_glyph_bitmap/dsc` */
#if LV_VERSION_CHECK(8, 2, 0) || LVGL_VERSION_MAJOR >= 9
    .fallback = NULL,
#endif
    .user_data = NULL,
};



#endif /*#if FONT_CJK_14*/

