#pragma once
// Auto-generated from "Logo Tiger Scale.png" -- RGB565, row-major, 150x150
#define TIGERTAG_LOGO_W 150
#define TIGERTAG_LOGO_H 150
static const uint16_t gTigerTagLogo[22500] = {
0x0000,0x0000,0x0000,0x0000,0x0000,0x0000,0x0000,0x0000,0x0000,0x0000,0x0000,0x0000,0x0000,0x0000,0x0000,0x0000,
0x0000,0x0000,0x0000,0x0000,0x0000,0x0000,0x0000,0x0000,0x0000,0x0000,0x0000,0x0000,0x0000,0x0000,0x0000,0x0000,
0x0000,0x0000,0x0000,0x0000,0x0000,0x0000,0x0000,0x0000,0x0000,0x0000,0x0000,0x0000,0x0000,0x0000,0x0000,0x0000,
0x0000,0x0000,0x0000,0x0000,0x0000,0x0000,0x0000,0x0000,0x0000,0x0000,0x0000,0x0000,0x0000,0x0000,0x0000,0x0000,
0x0000,0x0000,0x0000,0x0000,0x0000,0x0000,0x0000,0x0000,0x0000,0x0000,0x0000,0x0000,0x0000,0x0000,0x0000,0x0000,
0x0000,0x0000,0x0000,0x0000,0x0000,0x0000,0x0000,0x0000,0x0000,0x0000,0x0000,0x0000,0x0000,0x0000,0x0000,0x0000,
0x0000,0x0000,0x0000,0x0000,0x0000,0x0000,0x0000,0x0000,0x0000,0x0000,0x0000,0x0000,0x0000,0x0000,0x0000,0x0000,
0x0000,0x0000,0x0000,0x0000,0x0000,0x0000,0x0000,0x0000,0x0000,0x0000,0x0000,0x0000,0x0000,0x0000,0x0000,0x0000,
0x0000,0x0000,0x0000,0x0000,0x0000,0x0000,0x0000,0x0000,0x0000,0x0000,0x0000,0x0000,0x0000,0x0000,0x0000,0x0000,
0x0000,0x0000,0x0000,0x0000,0x0000,0x0000,0x0000,0x0000,0x0000,0x0000,0x0000,0x0000,0x0000,0x0000,0x0000,0x0000,
0x0000,0x0000,0x0000,0x0000,0x0000,0x0000,0x0000,0x0000,0x0000,0x0000,0x0000,0x0000,0x0000,0x0000,0x0000,0x0000,
0x0000,0x0000,0x0000,0x0000,0x0000,0x0000,0x0000,0x0000,0x0000,0x0000,0x0000,0x0000,0x0000,0x0000,0x0000,0x0000,
0x0000,0x0000,0x0000,0x0000,0x0000,0x0000,0x0000,0x0000,0x0000,0x0000,0x0000,0x0000,0x0000,0x0000,0x0000,0x0000,
0x0000,0x0000,0x0000,0x0000,0x0000,0x0000,0x0000,0x0000,0x0000,0x0000,0x0000,0x0000,0x0000,0x0000,0x0000,0x0000,
0x0000,0x0000,0x0000,0x0000,0x0000,0x0000,0x0000,0x0000,0x0000,0x0000,0x0000,0x0000,0x0000,0x0000,0x0000,0x0000,
0x0000,0x0000,0x0000,0x0000,0x0000,0x0000,0x0000,0x0000,0x0000,0x0000,0x0000,0x0000,0x0000,0x0000,0x0000,0x0000,
0x0000,0x0000,0x0000,0x0000,0x0000,0x0000,0x0000,0x0000,0x0000,0x0000,0x0000,0x0000,0x0000,0x0000,0x0000,0x0000,
0x0000,0x0000,0x0000,0x0000,0x0000,0x0000,0x0000,0x0000,0x0000,0x0000,0x0000,0x0000,0x0000,0x0000,0x0000,0x0000,
0x0000,0x0000,0x0000,0x0000,0x0000,0x0000,0x0000,0x0000,0x0000,0x0000,0x0000,0x0000,0x0000,0x0000,0x0000,0x0000,
0x0000,0x0000,0x0000,0x0000,0x0000,0x0000,0x0000,0x0000,0x0000,0x0000,0x0000,0x0000,0x0000,0x0000,0x0000,0x0000,
0x0000,0x0000,0x0000,0x0000,0x0000,0x0000,0x0000,0x0000,0x0000,0x0000,0x0000,0x0000,0x0000,0x0000,0x0000,0x0000,
0x0000,0x0000,0x0000,0x0000,0x0000,0x0000,0x0000,0x0000,0x0000,0x0000,0x0000,0x0000,0x0000,0x0000,0x0000,0x0000,
0x0000,0x0000,0x0000,0x0000,0x0000,0x0000,0x0000,0x0000,0x0000,0x0000,0x0000,0x0000,0x0000,0x0000,0x0000,0x0000,
0x0000,0x0000,0x0000,0x0000,0x0000,0x0000,0x0000,0x0000,0x0000,0x0000,0x0000,0x0000,0x0000,0x0000,0x0000,0x0000,
0x0000,0x0000,0x0000,0x0000,0x0000,0x0000,0x0000,0x0000,0x0000,0x0000,0x0000,0x0000,0x0000,0x0000,0x0000,0x0000,
0x0000,0x0000,0x0000,0x0000,0x0000,0x0000,0x0000,0x0000,0x0000,0x0000,0x0000,0x0000,0x0000,0x0000,0x0000,0x0000,
0x0000,0x0000,0x0000,0x0000,0x0000,0x0000,0x0000,0x0000,0x0000,0x0000,0x0000,0x0000,0x0000,0x0000,0x0000,0x0000,
0x0000,0x0000,0x0000,0x0000,0x0000,0x0000,0x0000,0x0000,0x0000,0x0000,0x0000,0x0000,0x0000,0x0000,0x0000,0x0000,
0x0000,0x0000,0x0000,0x0000,0x0000,0x0000,0x0000,0x0000,0x0000,0x0000,0x0000,0x0000,0x0000,0x0000,0x0000,0x0000,
0x0000,0x0000,0x0000,0x0000,0x0000,0x0000,0x0000,0x0000,0x0000,0x0000,0x0000,0x0000,0x0000,0x0000,0x0000,0x0000,
0x0000,0x0000,0x0000,0x0000,0x0000,0x0000,0x0000,0x0000,0x0000,0x0000,0x0000,0x0000,0x0000,0x0000,0x0000,0x0000,
0x0000,0x0000,0x0000,0x0000,0x0000,0x0000,0x0000,0x0000,0x0000,0x0000,0x0000,0x0000,0x0000,0x0000,0x0000,0x0000,
0x0000,0x0000,0x0000,0x0000,0x0000,0x0000,0x0000,0x0000,0x0000,0x0000,0x0000,0x0000,0x0000,0x0000,0x0000,0x0000,
0x0000,0x0000,0x0000,0x0000,0x0000,0x0000,0x0000,0x0000,0x0000,0x0000,0x0000,0x0000,0x0000,0x0000,0x0000,0x0000,
0x0000,0x0000,0x0000,0x0000,0x0000,0x0000,0x0000,0x0000,0x0000,0x0000,0x0000,0x0000,0x0000,0x0000,0x0000,0x0000,
0x0000,0x0000,0x0000,0x0000,0x0000,0x0000,0x0000,0x0000,0x0000,0x0000,0x0000,0x0000,0x0000,0x0000,0x0000,0x0000,
0x0000,0x0000,0x0000,0x0000,0x0000,0x0000,0x0000,0x0000,0x0000,0x0000,0x0000,0x0000,0x0000,0x0000,0x0000,0x0000,
0x0000,0x0000,0x0000,0x0000,0x0000,0x0000,0x0000,0x0000,0x0000,0x0000,0x0000,0x0000,0x0000,0x0000,0x0000,0x0000,
0x0000,0x0000,0x0000,0x0000,0x0000,0x0000,0x0000,0x0000,0x0000,0x0000,0x0000,0x0000,0x0000,0x0000,0x0000,0x0000,
0x0000,0x0000,0x0000,0x0000,0x0000,0x0000,0x0000,0x0000,0x0000,0x0000,0x0000,0x0000,0x0000,0x0000,0x0000,0x0000,
0x0000,0x0000,0x0000,0x0000,0x0000,0x0000,0x0000,0x0000,0x0000,0x0000,0x0000,0x0000,0x0000,0x0000,0x0000,0x0000,
0x0000,0x0000,0x0000,0x0000,0x0000,0x0000,0x0000,0x0000,0x0000,0x0000,0x0000,0x0000,0x0000,0x0000,0x0000,0x0000,
0x0000,0x0000,0x0000,0x0000,0x0000,0x0000,0x0000,0x0000,0x0000,0x0000,0x0000,0x0000,0x0000,0x0000,0x0000,0x0000,
0x0000,0x0000,0x0000,0x0000,0x0000,0x0000,0x0000,0x0000,0x0000,0x0000,0x0000,0x0000,0x0000,0x0000,0x0000,0x0000,
0x0000,0x0000,0x0000,0x0000,0x0000,0x0000,0x0000,0x0000,0x0000,0x0000,0x0000,0x0000,0x0000,0x0000,0x0000,0x0000,
0x0000,0x0000,0x0000,0x0000,0x0000,0x0000,0x0000,0x0000,0x0000,0x0000,0x0000,0x0000,0x0000,0x0000,0x0000,0x0000,
0x0000,0x0000,0x0000,0x0000,0x0000,0x0000,0x0000,0x0000,0x0000,0x0000,0x0000,0x0000,0x0000,0x0000,0x0000,0x0000,
0x0000,0x0000,0x0000,0x0000,0x0000,0x0000,0x0000,0x0000,0x0000,0x0000,0x0000,0x0000,0x0000,0x0000,0x0000,0x0000,
0x0000,0x0000,0x0000,0x0000,0x0000,0x0000,0x0000,0x0000,0x0000,0x0000,0x0000,0x0000,0x0000,0x0000,0x0000,0x0000,
0x0000,0x0000,0x0000,0x0000,0x0000,0x0000,0x0000,0x0000,0x0000,0x0000,0x0000,0x0000,0x0000,0x0000,0x0000,0x0000,
0x0000,0x0000,0x0000,0x0000,0x0000,0x0000,0x0000,0x0000,0x0000,0x0000,0x0000,0x0000,0x0000,0x0000,0x0000,0x0000,
0x0000,0x0000,0x0000,0x0000,0x0000,0x0000,0x0000,0x0000,0x0000,0x0000,0x0000,0x0000,0x0000,0x0000,0x0000,0x0000,
0x0000,0x0000,0x0000,0x0000,0x0000,0x0000,0x0000,0x0000,0x0000,0x0000,0x0000,0x0000,0x0000,0x0000,0x0000,0x0000,
0x0000,0x0000,0x0000,0x0000,0x0000,0x0000,0x0000,0x0000,0x0000,0x0000,0x0000,0x0000,0x0000,0x0000,0x0000,0x0000,
0x0000,0x0000,0x0000,0x0000,0x0000,0x0000,0x0000,0x0000,0x0000,0x0000,0x0000,0x0000,0x0000,0x0000,0x0000,0x0000,
0x0000,0x0000,0x0000,0x0000,0x0000,0x0000,0x0000,0x0000,0x0000,0x0000,0x0000,0x0000,0x0000,0x0000,0x0000,0x0000,
0x0000,0x0000,0x0000,0x0000,0x0000,0x0000,0x0000,0x0000,0x0000,0x0000,0x0000,0x0000,0x0000,0x0000,0x0000,0x0000,
0x0000,0x0000,0x0000,0x0000,0x0000,0x0000,0x0000,0x0000,0x0000,0x0000,0x0000,0x0000,0x0000,0x0000,0x0000,0x0000,
0x0000,0x0000,0x0000,0x0000,0x0000,0x0000,0x0000,0x0000,0x0000,0x0000,0x0000,0x0000,0x0000,0x0000,0x0000,0x0000,
0x0000,0x0000,0x0000,0x0000,0x0000,0x0000,0x0000,0x0000,0x0000,0x0000,0x0000,0x0000,0x0000,0x0000,0x0000,0x0000,
0x0000,0x0000,0x0000,0x0000,0x0000,0x0000,0x0000,0x0000,0x0000,0x0000,0x0000,0x0000,0x0000,0x0000,0x0000,0x0000,
0x0000,0x0000,0x0000,0x0000,0x0000,0x0000,0x0000,0x0000,0x0000,0x0000,0x0000,0x0000,0x0000,0x0000,0x0000,0x0000,
0x0000,0x0000,0x0000,0x0000,0x0000,0x0000,0x0000,0x0000,0x0000,0x0000,0x0000,0x0000,0x0000,0x0000,0x0000,0x0000,
0x0000,0x0000,0x0000,0x0000,0x0000,0x0000,0x0000,0x0000,0x0000,0x0000,0x0000,0x0000,0x0000,0x0000,0x0000,0x0000,
0x0000,0x0000,0x0000,0x0000,0x0000,0x0000,0x0000,0x0000,0x0000,0x0000,0x0000,0x0000,0x0000,0x0000,0x0000,0x0000,
0x0000,0x0000,0x0000,0x0000,0x0000,0x0000,0x0000,0x0000,0x0000,0x0000,0x0000,0x0000,0x0000,0x0000,0x0000,0x0000,
0x0000,0x0000,0x0000,0x0000,0x0000,0x0000,0x0000,0x0000,0x0000,0x0000,0x0000,0x0000,0x0000,0x0000,0x0000,0x0000,
0x0000,0x0000,0x0000,0x0000,0x0000,0x0000,0x0000,0x0000,0x0000,0x0000,0x0000,0x0000,0x0000,0x0000,0x0000,0x0000,
0x0000,0x0000,0x0000,0x0000,0x0000,0x0000,0x0000,0x0000,0x0000,0x0000,0x0000,0x0000,0x0000,0x0000,0x0000,0x0000,
0x0000,0x0000,0x0000,0x0000,0x0000,0x0000,0x0000,0x0000,0x0000,0x0000,0x0000,0x0000,0x0000,0x0000,0x0000,0x0000,
0x0000,0x0000,0x0000,0x0000,0x0000,0x0000,0x0000,0x0000,0x0000,0x0000,0x0000,0x0000,0x0000,0x0000,0x0000,0x0000,
0x0000,0x0000,0x0000,0x0000,0x0000,0x0000,0x0000,0x0000,0x0000,0x0000,0x0000,0x0000,0x0000,0x0000,0x0000,0x0000,
0x0000,0x0000,0x0000,0x0000,0x0000,0x0000,0x0000,0x0000,0x0000,0x0000,0x0000,0x0000,0x0000,0x0000,0x0000,0x0000,
0x0000,0x0000,0x0000,0x0000,0x0000,0x0000,0x0000,0x0000,0x0000,0x0000,0x0000,0x0000,0x0000,0x0000,0x0000,0x0000,
0x0000,0x0000,0x0000,0x0000,0x0000,0x0000,0x0000,0x0000,0x0000,0x0000,0x0000,0x0000,0x0000,0x0000,0x0000,0x0000,
0x0000,0x0000,0x0000,0x0000,0x0000,0x0000,0x0000,0x0000,0x0000,0x0000,0x0000,0x0000,0x0000,0x0000,0x0000,0x0000,
0x0000,0x0000,0x0000,0x0000,0x0000,0x0000,0x0000,0x0000,0x0000,0x0000,0x0000,0x0000,0x0000,0x0000,0x0000,0x0000,
0x0000,0x0000,0x0000,0x0000,0x0000,0x0000,0x0000,0x0000,0x0000,0x0000,0x0000,0x0000,0x0000,0x0000,0x0000,0x0000,
0x0000,0x0000,0x0000,0x0000,0x0000,0x0000,0x0000,0x0000,0x0000,0x0000,0x0000,0x0000,0x0000,0x0000,0x0000,0x0000,
0x0000,0x0000,0x0000,0x0000,0x0000,0x0000,0x0000,0x0000,0x0000,0x0000,0x0000,0x0000,0x0000,0x0000,0x0000,0x0000,
0x0000,0x0000,0x0000,0x0000,0x0000,0x0000,0x0000,0x0000,0x0000,0x0000,0x0000,0x0000,0x0000,0x0000,0x0000,0x0000,
0x0000,0x0000,0x0000,0x0000,0x0000,0x0000,0x0000,0x0000,0x0000,0x0000,0x0000,0x0000,0x0000,0x0000,0x0000,0x0000,
0x0000,0x0000,0x0000,0x0000,0x0000,0x0000,0x0000,0x0000,0x0000,0x0000,0x0000,0x0000,0x0000,0x0000,0x0000,0x0000,
0x0000,0x0000,0x0000,0x0000,0x0000,0x0000,0x0000,0x0000,0x0000,0x0000,0x0000,0x0000,0x0000,0x0000,0x0000,0x0000,
0x0000,0x0000,0x0000,0x0000,0x0000,0x0000,0x0000,0x0000,0x0000,0x0000,0x0000,0x0000,0x0000,0x0000,0x0000,0x0000,
0x0000,0x0000,0x0000,0x0000,0x0000,0x0000,0x0000,0x0000,0x0000,0x0000,0x0000,0x0000,0x0000,0x0000,0x0000,0x0000,
0x0000,0x0000,0x0000,0x0000,0x0000,0x0000,0x0000,0x0000,0x0000,0x0000,0x0000,0x0000,0x0000,0x0000,0x0000,0x0000,
0x0000,0x0000,0x0000,0x0000,0x0000,0x0000,0x0000,0x0000,0x0000,0x0000,0x0000,0x0000,0x0000,0x0000,0x0000,0x0000,
0x0000,0x0000,0x0000,0x0000,0x0000,0x0000,0x0000,0x0000,0x0000,0x0000,0x0000,0x0000,0x0000,0x0000,0x0000,0x0000,
0x0000,0x0000,0x0000,0x0000,0x0000,0x0000,0x0000,0x0000,0x0000,0x0000,0x0000,0x0000,0x0000,0x0000,0x0000,0x0000,
0x0000,0x0000,0x0000,0x0000,0x0000,0x0000,0x0000,0x0000,0x0000,0x0000,0x0000,0x0000,0x0000,0x0000,0x0000,0x0000,
0x0000,0x0000,0x0000,0x0000,0x0000,0x0000,0x0000,0x0000,0x0000,0x0000,0x0000,0x0000,0x0000,0x0000,0x0000,0x0000,
0x0000,0x0000,0x0000,0x0000,0x0000,0x0000,0x0000,0x0000,0x0000,0x0000,0x0000,0x0000,0x0000,0x0000,0x0000,0x0000,
0x0000,0x0000,0x0000,0x0000,0x0000,0x0000,0x0000,0x0000,0x0000,0x0000,0x0000,0x0000,0x0000,0x0000,0x0000,0x0000,
0x0000,0x0000,0x0000,0x0000,0x0000,0x0000,0x0000,0x0000,0x0000,0x0000,0x0000,0x0000,0x0000,0x0000,0x0000,0x0000,
0x0000,0x0000,0x0000,0x0000,0x0000,0x0000,0x0000,0x0000,0x0000,0x0000,0x0000,0x0000,0x0000,0x0000,0x0000,0x0000,
0x0000,0x0000,0x0000,0x0000,0x0000,0x0000,0x0000,0x0000,0x0000,0x0000,0x0000,0x0000,0x0000,0x0000,0x0000,0x0000,
0x0000,0x0000,0x0000,0x0000,0x0000,0x0000,0x0000,0x0000,0x0000,0x0000,0x0000,0x0000,0x0000,0x0000,0x0000,0x0000,
0x0000,0x0000,0x0000,0x0000,0x0000,0x0000,0x0000,0x0000,0x0000,0x0000,0x0000,0x0000,0x0000,0x0000,0x0000,0x0000,
0x0000,0x0000,0x0000,0x0000,0x0000,0x0000,0x0000,0x0000,0x0000,0x0000,0x0000,0x0000,0x0000,0x0000,0x0000,0x0000,
0x0000,0x0000,0x0000,0x0000,0x0000,0x0000,0x0000,0x0000,0x0000,0x0000,0x0000,0x0000,0x0000,0x0000,0x0000,0x0000,
0x0000,0x0000,0x0000,0x0000,0x0000,0x0000,0x0000,0x0000,0x0000,0x0000,0x0000,0x0000,0x0000,0x0000,0x0000,0x0000,
0x0000,0x0000,0x0000,0x0000,0x0000,0x0000,0x0000,0x0000,0x0000,0x0000,0x0000,0x0000,0x0000,0x0000,0x0000,0x0000,
0x0000,0x0000,0x0000,0x0000,0x0000,0x0000,0x0000,0x0000,0x0000,0x0000,0x0000,0x0000,0x0000,0x0000,0x0000,0x0000,
0x0000,0x0000,0x0000,0x0000,0x0000,0x0000,0x0000,0x0000,0x0000,0x0000,0x0000,0x0000,0x0000,0x0000,0x0000,0x0000,
0x0000,0x0000,0x0000,0x0000,0x0000,0x0000,0x0000,0x0000,0x0000,0x0000,0x0000,0x0000,0x0000,0x0000,0x0000,0x0000,
0x0000,0x0000,0x0000,0x0000,0x0000,0x0000,0x0000,0x0000,0x0000,0x0000,0x0000,0x0000,0x0000,0x0000,0x0000,0x0000,
0x0000,0x0000,0x0000,0x0000,0x0000,0x0000,0x0000,0x0000,0x0000,0x0000,0x0000,0x0000,0x0000,0x0000,0x0000,0x0000,
0x0000,0x0000,0x0000,0x0000,0x0000,0x0000,0x0000,0x0000,0x0000,0x0000,0x0000,0x0000,0x0000,0x0000,0x0000,0x0000,
0x0000,0x0000,0x0000,0x0000,0x0000,0x0000,0x0000,0x0000,0x0000,0x0000,0x0000,0x0000,0x0000,0x0000,0x0000,0x0000,
0x0000,0x0000,0x0000,0x0000,0x0000,0x0000,0x0000,0x0000,0x0000,0x0000,0x0000,0x0000,0x0000,0x0000,0x0000,0x0000,
0x0000,0x0000,0x0000,0x0000,0x0000,0x0000,0x0000,0x0000,0x0000,0x0000,0x0000,0x0000,0x0000,0x0000,0x0000,0x0000,
0x0000,0x0000,0x0000,0x0000,0x0000,0x0000,0x0000,0x0000,0x0000,0x0000,0x0000,0x0000,0x0000,0x0000,0x0000,0x0000,
0x0000,0x0000,0x0000,0x0000,0x0000,0x0000,0x0000,0x0000,0x0000,0x0000,0x0000,0x0000,0x0000,0x0000,0x0000,0x0000,
0x0000,0x0000,0x0000,0x0000,0x0000,0x0000,0x0000,0x0000,0x0000,0x0000,0x0000,0x0000,0x0000,0x0000,0x0000,0x0000,
0x0000,0x0000,0x0000,0x0000,0x0000,0x0000,0x0000,0x0000,0x0000,0x0000,0x0000,0x0000,0x0000,0x0000,0x0000,0x0000,
0x0000,0x0000,0x0000,0x0000,0x0000,0x0000,0x0000,0x0000,0x0000,0x0000,0x0000,0x0000,0x0000,0x0000,0x0000,0x0000,
0x0000,0x0000,0x0000,0x0000,0x0000,0x0000,0x0000,0x0000,0x0000,0x0000,0x0000,0x0000,0x0000,0x0000,0x0000,0x0000,
0x0000,0x0000,0x0000,0x0000,0x0000,0x0000,0x0000,0x0000,0x0000,0x0000,0x0000,0x0000,0x0000,0x0000,0x0000,0x0000,
0x0000,0x0000,0x0000,0x0000,0x0000,0x0000,0x0000,0x0000,0x0000,0x0000,0x0000,0x0000,0x0000,0x0000,0x0000,0x0000,
0x0000,0x0000,0x0000,0x0000,0x0000,0x0000,0x0000,0x0000,0x0000,0x0000,0x0000,0x0000,0x0000,0x0000,0x0000,0x0000,
0x0000,0x0000,0x0000,0x0000,0x0000,0x0000,0x0000,0x0000,0x0000,0x0000,0x0000,0x0000,0x0000,0x0000,0x0000,0x0000,
0x0000,0x0000,0x0000,0x0000,0x0000,0x0000,0x0000,0x0000,0x0000,0x0000,0x0000,0x0000,0x0000,0x0000,0x0000,0x0000,
0x0000,0x0000,0x0000,0x0000,0x0000,0x0000,0x0000,0x0000,0x0000,0x0000,0x0000,0x0000,0x0000,0x0000,0x0000,0x0000,
0x0000,0x0000,0x0000,0x0000,0x0000,0x0000,0x0000,0x0000,0x0000,0x0000,0x0000,0x0000,0x0000,0x0000,0x0000,0x0000,
0x0000,0x0000,0x0000,0x0000,0x0000,0x0000,0x0000,0x0000,0x0000,0x0000,0x0000,0x0000,0x0000,0x0000,0x0000,0x0000,
0x0000,0x0000,0x0000,0x0000,0x0000,0x0000,0x0000,0x0000,0x0000,0x0000,0x0000,0x0000,0x0000,0x0000,0x0000,0x0000,
0x0000,0x0000,0x0000,0x0000,0x0000,0x0000,0x0000,0x0000,0x0000,0x0000,0x0000,0x0000,0x0000,0x0000,0x0000,0x0000,
0x0000,0x0000,0x0000,0x0000,0x0000,0x0000,0x0000,0x0000,0x0000,0x0000,0x0000,0x0000,0x0000,0x0000,0x0000,0x0000,
0x0000,0x0000,0x0000,0x0000,0x0000,0x0000,0x0000,0x0000,0x0000,0x0000,0x0000,0x0000,0x0000,0x0000,0x0000,0x0000,
0x0000,0x0000,0x0000,0x0000,0x0000,0x0000,0x0000,0x0000,0x0000,0x0000,0x0000,0x0000,0x0000,0x0000,0x0000,0x0000,
0x0000,0x0000,0x0000,0x0000,0x0000,0x0000,0x0000,0x0000,0x0000,0x0000,0x0000,0x0000,0x0000,0x0000,0x0000,0x0000,
0x0000,0x0000,0x0000,0x0000,0x0000,0x0000,0x0000,0x0000,0x0000,0x0000,0x0000,0x0000,0x0000,0x0000,0x0000,0x0000,
0x0000,0x0000,0x0000,0x0000,0x0000,0x0000,0x0000,0x0000,0x0000,0x0000,0x0000,0x0000,0x0000,0x0000,0x0000,0x0000,
0x0000,0x0000,0x0000,0x0000,0x0000,0x0000,0x0000,0x0000,0x0000,0x0000,0x0000,0x0000,0x0000,0x0000,0x0000,0x0000,
0x0000,0x0000,0x0000,0x0000,0x0000,0x0000,0x0000,0x0000,0x0000,0x0000,0x0000,0x0000,0x0000,0x0000,0x0000,0x0000,
0x0000,0x0000,0x0000,0x0000,0x0000,0x0000,0x0000,0x0000,0x0000,0x0000,0x0000,0x0000,0x0000,0x0000,0x0000,0x0000,
0x0000,0x0000,0x0000,0x0000,0x0000,0x0000,0x0000,0x0000,0x0000,0x0000,0x0000,0x0000,0x0000,0x0000,0x0000,0x0000,
0x0000,0x0000,0x0000,0x0000,0x0000,0x0000,0x0000,0x0000,0x0000,0x0000,0x0000,0x0000,0x0000,0x0000,0x0000,0x0000,
0x0000,0x0000,0x0000,0x0000,0x0000,0x0000,0x0000,0x0000,0x0000,0x0000,0x0000,0x0000,0x0000,0x0000,0x0000,0x0000,
0x0000,0x0000,0x0000,0x0000,0x0000,0x0000,0x0000,0x0000,0x0000,0x0000,0x0000,0x0000,0x0000,0x0000,0x0000,0x0000,
0x0000,0x0000,0x0000,0x0000,0x0000,0x0000,0x0000,0x0000,0x0000,0x0000,0x0000,0x0000,0x0000,0x0000,0x0000,0x0000,
0x0000,0x0000,0x0000,0x0000,0x0000,0x0000,0x0000,0x0000,0x0000,0x0000,0x0000,0x0000,0x0000,0x0000,0x0000,0x0000,
0x0000,0x0000,0x0000,0x0000,0x0000,0x0000,0x0000,0x0000,0x0000,0x0000,0x0000,0x0000,0x0000,0x0000,0x0000,0x0000,
0x0000,0x0000,0x0000,0x0000,0x0000,0x0000,0x0000,0x0000,0x0000,0x0000,0x0000,0x0000,0x0000,0x0000,0x0000,0x0000,
0x0000,0x0000,0x0000,0x0000,0x0000,0x0000,0x0000,0x0000,0x0000,0x0000,0x0000,0x0000,0x0000,0x0000,0x0000,0x0000,
0x0000,0x0000,0x0000,0x0000,0x0000,0x0000,0x0000,0x0000,0x0000,0x0000,0x0000,0x0000,0x0000,0x0000,0x0000,0x0000,
0x0000,0x0000,0x0000,0x0000,0x0000,0x0000,0x0000,0x0000,0x0000,0x0000,0x0000,0x0000,0x0000,0x0000,0x0000,0x0000,
0x0000,0x0000,0x0000,0x0000,0x0000,0x0000,0x0000,0x0000,0x0000,0x0000,0x0000,0x0000,0x0000,0x0000,0x0000,0x0000,
0x0000,0x0000,0x0000,0x0000,0x0000,0x0000,0x0000,0x0000,0x0000,0x0000,0x0000,0x0000,0x0000,0x0000,0x0000,0x0000,
0x0000,0x0000,0x0000,0x0000,0x0000,0x0000,0x0000,0x0000,0x0000,0x0000,0x0000,0x0000,0x0000,0x0000,0x0000,0x0000,
0x0000,0x0000,0x0000,0x0000,0x0000,0x0000,0x0000,0x0000,0x0000,0x0000,0x0000,0x0000,0x0000,0x0000,0x0000,0x0000,
0x0000,0x0000,0x0000,0x0000,0x0000,0x0000,0x0000,0x0000,0x0000,0x0000,0x0000,0x0000,0x0000,0x0000,0x0000,0x0000,
0x0000,0x0000,0x0000,0x0000,0x0000,0x0000,0x0000,0x0000,0x0000,0x0000,0x0000,0x0000,0x0000,0x0000,0x0000,0x0000,
0x0000,0x0000,0x0000,0x0000,0x0000,0x0000,0x0000,0x0000,0x0000,0x0000,0x0000,0x0000,0x0000,0x0000,0x0000,0x0000,
0x0000,0x0000,0x0000,0x0000,0x0000,0x0000,0x0000,0x0000,0x0000,0x0000,0x0000,0x0000,0x0000,0x0000,0x0000,0x0000,
0x0000,0x0000,0x0000,0x0000,0x0000,0x0000,0x0000,0x0000,0x0000,0x0000,0x0000,0x0000,0x0000,0x0000,0x0000,0x0000,
0x0000,0x0000,0x0000,0x0000,0x0000,0x0000,0x0000,0x0000,0x0000,0x0000,0x0000,0x0000,0x0000,0x0000,0x0000,0x0000,
0x0000,0x0000,0x0000,0x0000,0x0000,0x0000,0x0000,0x0000,0x0000,0x0000,0x0000,0x0000,0x0000,0x0000,0x0000,0x0000,
0x0000,0x0000,0x0000,0x0000,0x0000,0x0000,0x0000,0x0000,0x0000,0x0000,0x0000,0x0000,0x0000,0x0000,0x0000,0x0000,
0x0000,0x0000,0x0000,0x0000,0x0000,0x0000,0x0000,0x0000,0x0000,0x0000,0x0000,0x0000,0x0000,0x0000,0x0000,0x0000,
0x0000,0x0000,0x0000,0x0000,0x0000,0x0000,0x0000,0x0000,0x0000,0x0000,0x0000,0x0000,0x0000,0x0000,0x0000,0x0000,
0x0000,0x0000,0x0000,0x0000,0x0000,0x0000,0x0000,0x0000,0x0000,0x0000,0x0000,0x0000,0x0000,0x0000,0x0000,0x0000,
0x0000,0x0000,0x0000,0x0000,0x0000,0x0000,0x0000,0x0000,0x0000,0x0000,0x0000,0x0000,0x0000,0x0000,0x0000,0x0000,
0x0000,0x0000,0x0000,0x0000,0x0000,0x0000,0x0000,0x0000,0x0000,0x0000,0x0000,0x0000,0x0000,0x0000,0x0000,0x0000,
0x0000,0x0000,0x0000,0x0000,0x0000,0x0000,0x0000,0x0000,0x0000,0x0000,0x0000,0x0000,0x0000,0x0000,0x0000,0x0000,
0x0000,0x0000,0x0000,0x0000,0x0000,0x0000,0x0000,0x0000,0x0000,0x0000,0x0000,0x0000,0x0000,0x0000,0x0000,0x0000,
0x0000,0x0000,0x0000,0x0000,0x0000,0x0000,0x0000,0x0000,0x0000,0x0000,0x0000,0x0000,0x0000,0x0000,0x0000,0x0000,
0x0000,0x0000,0x0000,0x0000,0x0000,0x0000,0x0000,0x0000,0x0000,0x0000,0x0000,0x0000,0x0000,0x0000,0x0000,0x0000,
0x0000,0x0000,0x0000,0x0000,0x0000,0x0000,0x0000,0x0000,0x0000,0x0000,0x0000,0x0000,0x0000,0x0000,0x0000,0x0000,
0x0000,0x0000,0x0000,0x0000,0x0000,0x0000,0x0000,0x0000,0x0000,0x0000,0x0000,0x0000,0x0000,0x0000,0x0000,0x0000,
0x0000,0x0000,0x0000,0x0000,0x0000,0x0000,0x0000,0x0000,0x0000,0x0000,0x0000,0x0000,0x0000,0x0000,0x0000,0x0000,
0x0000,0x0000,0x0000,0x0000,0x0000,0x0000,0x0000,0x0000,0x0000,0x0000,0x0000,0x0000,0x0000,0x0000,0x0000,0x0000,
0x0000,0x0000,0x0000,0x0861,0x5AEB,0xB596,0x9CF3,0x4208,0x0000,0x0000,0x0000,0x0000,0x0000,0x0000,0x0000,0x0000,
0x0000,0x0000,0x0000,0x0000,0x0000,0x0000,0x0000,0x0000,0x0000,0x0000,0x0000,0x0000,0x0000,0x0000,0x0000,0x0000,
0x0000,0x0000,0x0000,0x0000,0x0000,0x0000,0x0000,0x0000,0x0000,0x0000,0x0000,0x0000,0x0000,0x0000,0x0000,0x0000,
0x0000,0x0000,0x0000,0x0000,0x0000,0x0000,0x0000,0x0000,0x0000,0x0000,0x0000,0x0000,0x0000,0x0000,0x0000,0x0000,
0x0000,0x0000,0x0000,0x0000,0x0000,0x0000,0x0000,0x0000,0x0000,0x0000,0x0000,0x0000,0x0000,0x0000,0x0000,0x0000,
0x0000,0x0000,0x0000,0x0000,0x0000,0x0000,0x0000,0x0000,0x0000,0x0000,0x0000,0x0000,0x0000,0x0000,0x0000,0x0000,
0x0000,0x0000,0x0000,0x0000,0x0000,0x0000,0x0000,0x0000,0x0000,0x0000,0x0000,0x0000,0x0000,0x0000,0x0000,0x0000,
0x0000,0x0000,0x0000,0x0000,0x0000,0x0000,0x0000,0x0000,0x0000,0x0000,0x0000,0x0000,0x0000,0x0000,0x0000,0x0000,
0x0000,0x0000,0x0000,0x0000,0x0000,0x0000,0x0000,0x0000,0x0000,0x0000,0x0000,0x0000,0x0000,0x0000,0x0000,0x0000,
0x0000,0x0000,0x0000,0x0000,0x0000,0x0000,0x0000,0x1082,0x7BCF,0xE71C,0xFFFF,0xFFFF,0xFFFF,0xFFFF,0xC638,0x52AA,
0x0000,0x0000,0x0000,0x0000,0x0000,0x0000,0x0000,0x0000,0x0000,0x0000,0x0000,0x0000,0x0000,0x0000,0x0000,0x0000,
0x0000,0x0000,0x0000,0x0000,0x0000,0x0000,0x0000,0x0000,0x0000,0x0000,0x0000,0x0000,0x0000,0x0000,0x0000,0x0000,
0x0000,0x0000,0x0000,0x0000,0x0000,0x0000,0x0000,0x0000,0x0000,0x0000,0x0000,0x0000,0x0000,0x0000,0x0000,0x0000,
0x0000,0x0000,0x0000,0x0000,0x0000,0x0000,0x0000,0x0000,0x0000,0x0000,0x0000,0x0000,0x0000,0x0000,0x0000,0x0000,
0x0000,0x0000,0x0000,0x0000,0x0000,0x0000,0x0000,0x0000,0x0000,0x0000,0x0000,0x0000,0x0000,0x0000,0x0000,0x0000,
0x0000,0x0000,0x0000,0x0000,0x0000,0x0000,0x0000,0x0000,0x0000,0x0000,0x0000,0x0000,0x0000,0x0000,0x0000,0x0000,
0x0000,0x0000,0x0000,0x0000,0x0000,0x0000,0x0000,0x0000,0x0000,0x0000,0x0000,0x0000,0x0000,0x0000,0x0000,0x0000,
0x0000,0x0000,0x0000,0x0000,0x0000,0x0000,0x0000,0x0000,0x0000,0x0000,0x0000,0x0000,0x0000,0x0000,0x0000,0x0000,
0x0000,0x0000,0x0000,0x0000,0x0000,0x0000,0x0000,0x0000,0x0000,0x0000,0x0000,0x0020,0x738E,0xE73C,0xFFFF,0xFFFF,
0xFFFF,0xFFFF,0xFFFF,0xFFFF,0xFFFF,0xFFFF,0xC618,0x3A07,0x0000,0x0000,0x0000,0x0000,0x0000,0x0000,0x0000,0x0000,
0x0000,0x0000,0x0000,0x0000,0x0000,0x0000,0x0000,0x0000,0x0000,0x0000,0x0000,0x0000,0x0000,0x0000,0x0000,0x0000,
0x0000,0x0000,0x0000,0x0000,0x0000,0x0000,0x0000,0x0000,0x0000,0x0000,0x0000,0x0000,0x0000,0x0000,0x0000,0x0000,
0x0000,0x0000,0x0000,0x0000,0x0000,0x0000,0x0000,0x0000,0x0000,0x0000,0x0000,0x0000,0x0000,0x0000,0x0000,0x0000,
0x0000,0x0000,0x0000,0x0000,0x0000,0x0000,0x0000,0x0000,0x0000,0x0000,0x0000,0x0000,0x0000,0x0000,0x0000,0x0000,
0x0000,0x0000,0x0000,0x0000,0x0000,0x0000,0x0000,0x0000,0x0000,0x0000,0x0000,0x0000,0x0000,0x0000,0x0000,0x0000,
0x0000,0x0000,0x0000,0x0000,0x0000,0x0000,0x0000,0x0000,0x0000,0x0000,0x0000,0x0000,0x0000,0x0000,0x0000,0x0000,
0x0000,0x0000,0x0000,0x0000,0x0000,0x0000,0x0000,0x0000,0x0000,0x0000,0x0000,0x0020,0x4A49,0x52CB,0x632C,0x632C,
0x5ACB,0x528A,0x39E7,0x2104,0x0841,0x0000,0x0000,0x0000,0x0000,0x0000,0x0000,0x0000,0x0000,0x0000,0x0000,0x0000,
0x39E7,0xCE79,0xFFFF,0xFFFF,0xFFFF,0xFFFF,0xCE59,0x5AEB,0x7BCF,0xE73C,0xFFFF,0xFFFF,0xFFFF,0xFFFF,0x9CD3,0x1082,
0x0000,0x0000,0x0000,0x0000,0x0000,0x0000,0x0000,0x0000,0x0000,0x0000,0x0000,0x0861,0x2124,0x4208,0x528A,0x5AEB,
0x632C,0x5ACB,0x528A,0x3166,0x0000,0x0000,0x0000,0x0000,0x0000,0x0000,0x0000,0x0000,0x0000,0x0000,0x0000,0x0000,
0x0000,0x0000,0x0000,0x0000,0x0000,0x0000,0x0000,0x0000,0x0000,0x0000,0x0000,0x0000,0x0000,0x0000,0x0000,0x0000,
0x0000,0x0000,0x0000,0x0000,0x0000,0x0000,0x0000,0x0000,0x0000,0x0000,0x0000,0x0000,0x0000,0x0000,0x0000,0x0000,
0x0000,0x0000,0x0000,0x0000,0x0000,0x0000,0x0000,0x0000,0x0000,0x0000,0x0000,0x0000,0x0000,0x0000,0x0000,0x0000,
0x0000,0x0000,0x0000,0x0000,0x0000,0x0000,0x0000,0x0000,0x0000,0x0000,0x0000,0x0000,0x0000,0x0000,0x0000,0x0000,
0x0000,0x0000,0x0000,0x0000,0x0000,0x0000,0x0000,0x0000,0x0000,0x0000,0x0000,0x0000,0x0000,0x0000,0x0000,0x0000,
0x0000,0x632C,0xFFFF,0xFFFF,0xFFFF,0xFFFF,0xFFFF,0xFFFF,0xFFFF,0xFFBF,0xE6FC,0xBDD7,0x8410,0x4228,0x0881,0x0000,
0x0000,0x0000,0x0000,0x0000,0x0000,0x7BEF,0xFFFF,0xFFFF,0xFFFF,0xFFFF,0xD69A,0x5ACB,0x0000,0x0000,0x0000,0x10A2,
0x7BEF,0xF77E,0xFFFF,0xFFFF,0xFFFF,0xDEFB,0x4228,0x0000,0x0000,0x0000,0x0000,0x0000,0x0000,0x18C3,0x528A,0x8C71,
0xC618,0xE73C,0xFFDF,0xFFFF,0xFFFF,0xFFFF,0xFFFF,0xFFFF,0xFFFF,0xF7BE,0x18E3,0x0000,0x0000,0x0000,0x0000,0x0000,
0x0000,0x0000,0x0000,0x0000,0x0000,0x0000,0x0000,0x0000,0x0000,0x0000,0x0000,0x0000,0x0000,0x0000,0x0000,0x0000,
0x0000,0x0000,0x0000,0x0000,0x0000,0x0000,0x0000,0x0000,0x0000,0x0000,0x0000,0x0000,0x0000,0x0000,0x0000,0x0000,
0x0000,0x0000,0x0000,0x0000,0x0000,0x0000,0x0000,0x0000,0x0000,0x0000,0x0000,0x0000,0x0000,0x0000,0x0000,0x0000,
0x0000,0x0000,0x0000,0x0000,0x0000,0x0000,0x0000,0x0000,0x0000,0x0000,0x0000,0x0000,0x0000,0x0000,0x0000,0x0000,
0x0000,0x0000,0x0000,0x0000,0x0000,0x0000,0x0000,0x0000,0x0000,0x0000,0x0000,0x0000,0x0000,0x0000,0x0000,0x0000,
0x0000,0x0000,0x0000,0x0000,0x0000,0x0000,0x0000,0xCE59,0xFFFF,0xFFFF,0xFFFF,0xFFFF,0xFFFF,0xFFFF,0xFFFF,0xFFFF,
0xFFFF,0xFFFF,0xFFFF,0xFFFF,0xE73C,0x9CF3,0x4A49,0x0000,0x0000,0x10A2,0xB5B6,0xFFFF,0xFFFF,0xFFFF,0xEF5D,0x6B4D,
0x0020,0x0000,0x0000,0x0000,0x0000,0x0000,0x0000,0x2104,0x9CF3,0xFFFF,0xFFFF,0xFFFF,0xFFFF,0x8430,0x0000,0x0000,
0x1082,0x5AEB,0xB596,0xEF7D,0xFFFF,0xFFFF,0xFFFF,0xFFFF,0xFFFF,0xFFFF,0xFFFF,0xFFFF,0xFFFF,0xFFFF,0xFFFF,0xFFFF,
0x8430,0x0000,0x0000,0x0000,0x0000,0x0000,0x0000,0x0000,0x0000,0x0000,0x0000,0x0000,0x0000,0x0000,0x0000,0x0000,
0x0000,0x0000,0x0000,0x0000,0x0000,0x0000,0x0000,0x0000,0x0000,0x0000,0x0000,0x0000,0x0000,0x0000,0x0000,0x0000,
0x0000,0x0000,0x0000,0x0000,0x0000,0x0000,0x0000,0x0000,0x0000,0x0000,0x0000,0x0000,0x0000,0x0000,0x0000,0x0000,
0x0000,0x0000,0x0000,0x0000,0x0000,0x0000,0x0000,0x0000,0x0000,0x0000,0x0000,0x0000,0x0000,0x0000,0x0000,0x0000,
0x0000,0x0000,0x0000,0x0000,0x0000,0x0000,0x0000,0x0000,0x0000,0x0000,0x0000,0x0000,0x0000,0x0000,0x0000,0x0000,
0x0000,0x0000,0x0000,0x0000,0x0000,0x0000,0x0000,0x0000,0x0000,0x0000,0x0000,0x0000,0x31A6,0xFFFF,0xFFFF,0xF7BE,
0xAD55,0xA514,0xAD75,0xB596,0xC618,0xDEFC,0xFFDF,0xFFFF,0xFFFF,0xFFFF,0xFFFF,0xFFFF,0xFFFF,0xCE59,0x630C,0xCE59,
0xFFFF,0xFFFF,0xFFFF,0xAD55,0x18E3,0x0000,0x0000,0x0000,0x0000,0x0000,0x0000,0x0000,0x0000,0x0000,0x0000,0x4A49,
0xD6BA,0xFFFF,0xFFFF,0xFFFF,0x94B2,0x7BAF,0xE71C,0xFFFF,0xFFFF,0xFFFF,0xFFFF,0xFFFF,0xFFFF,0xF79E,0xDEFB,0xC618,
0xAD75,0xAD54,0xA534,0xBDF7,0xFFFF,0xFFFF,0xE71C,0x0020,0x0000,0x0000,0x0000,0x0000,0x0000,0x0000,0x0000,0x0000,
0x0000,0x0000,0x0000,0x0000,0x0000,0x0000,0x0000,0x0000,0x0000,0x0000,0x0000,0x0000,0x0000,0x0000,0x0000,0x0000,
0x0000,0x0000,0x0000,0x0000,0x0000,0x0000,0x0000,0x0000,0x0000,0x0000,0x0000,0x0000,0x0000,0x0000,0x0000,0x0000,
0x0000,0x0000,0x0000,0x0000,0x0000,0x0000,0x0000,0x0000,0x0000,0x0000,0x0000,0x0000,0x0000,0x0000,0x0000,0x0000,
0x0000,0x0000,0x0000,0x0000,0x0000,0x0000,0x0000,0x0000,0x0000,0x0000,0x0000,0x0000,0x0000,0x0000,0x0000,0x0000,
0x0000,0x0000,0x0000,0x0000,0x0000,0x0000,0x0000,0x0000,0x0000,0x0000,0x0000,0x0000,0x0000,0x0000,0x0000,0x0000,
0x0000,0x0000,0x7BCF,0xFFFF,0xFFFF,0xA534,0x0000,0x0000,0x0000,0x0000,0x0000,0x0841,0x2124,0x4A69,0x8C51,0xCE59,
0xFFFF,0xFFFF,0xFFFF,0xFFFF,0xFFFF,0xFFFF,0xFFFF,0xFFFF,0x6B4D,0x0000,0x0000,0x0000,0x0000,0x0000,0x0000,0x0000,
0x0000,0x0000,0x0000,0x0000,0x0000,0x0000,0x0861,0xA554,0xFFFF,0xFFFF,0xFFFF,0xFFFF,0xFFFF,0xFFFF,0xFFFF,0xF7BE,
0xB5B6,0x73CE,0x4228,0x18E3,0x0020,0x0000,0x0000,0x0000,0x0000,0x0000,0xDEFB,0xFFFF,0xFFFF,0x39E7,0x0000,0x0000,
0x0000,0x0000,0x0000,0x0000,0x0000,0x0000,0x0000,0x0000,0x0000,0x0000,0x0000,0x0000,0x0000,0x0000,0x0000,0x0000,
0x0000,0x0000,0x0000,0x0000,0x0000,0x0000,0x0000,0x0000,0x0000,0x0000,0x0000,0x0000,0x0000,0x0000,0x0000,0x0000,
0x0000,0x0000,0x0000,0x0000,0x0000,0x0000,0x0000,0x0000,0x0000,0x0000,0x0000,0x0000,0x0000,0x0000,0x0000,0x0000,
0x0000,0x0000,0x0000,0x0000,0x0000,0x0000,0x0000,0x0000,0x0000,0x0000,0x0000,0x0000,0x0000,0x0000,0x0000,0x0000,
0x0000,0x0000,0x0000,0x0000,0x0000,0x0000,0x0000,0x0000,0x0000,0x0000,0x0000,0x0000,0x0000,0x0000,0x0000,0x0000,
0x0000,0x0000,0x0000,0x0000,0x0000,0x0000,0x0000,0x0000,0xC618,0xFFFF,0xFFFF,0x528A,0x0000,0x0000,0x0000,0x0000,
0x0000,0x0000,0x0000,0x0000,0x0000,0x0000,0x31A6,0x8C51,0xEF5D,0xFFFF,0xFFFF,0xFFFF,0xF7BE,0x4A69,0x0000,0x0000,
0x0000,0x0000,0x0000,0x0000,0x0000,0x0000,0x0000,0x0000,0x0000,0x0000,0x0000,0x0000,0x0000,0x0000,0x8C51,0xFFFF,
0xFFFF,0xFFFF,0xFFFF,0xCE79,0x6B6D,0x18E3,0x0000,0x0000,0x0000,0x0000,0x0000,0x0000,0x0000,0x0000,0x0000,0x0000,
0x9CB3,0xFFFF,0xFFFF,0x8430,0x0000,0x0000,0x0000,0x0000,0x0000,0x0000,0x0000,0x0000,0x0000,0x0000,0x0000,0x0000,
0x0000,0x0000,0x0000,0x0000,0x0000,0x0000,0x0000,0x0000,0x0000,0x0000,0x0000,0x0000,0x0000,0x0000,0x0000,0x0000,
0x0000,0x0000,0x0000,0x0000,0x0000,0x0000,0x0000,0x0000,0x0000,0x0000,0x0000,0x0000,0x0000,0x0000,0x0000,0x0000,
0x0000,0x0000,0x0000,0x0000,0x0000,0x0000,0x0000,0x0000,0x0000,0x0000,0x0000,0x0000,0x0000,0x0000,0x0000,0x0000,
0x0000,0x0000,0x0000,0x0000,0x0000,0x0000,0x0000,0x0000,0x0000,0x0000,0x0000,0x0000,0x0000,0x0000,0x0000,0x0000,
0x0000,0x0000,0x0000,0x0000,0x0000,0x0000,0x0000,0x0000,0x0000,0x0000,0x0000,0x0000,0x0000,0x18C3,0xF79E,0xFFFF,
0xEF7D,0x1082,0x0000,0x0000,0x8C51,0x9CD3,0x7BEF,0x528A,0x18E3,0x0000,0x0000,0x0000,0x0000,0x0000,0x10A2,0x7BEF,
0xEF7D,0xFFFF,0x630C,0x0000,0x0000,0x0000,0x0000,0x0000,0x0000,0x10A2,0x5AEB,0xB596,0x9CD3,0x4228,0x0020,0x0000,
0x0000,0x0000,0x0000,0x0000,0x0000,0xB596,0xFFFF,0xD69A,0x5ACA,0x0000,0x0000,0x0000,0x0000,0x0000,0x0000,0x2965,
0x5AEC,0x8430,0xA514,0x73AE,0x0000,0x0000,0x4A49,0xFFFF,0xFFFF,0xC618,0x0000,0x0000,0x0000,0x0000,0x0000,0x0000,
0x0000,0x0000,0x0000,0x0000,0x0000,0x0000,0x0000,0x0000,0x0000,0x0000,0x0000,0x0000,0x0000,0x0000,0x0000,0x0000,
0x0000,0x0000,0x0000,0x0000,0x0000,0x0000,0x0000,0x0000,0x0000,0x0000,0x0000,0x0000,0x0000,0x0000,0x0000,0x0000,
0x0000,0x0000,0x0000,0x0000,0x0000,0x0000,0x0000,0x0000,0x0000,0x0000,0x0000,0x0000,0x0000,0x0000,0x0000,0x0000,
0x0000,0x0000,0x0000,0x0000,0x0000,0x0000,0x0000,0x0000,0x0000,0x0000,0x0000,0x0000,0x0000,0x0000,0x0000,0x0000,
0x0000,0x0000,0x0000,0x0000,0x0000,0x0000,0x0000,0x0000,0x0000,0x0000,0x0000,0x0000,0x0000,0x0000,0x0000,0x0000,
0x0000,0x0000,0x0000,0x4228,0xFFFF,0xFFFF,0xBDD7,0x0000,0x0000,0x0020,0xF79E,0xFFFF,0xFFFF,0xFFFF,0xF79E,0xBDD7,
0x5AEB,0x0841,0x0000,0x0000,0x0000,0x0000,0x18E3,0x7BCF,0x0020,0x0000,0x0000,0x0000,0x0861,0x528A,0xA534,0xEF7D,
0xFFFF,0xFFFF,0xFFFF,0xFFFF,0xD6BA,0x8410,0x2965,0x0000,0x0000,0x0000,0x0000,0x2945,0x7BEF,0x0841,0x0000,0x0000,
0x0000,0x0000,0x2104,0x7BEF,0xD69A,0xFFFF,0xFFFF,0xFFFF,0xFFFF,0xC618,0x0000,0x0000,0x10A2,0xF79E,0xFFFF,0xEF5D,
0x0861,0x0000,0x0000,0x0000,0x0000,0x0000,0x0000,0x0000,0x0000,0x0000,0x0000,0x0000,0x0000,0x0000,0x0000,0x0000,
0x0000,0x0000,0x0000,0x0000,0x0000,0x0000,0x0000,0x0000,0x0000,0x0000,0x0000,0x0000,0x0000,0x0000,0x0000,0x0000,
0x0000,0x0000,0x0000,0x0000,0x0000,0x0000,0x0000,0x0000,0x0000,0x0000,0x0000,0x0000,0x0000,0x0000,0x0000,0x0000,
0x0000,0x0000,0x0000,0x0000,0x0000,0x0000,0x0000,0x0000,0x0000,0x0000,0x0000,0x0000,0x0000,0x0000,0x0000,0x0000,
0x0000,0x0000,0x0000,0x0000,0x0000,0x0000,0x0000,0x0000,0x0000,0x0000,0x0000,0x0000,0x0000,0x0000,0x0000,0x0000,
0x0000,0x0000,0x0000,0x0000,0x0000,0x0000,0x0000,0x0000,0x0000,0x73AE,0xFFFF,0xFFFF,0x8430,0x0000,0x0000,0x39E7,
0xFFFF,0xFFFF,0xFFFF,0xFFFF,0xFFFF,0xFFFF,0xFFFF,0xDEFB,0x73AE,0x0861,0x0000,0x0000,0x0000,0x0000,0x0000,0x0000,
0x4208,0x94B2,0xE71C,0xFFFF,0xFFFF,0xFFFF,0xFFFF,0xFFFF,0xFFFF,0xFFFF,0xFFFF,0xFFFF,0xFFFF,0xC618,0x6B4D,0x18E3,
0x0000,0x0000,0x0000,0x0000,0x0000,0x0000,0x2965,0x9D14,0xF7BE,0xFFFF,0xFFFF,0xFFFF,0xFFFF,0xFFFF,0xFFFF,0xDEFB,
0x0841,0x0000,0x0000,0xCE59,0xFFFF,0xFFFF,0x3186,0x0000,0x0000,0x0000,0x0000,0x0000,0x0000,0x0000,0x0000,0x0000,
0x0000,0x0000,0x0000,0x0000,0x0000,0x0000,0x0000,0x0000,0x0000,0x0000,0x0000,0x0000,0x0000,0x0000,0x0000,0x0000,
0x0000,0x0000,0x0000,0x0000,0x0000,0x0000,0x0000,0x0000,0x0000,0x0000,0x0000,0x0000,0x0000,0x0000,0x0000,0x0000,
0x0000,0x0000,0x0000,0x0000,0x0000,0x0000,0x0000,0x0000,0x0000,0x0000,0x0000,0x0000,0x0000,0x0000,0x0000,0x0000,
0x0000,0x0000,0x0000,0x0000,0x0000,0x0000,0x0000,0x0000,0x0000,0x0000,0x0000,0x0000,0x0000,0x0000,0x0000,0x0000,
0x0000,0x0000,0x0000,0x0000,0x0000,0x0000,0x0000,0x0000,0x0000,0x0000,0x0000,0x0000,0x0000,0x0000,0x0000,0x9492,
0xFFFF,0xFFFF,0x630C,0x0000,0x0000,0x7BCF,0xFFFF,0xFFFF,0xFFFF,0xFFFF,0xFFFF,0xFFFF,0xFFFF,0xFFFF,0xFFFF,0xDEFB,
0x630C,0x0000,0x0000,0x2965,0x8410,0xD69A,0xFFFF,0xFFFF,0xFFFF,0xFFFF,0xFFFF,0xFFFF,0xFFFF,0xFFFF,0xFFFF,0xFFFF,
0xFFFF,0xFFFF,0xFFFF,0xFFFF,0xFFFF,0xF79E,0xB5B6,0x630C,0x18C2,0x0000,0x0861,0x8C51,0xFFDF,0xFFFF,0xFFFF,0xFFFF,
0xFFFF,0xFFFF,0xFFFF,0xFFFF,0xFFFF,0xFFFF,0x39E7,0x0000,0x0000,0xA534,0xFFFF,0xFFFF,0x528A,0x0000,0x0000,0x0000,
0x0000,0x0000,0x0000,0x0000,0x0000,0x0000,0x0000,0x0000,0x0000,0x0000,0x0000,0x0000,0x0000,0x0000,0x0000,0x0000,
0x0000,0x0000,0x0000,0x0000,0x0000,0x0000,0x0000,0x0000,0x0000,0x0000,0x0000,0x0000,0x0000,0x0000,0x0000,0x0000,
0x0000,0x0000,0x0000,0x0000,0x0000,0x0000,0x0000,0x0000,0x0000,0x0000,0x0000,0x0000,0x0000,0x0000,0x0000,0x0000,
0x0000,0x0000,0x0000,0x0000,0x0000,0x0000,0x0000,0x0000,0x0000,0x0000,0x0000,0x0000,0x0000,0x0000,0x0000,0x0000,
0x0000,0x0000,0x0000,0x0000,0x0000,0x0000,0x0000,0x0000,0x0000,0x0000,0x0000,0x0000,0x0000,0x0000,0x0000,0x0000,
0x0000,0x0000,0x0000,0x0000,0x0000,0xA514,0xFFFF,0xFFFF,0x4A69,0x0000,0x0000,0x8C71,0xFFFF,0xFFFF,0xFFDF,0xFFFF,
0xFFFF,0xFFFF,0xFFFF,0xFFFF,0xFFFF,0xFFFF,0xFFFF,0xC618,0xCE59,0xFFFF,0xFFFF,0xFFFF,0xFFFF,0xFFFF,0xFFFF,0xFFFF,
0xFFFF,0xFFFF,0xFFFF,0xC618,0xD69A,0xFFFF,0xFFFF,0xFFFF,0xFFFF,0xFFFF,0xFFFF,0xFFFF,0xFFFF,0xFFFF,0xEF7D,0xBDD7,
0xDEDB,0xFFFF,0xFFFF,0xFFFF,0xFFFF,0xFFFF,0xFFFF,0xFFFF,0xFFFF,0xFFDF,0xFFFF,0xFFFF,0x5269,0x0000,0x0000,0x9492,
0xFFFF,0xFFFF,0x6B4D,0x0000,0x0000,0x0000,0x0000,0x0000,0x0000,0x0000,0x0000,0x0000,0x0000,0x0000,0x0000,0x0000,
0x0000,0x0000,0x0000,0x0000,0x0000,0x0000,0x0000,0x0000,0x0000,0x0000,0x0000,0x0000,0x0000,0x0000,0x0000,0x0000,
0x0000,0x0000,0x0000,0x0000,0x0000,0x0000,0x0000,0x0000,0x0000,0x0000,0x0000,0x0000,0x0000,0x0000,0x0000,0x0000,
0x0000,0x0000,0x0000,0x0000,0x0000,0x0000,0x0000,0x0000,0x0000,0x0000,0x0000,0x0000,0x0000,0x0000,0x0000,0x0000,
0x0000,0x0000,0x0000,0x0000,0x0000,0x0000,0x0000,0x0000,0x0000,0x0000,0x0000,0x0000,0x0000,0x0000,0x0000,0x0000,
0x0000,0x0000,0x0000,0x0000,0x0000,0x0000,0x0000,0x0000,0x0000,0x0000,0x0000,0xAD75,0xFFFF,0xFFFF,0x4208,0x0000,
0x0000,0x8410,0xCE79,0x3186,0x2124,0x4A69,0xAD75,0xFFFF,0xFFFF,0xFFFF,0xFFFF,0xFFFF,0xFFFF,0xFFFF,0xFFFF,0xFFFF,
0xFFFF,0xFFFF,0xFFFF,0xFFFF,0xFFFF,0xFFFF,0xD6DB,0x8430,0x2965,0x0000,0x0000,0x4A49,0xA534,0xEF7D,0xFFFF,0xFFFF,
0xFFFF,0xFFFF,0xFFFF,0xFFFF,0xFFFF,0xFFFF,0xFFFF,0xFFFF,0xFFFF,0xFFFF,0xFFFF,0xFFFF,0xEF7D,0x8C51,0x4208,0x2124,
0x4208,0xE73C,0x4208,0x0000,0x0000,0x8430,0xFFFF,0xFFFF,0x738E,0x0000,0x0000,0x0000,0x0000,0x0000,0x0000,0x0000,
0x0000,0x0000,0x0000,0x0000,0x0000,0x0000,0x0000,0x0000,0x0000,0x0000,0x0000,0x0000,0x0000,0x0000,0x0000,0x0000,
0x0000,0x0000,0x0000,0x0000,0x0000,0x0000,0x0000,0x0000,0x0000,0x0000,0x0000,0x0000,0x0000,0x0000,0x0000,0x0000,
0x0000,0x0000,0x0000,0x0000,0x0000,0x0000,0x0000,0x0000,0x0000,0x0000,0x0000,0x0000,0x0000,0x0000,0x0000,0x0000,
0x0000,0x0000,0x0000,0x0000,0x0000,0x0000,0x0000,0x0000,0x0000,0x0000,0x0000,0x0000,0x0000,0x0000,0x0000,0x0000,
0x0000,0x0000,0x0000,0x0000,0x0000,0x0000,0x0000,0x0000,0x0000,0x0000,0x0000,0x0000,0x0000,0x0000,0x0000,0x0000,
0x0000,0xAD55,0xFFFF,0xFFFF,0x4208,0x0000,0x0000,0x4A69,0x630C,0x0000,0x0000,0x0000,0x0000,0x4228,0xE71C,0xFFFF,
0xFFFF,0xFFFF,0xFFFF,0xFFDF,0xD6BA,0xFFDF,0xFFFF,0xFFFF,0xFFFF,0xFFDF,0xA534,0x39E7,0x0000,0x0000,0x0000,0x0000,
0x0000,0x0000,0x0000,0x1082,0x5AEB,0xCE79,0xFFFF,0xFFFF,0xFFFF,0xFFFF,0xF79E,0xDEDB,0xFFFF,0xFFFF,0xFFFF,0xFFFF,
0xFFFF,0xB5B6,0x18E3,0x0000,0x0000,0x0000,0x0000,0x738E,0x2104,0x0000,0x0000,0x8C71,0xFFFF,0xFFFF,0x738E,0x0000,
0x0000,0x0000,0x0000,0x0000,0x0000,0x0000,0x0000,0x0000,0x0000,0x0000,0x0000,0x0000,0x0000,0x0000,0x0000,0x0000,
0x0000,0x0000,0x0000,0x0000,0x0000,0x0000,0x0000,0x0000,0x0000,0x0000,0x0000,0x0000,0x0000,0x0000,0x0000,0x0000,
0x0000,0x0000,0x0000,0x0000,0x0000,0x0000,0x0000,0x0000,0x0000,0x0000,0x0000,0x0000,0x0000,0x0000,0x0000,0x0000,
0x0000,0x0000,0x0000,0x0000,0x0000,0x0000,0x0000,0x0000,0x0000,0x0000,0x0000,0x0000,0x0000,0x0000,0x0000,0x0000,
0x0000,0x0000,0x0000,0x0000,0x0000,0x0000,0x0000,0x0000,0x0000,0x0000,0x0000,0x0000,0x0000,0x0000,0x0000,0x0000,
0x0000,0x0000,0x0000,0x0000,0x0000,0x0000,0x0000,0x94B2,0xFFFF,0xFFFF,0x52AA,0x0000,0x0000,0x0861,0x18E3,0x0000,
0x0000,0x0000,0x0000,0x0000,0x18E3,0xD67A,0xEF5D,0xAD55,0x5ACB,0x39C7,0x9CD3,0xFFDF,0xFFFF,0xFFFF,0x9CD3,0x18C3,
0x0000,0x0000,0x18C3,0x52AA,0x9CF3,0xE71C,0xD69A,0x8C71,0x4A48,0x0041,0x0000,0x0000,0x4228,0xCE79,0xFFFF,0xFFFF,
0xF79E,0x6B6E,0x2965,0x6B8D,0xBDF7,0xEF7D,0xA514,0x0000,0x0000,0x0000,0x0000,0x0000,0x0000,0x18E3,0x0000,0x0000,
0x0000,0x9CD3,0xFFFF,0xFFFF,0x6B4C,0x0000,0x0000,0x0000,0x0000,0x0000,0x0000,0x0000,0x0000,0x0000,0x0000,0x0000,
0x0000,0x0000,0x0000,0x0000,0x0000,0x0000,0x0000,0x0000,0x0000,0x0000,0x0000,0x0000,0x0000,0x0000,0x0000,0x0000,
0x0000,0x0000,0x0000,0x0000,0x0000,0x0000,0x0000,0x0000,0x0000,0x0000,0x0000,0x0000,0x0000,0x0000,0x0000,0x0000,
0x0000,0x0000,0x0000,0x0000,0x0000,0x0000,0x0000,0x0000,0x0000,0x0000,0x0000,0x0000,0x0000,0x0000,0x0000,0x0000,
0x0000,0x0000,0x0000,0x0000,0x0000,0x0000,0x0000,0x0000,0x0000,0x0000,0x0000,0x0000,0x0000,0x0000,0x0000,0x0000,
0x0000,0x0000,0x0000,0x0000,0x0000,0x0000,0x0000,0x0000,0x0000,0x0000,0x0000,0x0000,0x0000,0x73AE,0xFFFF,0xFFFF,
0x738E,0x0000,0x0000,0x0000,0x0000,0x0000,0x0000,0x0000,0x0000,0x0000,0x0000,0x0841,0x0861,0x0000,0x2945,0xC618,
0xFFFF,0xFFFF,0xEF5D,0x4A69,0x0841,0x39C7,0x8431,0xCE59,0xFFFF,0xFFFF,0xFFFF,0xEF5D,0xF79E,0xFFFF,0xFFFF,0xF79E,
0xB576,0x630C,0x18E3,0x0000,0x8430,0xFFFF,0xFFFF,0xFFFF,0x9CD3,0x0000,0x0000,0x10A2,0x0000,0x0000,0x0000,0x0000,
0x0000,0x0000,0x0000,0x0000,0x0000,0x0000,0x0000,0xB5B6,0xFFFF,0xFFFF,0x4A49,0x0000,0x0000,0x0000,0x0000,0x0000,
0x0000,0x0000,0x0000,0x0000,0x0000,0x0000,0x0000,0x0000,0x0000,0x0000,0x0000,0x0000,0x0000,0x0000,0x0000,0x0000,
0x0000,0x0000,0x0000,0x0000,0x0000,0x0000,0x0000,0x0000,0x0000,0x0000,0x0000,0x0000,0x0000,0x0000,0x0000,0x0000,
0x0000,0x0000,0x0000,0x0000,0x0000,0x0000,0x0000,0x0000,0x0000,0x0000,0x0000,0x0000,0x0000,0x0000,0x0000,0x0000,
0x0000,0x0000,0x0000,0x0000,0x0000,0x0000,0x0000,0x0000,0x0000,0x0000,0x0000,0x0000,0x0000,0x0000,0x0000,0x0000,
0x0000,0x0000,0x0000,0x0000,0x0000,0x0000,0x0000,0x0000,0x0000,0x0000,0x0000,0x0000,0x0000,0x0000,0x0000,0x0000,
0x0000,0x0000,0x0000,0x630C,0xFFFF,0xFFFF,0xA534,0x0000,0x0000,0x0000,0x0000,0x0000,0x0000,0x0000,0x0000,0x0000,
0x0000,0x0000,0x0000,0x8410,0xFFFF,0xFFFF,0xFFFF,0xFFDF,0x7BEF,0x7BEF,0xEF5D,0xFFFF,0xFFFF,0xFFFF,0xD69A,0x8C71,
0x4228,0x0020,0x1082,0x528A,0x9CF3,0xEF5D,0xFFFF,0xFFFF,0xFFFF,0xC618,0x5ACB,0xB5B6,0xFFFF,0xFFFF,0xFFFF,0xDEFB,
0x4A49,0x0000,0x0000,0x0000,0x0000,0x0000,0x0000,0x0000,0x0000,0x0000,0x0000,0x0000,0x0841,0xE71C,0xFFFF,0xFFDF,
0x3186,0x0000,0x0000,0x0000,0x0000,0x0000,0x0000,0x0000,0x0000,0x0000,0x0000,0x0000,0x0000,0x0000,0x0000,0x0000,
0x0000,0x0000,0x0000,0x0000,0x0000,0x0000,0x0000,0x0000,0x0000,0x0000,0x0000,0x0000,0x0000,0x0000,0x0000,0x0000,
0x0000,0x0000,0x0000,0x0000,0x0000,0x0000,0x0000,0x0000,0x0000,0x0000,0x0000,0x0000,0x0000,0x0000,0x0000,0x0000,
0x0000,0x0000,0x0000,0x0000,0x0000,0x0000,0x0000,0x0000,0x0000,0x0000,0x0000,0x0000,0x0000,0x0000,0x0000,0x0000,
0x0000,0x0000,0x0000,0x0000,0x0000,0x0000,0x0000,0x0000,0x0000,0x0000,0x0000,0x0000,0x0000,0x0000,0x0000,0x0000,
0x0000,0x0000,0x0000,0x0000,0x0000,0x0000,0x0000,0x0000,0x6B2D,0xEF7D,0xFFFF,0xFFFF,0xEF5D,0x0861,0x0000,0x0000,
0x0000,0x0000,0x0000,0x0000,0x0000,0x0000,0x0000,0x2124,0xC618,0xFFFF,0xFFFF,0xFFFF,0xFFFF,0xFFDF,0xF7BE,0xFFFF,
0xFFFF,0xBDD7,0x6B4D,0x2124,0x0000,0x0000,0x0000,0x0020,0x0000,0x0000,0x0000,0x0020,0x39C7,0x8430,0xD6BA,0xFFFF,
0xFFFF,0xF7BE,0xFFFF,0xFFFF,0xFFFF,0xFFFF,0xFFFF,0x94B2,0x0820,0x0000,0x0000,0x0000,0x0000,0x0000,0x0000,0x0000,
0x0000,0x0000,0x4208,0xFFFF,0xFFFF,0xFFFF,0xDEFB,0x4228,0x0000,0x0000,0x0000,0x0000,0x0000,0x0000,0x0000,0x0000,
0x0000,0x0000,0x0000,0x0000,0x0000,0x0000,0x0000,0x0000,0x0000,0x0000,0x0000,0x0000,0x0000,0x0000,0x0000,0x0000,
0x0000,0x0000,0x0000,0x0000,0x0000,0x0000,0x0000,0x0000,0x0000,0x0000,0x0000,0x0000,0x0000,0x0000,0x0000,0x0000,
0x0000,0x0000,0x0000,0x0000,0x0000,0x0000,0x0000,0x0000,0x0000,0x0000,0x0000,0x0000,0x0000,0x0000,0x0000,0x0000,
0x0000,0x0000,0x0000,0x0000,0x0000,0x0000,0x0000,0x0000,0x0000,0x0000,0x0000,0x0000,0x0000,0x0000,0x0000,0x0000,
0x0000,0x0000,0x0000,0x0000,0x0000,0x0000,0x0000,0x0000,0x0000,0x0000,0x0000,0x0000,0x0000,0x94B2,0xFFFF,0xFFFF,
0xFFFF,0xFFFF,0xFFFF,0x632C,0x0000,0x0000,0x0000,0x0000,0x0000,0x0000,0x0000,0x0000,0x5ACB,0xEF7D,0xFFFF,0xFFFF,
0xFFFF,0xB596,0xF77E,0xFFFF,0xFFFF,0xFFDF,0x4A8A,0x0000,0x0000,0x0000,0x0861,0x4228,0x9CD3,0xEF7D,0xDEDB,0x7BEF,
0x39A6,0x0000,0x0000,0x0000,0x0000,0x9492,0xFFFF,0xFFFF,0xFFFF,0xCE79,0xC618,0xFFFF,0xFFFF,0xFFFF,0xCE59,0x2945,
0x0000,0x0000,0x0000,0x0000,0x0000,0x0000,0x0000,0x0000,0xA535,0xFFFF,0xFFFF,0xFFFF,0xFFFF,0xFFFF,0x632C,0x0000,
0x0000,0x0000,0x0000,0x0000,0x0000,0x0000,0x0000,0x0000,0x0000,0x0000,0x0000,0x0000,0x0000,0x0000,0x0000,0x0000,
0x0000,0x0000,0x0000,0x0000,0x0000,0x0000,0x0000,0x0000,0x0000,0x0000,0x0000,0x0000,0x0000,0x0000,0x0000,0x0000,
0x0000,0x0000,0x0000,0x0000,0x0000,0x0000,0x0000,0x0000,0x0000,0x0000,0x0000,0x0000,0x0000,0x0000,0x0000,0x0000,
0x0000,0x0000,0x0000,0x0000,0x0000,0x0000,0x0000,0x0000,0x0000,0x0000,0x0000,0x0000,0x0000,0x0000,0x0000,0x0000,
0x0000,0x0000,0x0000,0x0000,0x0000,0x0000,0x0000,0x0000,0x0000,0x0000,0x0000,0x0000,0x0000,0x0000,0x0000,0x0000,
0x0000,0x0000,0xAD35,0xFFFF,0xFFFF,0xFFFF,0xE71C,0xFFFF,0xFFFF,0xE71C,0x0861,0x0000,0x0000,0x0000,0x0000,0x0000,
0x0000,0x8430,0xFFFF,0xFFFF,0xFFFF,0xEF5D,0x4A49,0x738E,0xFFFF,0xFFFF,0xEF7D,0x39C7,0x0000,0x2124,0x630C,0xAD55,
0xEF7D,0xFFFF,0xFFFF,0xD6BA,0xE71C,0xFFFF,0xFFFF,0xDEDB,0x8C71,0x4208,0x0861,0x0000,0x738E,0xFFFF,0xFFFF,0xEF5D,
0x2124,0x8430,0xFFFF,0xFFFF,0xFFFF,0xEF7D,0x4A69,0x0000,0x0000,0x0000,0x0000,0x0000,0x0000,0x39C7,0xFFFF,0xFFFF,
0xF7BE,0xEF5D,0xFFFF,0xFFFF,0xFFFF,0x6B6D,0x0000,0x0000,0x0000,0x0000,0x0000,0x0000,0x0000,0x0000,0x0000,0x0000,
0x0000,0x0000,0x0000,0x0000,0x0000,0x0000,0x0000,0x0000,0x0000,0x0000,0x0000,0x0000,0x0000,0x0000,0x0000,0x0000,
0x0000,0x0000,0x0000,0x0000,0x0000,0x0000,0x0000,0x0000,0x0000,0x0000,0x0000,0x0000,0x0000,0x0000,0x0000,0x0000,
0x0000,0x0000,0x0000,0x0000,0x0000,0x0000,0x0000,0x0000,0x0000,0x0000,0x0000,0x0000,0x0000,0x0000,0x0000,0x0000,
0x0000,0x0000,0x0000,0x0000,0x0000,0x0000,0x0000,0x0000,0x0000,0x0000,0x0000,0x0000,0x0000,0x0000,0x0000,0x0000,
0x0000,0x0000,0x0000,0x0000,0x0000,0x0000,0x0000,0x9492,0xFFFF,0xFFFF,0xFFFF,0x94B2,0x10A2,0xD6BA,0xFFFF,0xFFFF,
0x9CD3,0x0020,0x0000,0x0000,0x0000,0x0020,0xAD55,0xFFFF,0xFFFF,0xFFFF,0xBDF7,0x18E3,0x0020,0xEF7D,0xFFFF,0xC638,
0x2124,0x31A6,0xB5B6,0xFFFF,0xFFFF,0xFFFF,0xEF5D,0x9CD3,0x39C7,0x0000,0x0840,0x52AA,0xB5B6,0xFFFF,0xFFFF,0xFFFF,
0xEF5D,0x8C71,0x18E3,0x52CA,0xE73C,0xFFFF,0xA514,0x0000,0x52AA,0xEF7D,0xFFFF,0xFFFF,0xFFFF,0x6B6D,0x0000,0x0000,
0x0000,0x0000,0x18C3,0xD6BA,0xFFFF,0xFFFF,0x8C71,0x18E3,0xCE79,0xFFFF,0xFFFF,0xFFFF,0x528A,0x0000,0x0000,0x0000,
0x0000,0x0000,0x0000,0x0000,0x0000,0x0000,0x0000,0x0000,0x0000,0x0000,0x0000,0x0000,0x0000,0x0000,0x0000,0x0000,
0x0000,0x0000,0x0000,0x0000,0x0000,0x0000,0x0000,0x0000,0x0000,0x0000,0x0000,0x0000,0x0000,0x0000,0x0000,0x0000,
0x0000,0x0000,0x0000,0x0000,0x0000,0x0000,0x0000,0x0000,0x0000,0x0000,0x0000,0x0000,0x0000,0x0000,0x0000,0x0000,
0x0000,0x0000,0x0000,0x0000,0x0000,0x0000,0x0000,0x0000,0x0000,0x0000,0x0000,0x0000,0x0000,0x0000,0x0000,0x0000,
0x0000,0x0000,0x0000,0x0000,0x0000,0x0000,0x0000,0x0000,0x0000,0x0000,0x0000,0x0000,0x528A,0xFFFF,0xFFFF,0xFFFF,
0x8C51,0x0000,0x0000,0x4A69,0xFFFF,0xFFFF,0xFFFF,0x39E7,0x0000,0x0000,0x0861,0xBDF7,0xFFFF,0xFFFF,0xFFFF,0x94B2,
0x0000,0x0000,0x83F0,0xFFFF,0xDEFB,0x7BCF,0xBDF7,0xFFFF,0xFFFF,0xFFFF,0xB5B6,0x52AA,0x0020,0x0000,0x0000,0x0000,
0x0000,0x0000,0x0000,0x2104,0x8410,0xE71C,0xFFFF,0xFFFF,0xFFDF,0x9CD3,0x8430,0xF79E,0xFFFF,0x2965,0x0000,0x2945,
0xCE59,0xFFFF,0xFFFF,0xFFFF,0x7BEF,0x0000,0x0000,0x0000,0x8C51,0xFFFF,0xFFFF,0xEF7D,0x18C3,0x0000,0x1082,0xC638,
0xFFFF,0xFFFF,0xEF7D,0x18E3,0x0000,0x0000,0x0000,0x0000,0x0000,0x0000,0x0000,0x0000,0x0000,0x0000,0x0000,0x0000,
0x0000,0x0000,0x0000,0x0000,0x0000,0x2965,0x4208,0x2104,0x0000,0x0000,0x0000,0x0000,0x0000,0x0000,0x0000,0x0000,
0x0000,0x0000,0x0000,0x0000,0x0000,0x0000,0x0000,0x0000,0x0000,0x0000,0x0000,0x0000,0x0000,0x0000,0x0000,0x0000,
0x0000,0x0000,0x0000,0x0000,0x0000,0x0000,0x0000,0x0000,0x0000,0x0000,0x0000,0x0000,0x0000,0x0000,0x0000,0x0000,
0x0000,0x0000,0x0000,0x0000,0x0000,0x0000,0x0000,0x0000,0x0000,0x0000,0x0000,0x0000,0x0000,0x0000,0x0000,0x0000,
0x0000,0x1082,0xE73C,0xFFFF,0xFFFF,0xA534,0x0000,0x0000,0x0000,0x0000,0x8C71,0xFFFF,0x7BCF,0x0020,0x0000,0x0861,
0xC618,0xFFFF,0xFFFF,0xFFFF,0x6B6D,0x0000,0x0000,0x0861,0xE73C,0xFFFF,0xF7BF,0xFFFF,0xFFFF,0xFFFF,0xA534,0x2124,
0x0000,0x0000,0x0861,0x52AA,0xAD75,0x5ACB,0x8C71,0x94B2,0x39C7,0x0000,0x0000,0x0000,0x5ACB,0xD6BA,0xFFFF,0xFFFF,
0xFFFF,0xFFDF,0xFFFF,0x9CF3,0x0000,0x0000,0x0841,0xB596,0xFFFF,0xFFFF,0xFFFF,0x8430,0x0000,0x0000,0x1082,0xAD75,
0xFFFF,0x4A69,0x0000,0x0000,0x0000,0x1082,0xDEDB,0xFFFF,0xFFFF,0xA534,0x0000,0x0000,0x0000,0x0000,0x0000,0x0000,
0x0000,0x0000,0x0000,0x0000,0x0000,0x0000,0x0000,0x0000,0x0000,0x10A2,0xAD75,0xFFFF,0xFFFF,0xFFDF,0x9492,0x0000,
0x0000,0x0000,0x0000,0x0000,0x0000,0x0000,0x0000,0x0000,0x0000,0x0000,0x0000,0x0000,0x0000,0x0000,0x0000,0x0000,
0x0000,0x0000,0x0000,0x0000,0x0000,0x0000,0x0000,0x0000,0x0000,0x0000,0x0000,0x0000,0x0000,0x0000,0x0000,0x0000,
0x0000,0x0000,0x0000,0x0000,0x0000,0x0000,0x0000,0x0000,0x0000,0x0000,0x0000,0x0000,0x0000,0x0000,0x0000,0x0000,
0x0000,0x0000,0x0000,0x0000,0x0000,0x0000,0x0000,0x73AE,0xFFFF,0xFFFF,0xDEFB,0x0861,0x0000,0x0000,0x0000,0x0000,
0x0841,0x528A,0x0000,0x0000,0x0841,0xC618,0xFFFF,0xFFFF,0xFFFF,0x528A,0x0000,0x0000,0x0000,0x5ACB,0xFFFF,0xFFFF,
0xFFFF,0xFFFF,0xFFFF,0x9492,0x0000,0x0000,0x2945,0x8C51,0xEF7D,0xFFFF,0xFFFF,0x2945,0x8C51,0xFFFF,0xFFFF,0xCE79,
0x6B4D,0x1082,0x0000,0x0020,0xE71C,0xFFFF,0xFFFF,0xFFFF,0xFFFF,0xF79E,0x18C3,0x0000,0x0000,0x0000,0x9492,0xFFFF,
0xFFFF,0xFFFF,0x8410,0x0000,0x0000,0x0841,0x4A49,0x0000,0x0000,0x0000,0x0000,0x0000,0x39E7,0xFFFF,0xFFFF,0xFFDF,
0x2124,0x0000,0x0000,0x0000,0x0000,0x0000,0x0000,0x0000,0x0000,0x0000,0x0000,0x0000,0x0000,0x0000,0x0000,0xBDF7,
0xFFFF,0xFFFF,0xF7BE,0xFFFF,0xFFFF,0x8C51,0x18E3,0x18E3,0x2104,0x2124,0x2124,0x2965,0x3186,0x0861,0x0000,0x0000,
0x0000,0x0000,0x0000,0x0000,0x0000,0x0000,0x0000,0x0000,0x0000,0x0000,0x0000,0x0000,0x0000,0x0000,0x0000,0x0000,
0x0000,0x0000,0x0000,0x0000,0x0000,0x0000,0x0000,0x0000,0x0000,0x0000,0x0000,0x0000,0x0000,0x0000,0x0000,0x0000,
0x0000,0x0000,0x0000,0x0000,0x0000,0x0000,0x0000,0x0000,0x0000,0x0000,0x0000,0x0000,0x0000,0xCE79,0xFFFF,0xFFFF,
0x632C,0x0000,0x0000,0x0000,0x0000,0x0000,0x0000,0x0000,0x0000,0x0000,0xAD75,0xFFFF,0xFFFF,0xFFDF,0x4228,0x10A2,
0x73AE,0x0000,0x0000,0xAD55,0xFFFF,0xFFFF,0xFFFF,0xFFFF,0xDEDB,0x0000,0x528A,0xBDD7,0xFFFF,0xFFFF,0xF7BE,0xCE79,
0xA535,0x0000,0x18C3,0xD6BA,0xCE79,0xFFFF,0xFFFF,0xEF5D,0x9492,0x18E3,0x4228,0xFFFF,0xFFFF,0xFFFF,0xFFFF,0xFFFF,
0x630C,0x0000,0x18E3,0x73AE,0x0000,0x9492,0xFFFF,0xFFFF,0xFFFF,0x632C,0x0000,0x0000,0x0000,0x0000,0x0000,0x0000,
0x0000,0x0000,0x0000,0xAD75,0xFFFF,0xFFFF,0x7C10,0x0000,0x0000,0x0000,0x0000,0x0000,0x0000,0x0000,0x0000,0x0000,
0x0000,0x0000,0x0000,0x0000,0x2965,0xFFFF,0xFFFF,0x738E,0x18E3,0x9CD3,0xFFFF,0xFFFF,0xF79E,0xF7BE,0xF7BE,0xFFDF,
0xFFDF,0xFFFF,0xFFFF,0xCE79,0x0861,0x0000,0x0000,0x0000,0x0000,0x0000,0x0000,0x0000,0x0000,0x0000,0x0000,0x0000,
0x0000,0x0000,0x0000,0x0000,0x0000,0x0000,0x0000,0x0000,0x0000,0x0000,0x0000,0x0000,0x0000,0x0000,0x0000,0x0000,
0x0000,0x0000,0x0000,0x0000,0x0000,0x0000,0x0000,0x0000,0x0000,0x0000,0x0000,0x0000,0x0000,0x0000,0x0000,0x0000,
0x0000,0x0000,0x18E3,0xF7BE,0xFFFF,0xEF5D,0x0861,0x0000,0x0000,0x0000,0x0000,0x0000,0x0000,0x0000,0x0000,0x8C51,
0xFFFF,0xFFFF,0xFFFF,0x528A,0x0000,0xD69A,0x6B4D,0x0000,0x0000,0xDEDB,0xFFFF,0xFFFF,0xFFFF,0xFFFF,0xB596,0x9CF3,
0xFFFF,0xFFFF,0xFFFF,0xB5B6,0x2124,0x8C51,0x738E,0x0000,0x0000,0xBDD7,0x2945,0x528A,0xE6FC,0xFFFF,0xFFFF,0xF77E,
0x7BEF,0xEF5D,0xFFFF,0xFFFF,0xFFFF,0xFFFF,0x9CD3,0x0000,0x0000,0xCE79,0x7BEF,0x0000,0xA534,0xFFFF,0xFFFF,0xFFDF,
0x4208,0x0000,0x0000,0x0000,0x0000,0x0000,0x0000,0x0000,0x0000,0x4A29,0xFFFF,0xFFFF,0xC618,0x0000,0x0000,0x0000,
0x0000,0x0000,0x0000,0x0000,0x0000,0x0000,0x0000,0x0000,0x0000,0x528A,0xCE79,0xFFFF,0xF79E,0x0000,0x0000,0x3186,
0xFFFF,0xFFFF,0xFFFF,0xFFFF,0xFFFF,0xFFFF,0xFFFF,0xFFFF,0xFFFF,0xFFFF,0x2124,0x0000,0x0000,0x0000,0x0000,0x0000,
0x0000,0x0000,0x0000,0x0000,0x0000,0x0000,0x0000,0x0000,0x0000,0x0000,0x0000,0x0000,0x0000,0x0000,0x0000,0x0000,
0x0000,0x0000,0x0000,0x0000,0x0000,0x0000,0x0000,0x0000,0x0000,0x0000,0x0000,0x0000,0x0000,0x0000,0x0000,0x0000,
0x0000,0x0000,0x0000,0x0000,0x0000,0x0000,0x0000,0x0000,0x3186,0xFFFF,0xFFFF,0xC618,0x0000,0x0000,0x0000,0x0000,
0x0000,0x0000,0x0000,0x0000,0x4A69,0xFFFF,0xFFFF,0xFFFF,0x738E,0x0000,0x8410,0xFFFF,0x3186,0x0000,0x0000,0x7BCF,
0xEF7D,0xFFFF,0xFFFF,0xFFFF,0xFFFF,0xFFFF,0xFFFF,0xFFFF,0xBDD7,0x0000,0x0000,0xDEDB,0x9CF3,0x0000,0x1082,0xFFDF,
0x630C,0x0000,0x2104,0xF79E,0xFFFF,0xFFFF,0xFFFF,0xFFFF,0xFFFF,0xFFFF,0xFFFF,0xE71C,0x4228,0x0000,0x0000,0x9CF3,
0xFFFF,0x39C7,0x0020,0xC5F8,0xFFFF,0xFFFF,0xE73C,0x10A2,0x0000,0x0000,0x0000,0x0000,0x0000,0x0000,0x0000,0x18E3,
0xF7BE,0xFFFF,0xDEDB,0x0020,0x0000,0x0020,0x0020,0x0841,0x0841,0x0841,0x0841,0x0861,0x1082,0x52AA,0xC638,0xFFFF,
0xFFFF,0xFFFF,0xFFFF,0x8410,0x31A6,0xB596,0xFFFF,0xF7BE,0xCE59,0xCE59,0xCE59,0xC638,0xC638,0xC618,0xC618,0x7BCF,
0x0000,0x0000,0x0000,0x0000,0x0000,0x0000,0x0000,0x0000,0x0000,0x0000,0x0000,0x0000,0x0000,0x0000,0x0000,0x0000,
0x0000,0x0000,0x0000,0x0000,0x0000,0x0000,0x0000,0x0000,0x0000,0x0000,0x0000,0x0000,0x0000,0x0000,0x0000,0x0000,
0x0000,0x0000,0x0000,0x0000,0x0000,0x0000,0x0020,0x0020,0x0841,0x0841,0x0861,0x0861,0x0861,0x0861,0x4A49,0xFFFF,
0xFFFF,0xAD75,0x0000,0x0000,0x0000,0x0000,0x0000,0x0000,0x0000,0x10A2,0xE73C,0xFFFF,0xFFFF,0xA534,0x0000,0x18C3,
0xF7BE,0xFFFF,0x4228,0x0000,0x0000,0x0000,0x18C3,0x630C,0xA514,0xDEFB,0xFFFF,0xFFFF,0xFFFF,0xFFFF,0xB5B6,0x0000,
0x10A2,0xFFDF,0xCE59,0x0000,0x4208,0xFFFF,0x9492,0x0000,0x20E3,0xF79E,0xFFFF,0xFFFF,0xFFFF,0xFFFF,0xC638,0x8C51,
0x4A69,0x1082,0x0000,0x0000,0x0000,0xB596,0xFFFF,0xC618,0x0000,0x10A2,0xE73C,0xFFFF,0xFFFF,0xAD55,0x0000,0x0000,
0x0000,0x0000,0x0000,0x0000,0x0000,0x10A2,0xEF5D,0xFFFF,0xFFDF,0xD67A,0xD67A,0xDEDB,0xDEFB,0xE71C,0xE71C,0xE71C,
0xE71C,0xE71C,0xEF5D,0xFFFF,0xFFFF,0xFFFF,0xFFFF,0xF7BE,0xFFFF,0xFFFF,0xFFFF,0xFFFF,0xFFFF,0x738E,0x0000,0x0000,
0x0000,0x0000,0x0000,0x0000,0x0000,0x0000,0x0000,0x0000,0x0000,0x0000,0x0000,0x0000,0x0000,0x0000,0x0000,0x0000,
0x0000,0x0000,0x0000,0x0000,0x0000,0x0000,0x0000,0x0000,0x0000,0x18C3,0x94B2,0xAD55,0xA534,0xAD55,0xB596,0xB5B6,
0xBDD7,0xBDD7,0xBDF7,0xBE18,0xC618,0xC638,0xCE79,0xD69A,0xD69A,0xD69A,0xD6BA,0xD6BA,0xD6BA,0xDEDB,0xDEFB,0xE71C,
0xE73C,0xE73C,0xE73C,0xE73C,0xEF7D,0xFFFF,0xFFFF,0xA554,0x0000,0x0000,0x0000,0x0000,0x0000,0x0000,0x0000,0xA534,
0xFFFF,0xFFFF,0xD6BA,0x0861,0x0000,0x7BCF,0xFFFF,0xFFFF,0xBDF7,0x0000,0x0000,0x0000,0x0000,0x0000,0x0000,0x0020,
0x4A69,0xC618,0xFFFF,0xFFFF,0xFFFF,0x39C7,0x2124,0xFFFF,0xF7BE,0x0841,0x7BCF,0xFFFF,0xB5B6,0x0000,0xA534,0xFFFF,
0xFFFF,0xFFFF,0x8C71,0x2965,0x0000,0x0000,0x0000,0x0000,0x0000,0x0000,0x2945,0xF79E,0xFFFF,0xFFDF,0x2965,0x0000,
0x4208,0xFFFF,0xFFFF,0xFFFF,0x528A,0x0000,0x0000,0x0000,0x0000,0x0000,0x0000,0x1082,0xEF5D,0xFFFF,0xFFFF,0xFFFF,
0xFFFF,0xFFFF,0xFFFF,0xFFFF,0xFFFF,0xFFFF,0xFFFF,0xFFFF,0xFFFF,0xFFFF,0xFFFF,0xE71C,0x7BCF,0x2124,0x8C71,0xF79E,
0xFFFF,0xE73C,0x7BEF,0x0000,0x0000,0x0000,0x0000,0x0000,0x0000,0x0000,0x0000,0x0000,0x0000,0x0000,0x0000,0x0000,
0x0000,0x0000,0x0000,0x0000,0x0000,0x0000,0x0000,0x0000,0x0000,0x0000,0x0000,0x0000,0x0000,0x0000,0x0000,0x9492,
0xFFFF,0xFFFF,0xFFFF,0xFFFF,0xFFFF,0xFFFF,0xFFFF,0xFFFF,0xFFFF,0xFFFF,0xFFFF,0xFFFF,0xFFFF,0xFFFF,0xFFFF,0xFFFF,
0xFFFF,0xFFFF,0xFFFF,0xFFFF,0xFFFF,0xFFFF,0xFFFF,0xFFFF,0xFFFF,0xFFFF,0xFFFF,0xFFFF,0xFFFF,0xAD55,0x0000,0x0000,
0x0000,0x0000,0x0000,0x0000,0x39E7,0xFFFF,0xFFFF,0xFFFF,0x39E7,0x0000,0x0000,0xC618,0xFFFF,0xFFFF,0xFFFF,0x8410,
0x0000,0x0000,0x4A49,0x6B4D,0x2124,0x0000,0x0000,0x0000,0x8C51,0xFFFF,0xFFFF,0x8C51,0x4208,0xFFFF,0xFFFF,0x4A49,
0x9CD3,0xFFFF,0xDEDB,0x18C3,0xEF7D,0xFFFF,0xEF5D,0x4228,0x0000,0x0000,0x0000,0x3186,0x7BCE,0x18E3,0x0000,0x1082,
0xD69A,0xFFFF,0xFFFF,0xFFFF,0x7BCF,0x0000,0x0000,0x8430,0xFFFF,0xFFFF,0xDEFB,0x0861,0x0000,0x0000,0x0000,0x0000,
0x0000,0x1082,0xEF5D,0xFFFF,0xFFFF,0xF7BE,0xF79E,0xEF7D,0xEF7D,0xEF7D,0xEF5D,0xEF5D,0xE73C,0xE71C,0xE71C,0xCE79,
0x73AE,0x0861,0x0000,0x0000,0x0000,0x18C3,0x2965,0x1082,0x0000,0x0000,0x0000,0x0000,0x0000,0x0000,0x0000,0x0000,
0x0000,0x0000,0x0000,0x0000,0x0000,0x0000,0x0000,0x0000,0x0000,0x0000,0x0000,0x0000,0x0000,0x0000,0x0000,0x0000,
0x0000,0x0000,0x0000,0x0000,0x0000,0x630C,0xFFFF,0xFFFF,0xFFFF,0xFFFF,0xFFFF,0xFFFF,0xFFFF,0xFFFF,0xFFFF,0xFFFF,
0xFFFF,0xFFFF,0xFFFF,0xFFDF,0xFFDF,0xF7BE,0xF79E,0xEF7D,0xEF7D,0xEF7D,0xEF7D,0xEF5D,0xEF5D,0xE73C,0xE73C,0xE71C,
0xE73D,0xFFDF,0xFFFF,0xAD75,0x0000,0x0000,0x0000,0x0000,0x0000,0x0000,0xC618,0xFFFF,0xFFFF,0x9CF3,0x0000,0x0000,
0x0000,0xD69A,0xFFFF,0xFFFF,0xFFFF,0xFFFF,0x31A6,0x0000,0x39E7,0xFFFF,0xFFDF,0xA534,0x2945,0x0000,0x0000,0x8430,
0xFFFF,0xC638,0x7BEF,0xFFFF,0xFFFF,0xCE79,0xE71C,0xFFFF,0xEF7D,0x73AE,0xFFFF,0xF7BE,0x31A6,0x0000,0x0000,0x5ACB,
0xCE59,0xFFFF,0xEF5D,0x0841,0x0000,0x8C51,0xFFFF,0xFFFF,0xFFFF,0xFFFF,0x8C51,0x0000,0x0000,0x0020,0xD6BA,0xFFFF,
0xFFFF,0x7BCF,0x0000,0x0000,0x0000,0x0000,0x0000,0x1082,0xEF5D,0xFFFF,0xF79E,0x3186,0x18C3,0x10C3,0x10A2,0x10A2,
0x1082,0x0861,0x0861,0x0841,0x0841,0x0000,0x0000,0x0000,0x0000,0x0000,0x0000,0x0000,0x0000,0x0000,0x0000,0x0000,
0x0000,0x0000,0x0000,0x0000,0x0000,0x0000,0x0000,0x0000,0x0000,0x0000,0x0000,0x0000,0x0000,0x0000,0x0000,0x0000,
0x0000,0x0000,0x0000,0x0000,0x0000,0x0000,0x0000,0x0000,0x0000,0x0000,0x0000,0x0000,0x31A6,0x4A49,0x4208,0x4208,
0x39E7,0x39E7,0x39E7,0x39C7,0x31A6,0x3186,0x2945,0x2945,0x2945,0x2124,0x2104,0x2104,0x18E3,0x18C3,0x10A2,0x10A2,
0x10A2,0x10A2,0x1082,0x0861,0x0861,0x0041,0x4A49,0xFFFF,0xFFFF,0xAD55,0x0000,0x0000,0x0000,0x0000,0x0000,0x4A49,
0xFFFF,0xFFFF,0xEF7D,0x18C3,0x0000,0x0000,0x0000,0xD6BA,0xFFFF,0xFFFF,0xFFFF,0xFFFF,0xAD75,0x0000,0x0000,0x9492,
0xFFFF,0xFFFF,0xE71C,0x2104,0x0000,0x0000,0xDEDB,0xFFFF,0xE73C,0xFFFF,0xFFFF,0xFFFF,0xFFFF,0xFFFF,0xFFDF,0xEF7D,
0xFFFF,0x7BEF,0x0000,0x0000,0x5AEB,0xFFFF,0xFFFF,0xFFFF,0x4228,0x0000,0x10A2,0xF79E,0xFFFF,0xFFFF,0xFFFF,0xFFFF,
0x8C51,0x0000,0x0000,0x0000,0x52AA,0xFFFF,0xFFFF,0xEF5D,0x1082,0x0000,0x0000,0x0000,0x0000,0x10A2,0xEF7D,0xFFFF,
0xE73C,0x0841,0x0000,0x0000,0x0000,0x0000,0x0000,0x0000,0x0000,0x0000,0x0000,0x0000,0x0000,0x0000,0x0000,0x0000,
0x0000,0x0000,0x0000,0x0000,0x0000,0x0000,0x0000,0x0000,0x0000,0x0000,0x0000,0x0000,0x0000,0x0000,0x0000,0x0000,
0x0000,0x0000,0x0000,0x0000,0x0000,0x0000,0x0000,0x0000,0x0000,0x0000,0x0000,0x0000,0x0000,0x0000,0x0000,0x0000,
0x0000,0x0000,0x0000,0x0000,0x0000,0x0000,0x0000,0x0000,0x0000,0x0000,0x0000,0x0000,0x0000,0x0000,0x0000,0x0000,
0x0000,0x0000,0x0000,0x0000,0x0000,0x0000,0x0000,0x0000,0x0000,0x0000,0x0000,0x0000,0x39C7,0xFFFF,0xFFFF,0xAD75,
0x0000,0x0000,0x0000,0x0000,0x0000,0xC618,0xFFFF,0xFFFF,0x8410,0x0000,0x0000,0x1082,0x0000,0xC618,0xFFFF,0xFFFF,
0xFFFF,0xFFFF,0xFFFF,0x3186,0x0000,0x0000,0x528A,0x630C,0x2945,0x0861,0x0000,0x0000,0x8C51,0xFFFF,0xFFFF,0xFFFF,
0xFFFF,0xFFFF,0xFFFF,0xFFFF,0xFFFF,0xFFFF,0xFFFF,0x2965,0x0000,0x0000,0x18E3,0x4228,0x738E,0x31A6,0x0000,0x0000,
0x8410,0xFFFF,0xFFFF,0xFFFF,0xFFFF,0xFFFF,0x73AE,0x0020,0x0841,0x0000,0x0000,0xCE59,0xFFFF,0xFFFF,0x73AE,0x0000,
0x0000,0x0000,0x0000,0x18C3,0xEF7D,0xFFFF,0xDEFB,0x0000,0x0000,0x0000,0x0000,0x0000,0x0000,0x0000,0x0020,0x0861,
0x1082,0x10A2,0x18C3,0x2104,0x2945,0x2965,0x3186,0x39E7,0x4208,0x4228,0x528A,0x5ACB,0x5AEB,0x632C,0x738E,0x7BCF,
0x7BCF,0x8430,0x8C71,0x9492,0x94B2,0xA514,0xAD55,0xAD75,0xB596,0xC618,0xA514,0x10A2,0x0000,0x0000,0x0000,0x0000,
0x0000,0x0000,0x0000,0x0000,0x0000,0x0000,0x0000,0x0000,0x0000,0x0000,0x0000,0x0000,0x0000,0x0000,0x0000,0x0000,
0x0000,0x0000,0x0000,0x0000,0x0000,0x0000,0x0000,0x0000,0x0000,0x0000,0x0000,0x0000,0x0000,0x0000,0x0000,0x0000,
0x0000,0x0000,0x31A6,0xFFFF,0xFFFF,0xB5B6,0x0000,0x0000,0x0000,0x0000,0x39C7,0xFFFF,0xFFFF,0xF79E,0x18C3,0x0000,
0x0000,0x52AA,0x0000,0x9CF3,0xFFFF,0xFFFF,0xFFFF,0xFFFF,0xFFFF,0xCE79,0x2104,0x0000,0x0000,0x0000,0x0000,0x0000,
0x0000,0x0000,0x62EC,0xFFFF,0xFFFF,0xFFFF,0xFFFF,0xFFFF,0xFFFF,0xFFFF,0xFFFF,0xFFFF,0xEF5D,0x1082,0x0000,0x0000,
0x0000,0x0000,0x0000,0x0000,0x0000,0x528A,0xFFDF,0xFFFF,0xFFFF,0xFFFF,0xFFFF,0xFFFF,0x4A49,0x2945,0x4208,0x0000,
0x0000,0x528A,0xFFFF,0xFFFF,0xE71C,0x0841,0x0000,0x0000,0x0000,0x18E3,0xF79E,0xFFFF,0xF79E,0xAD55,0xB596,0xBDD7,
0xC618,0xCE59,0xD69A,0xD6BA,0xDEDB,0xE71C,0xEF5D,0xEF7D,0xF79E,0xF7BF,0xFFFF,0xFFFF,0xFFFF,0xFFFF,0xFFFF,0xFFFF,
0xFFFF,0xFFFF,0xFFFF,0xFFFF,0xFFFF,0xFFFF,0xFFFF,0xFFFF,0xFFFF,0xFFFF,0xFFFF,0xFFFF,0xFFFF,0xFFFF,0xFFFF,0xFFFF,
0xFFFF,0x738E,0x0000,0x0000,0x0000,0x0000,0x0000,0x0000,0x0000,0x0000,0x0000,0x0000,0x0000,0x0000,0x0000,0x0000,
0x0000,0x0000,0x0000,0x0000,0x0000,0x0000,0x0000,0x0000,0x0000,0x0000,0x0000,0x0000,0x0000,0x0000,0x0000,0x0000,
0x0000,0x0000,0x0000,0x0000,0x0000,0x0000,0x0000,0x0000,0x18C3,0xFFDF,0xFFFF,0xC617,0x0000,0x0000,0x0000,0x0000,
0xA514,0xFFFF,0xFFFF,0x94B2,0x0000,0x0000,0x0861,0x8C51,0x0000,0x7BEF,0xFFFF,0xFFFF,0xFFFF,0xFFFF,0xFFFF,0xFFFF,
0xF79E,0xA514,0x7BCF,0x9492,0x8C30,0x0861,0x0000,0x0000,0x5ACB,0xFFFF,0xFFFF,0xFFFF,0xFFFF,0xFFFF,0xFFFF,0xFFFF,
0xFFFF,0xFFFF,0xDEFB,0x0841,0x0000,0x0000,0x39C7,0x94B2,0x8430,0x7BCF,0xB596,0xFFFF,0xFFFF,0xFFFF,0xFFFF,0xFFFF,
0xFFFF,0xFFFF,0x2124,0x2945,0x8C91,0x0000,0x0000,0x0000,0xD69A,0xFFFF,0xFFFF,0x630C,0x0000,0x0000,0x0000,0x2124,
0xFFDF,0xFFFF,0xFFFF,0xFFFF,0xFFFF,0xFFFF,0xFFFF,0xFFFF,0xFFFF,0xFFFF,0xFFFF,0xFFFF,0xFFFF,0xFFFF,0xFFFF,0xFFFF,
0xFFFF,0xFFFF,0xFFFF,0xFFFF,0xFFFF,0xFFFF,0xFFFF,0xFFFF,0xFFFF,0xFFFF,0xFFFF,0xFFFF,0xFFFF,0xFFFF,0xFFFF,0xFFFF,
0xFFFF,0xFFFF,0xFFFF,0xFFFF,0xFFFF,0xFFFF,0xF7BE,0x39E7,0x0000,0x0000,0x0000,0x0000,0x0000,0x0000,0x0000,0x0000,
0x0000,0x0000,0x0000,0x0000,0x0000,0x0000,0x0000,0x0000,0x0000,0x0000,0x0000,0x0000,0x0000,0x0000,0x0000,0x0000,
0x0000,0x0020,0x0841,0x1082,0x10A2,0x18E3,0x2104,0x2945,0x3186,0x39C7,0x39E7,0x4208,0x4A69,0x528A,0x6B4D,0xFFBF,
0xFFFF,0xCE79,0x0000,0x0000,0x0000,0x2104,0xF7BE,0xFFFF,0xFFDF,0x2145,0x0000,0x0000,0x5269,0xA534,0x0000,0x528A,
0xFFFF,0xFFFF,0xFFFF,0xFFFF,0xFFFF,0xFFFF,0xFFFF,0xFFFF,0xFFFF,0xFFFF,0xFFFF,0xAD76,0x0000,0x0000,0x73AE,0xFFFF,
0xFFFF,0xFFFF,0xFFFF,0xFFFF,0xFFFF,0xFFFF,0xFFFF,0xFFFF,0xEF9D,0x10A2,0x0000,0x2945,0xF7BE,0xFFFF,0xFFFF,0xFFFF,
0xFFFF,0xFFFF,0xFFFF,0xFFFF,0xFFFF,0xFFFF,0xFFFF,0xEF5D,0x0861,0x1082,0xCE79,0x10A2,0x0000,0x0000,0x6B4D,0xFFFF,
0xFFFF,0xCE59,0x0000,0x0000,0x0000,0x2945,0xFFFF,0xFFFF,0xFFFF,0xFFFF,0xFFFF,0xFFFF,0xFFFF,0xFFFF,0xFFFF,0xFFDF,
0xF7BE,0xEF7D,0xEF5D,0xE73C,0xE71C,0xDEFB,0xDEDB,0xD69A,0xC659,0xC638,0xBDF7,0xB5B6,0xAD75,0xAD55,0xA534,0x9CD3,
0x8C71,0x8C51,0x8410,0x73AE,0x738E,0x6B6D,0x632C,0x5AEB,0x52AA,0x528A,0x4A49,0x4208,0x2104,0x0000,0x0000,0x0000,
0x0000,0x0000,0x0000,0x0000,0x0000,0x0000,0x0000,0x0000,0x4A49,0x6B4D,0x738E,0x7BEF,0x8430,0x8C51,0x9CD3,0xA514,
0xA534,0xAD75,0xBDD7,0xBDF7,0xC638,0xCE79,0xD69A,0xDEFB,0xE71C,0xE73C,0xEF7D,0xF7BE,0xFFDF,0xFFFF,0xFFFF,0xFFFF,
0xFFFF,0xFFFF,0xFFFF,0xFFFF,0xFFFF,0xFFFF,0xFFFF,0xD6BA,0x0000,0x0000,0x0000,0x8410,0xFFFF,0xFFFF,0xAD75,0x0000,
0x0000,0x0000,0xA534,0xA534,0x0000,0x18E3,0xFFDF,0xFFFF,0xFFFF,0xFFFF,0xFFFF,0xFFFF,0xFFFF,0xFFFF,0xFFFF,0xFFFF,
0xFFFF,0xFFFF,0x4228,0x0000,0x9492,0xFFFF,0xFFFF,0xFFFF,0xFFFF,0xFFFF,0xFFFF,0xFFFF,0xFFFF,0xFFFF,0xFFFF,0x2965,
0x0000,0xA514,0xFFFF,0xFFFF,0xFFFF,0xFFFF,0xFFFF,0xFFFF,0xFFFF,0xFFFF,0xFFFF,0xFFFF,0xFFFF,0xBDF7,0x0000,0x0000,
0xE73C,0x632C,0x0000,0x0000,0x1082,0xEF5D,0xFFFF,0xFFFF,0x4208,0x0000,0x0000,0x39C7,0xFFFF,0xFFFF,0xD69A,0x4228,
0x4208,0x39E7,0x31A6,0x3186,0x2965,0x2945,0x18E3,0x18C3,0x10A2,0x0861,0x0841,0x0020,0x0020,0x0000,0x0000,0x0000,
0x0000,0x0000,0x0000,0x0000,0x0000,0x0000,0x0000,0x0000,0x0000,0x0000,0x0000,0x0000,0x0000,0x0000,0x0000,0x0000,
0x0000,0x0000,0x0000,0x0000,0x0000,0x0000,0x0000,0x0000,0x0000,0x0000,0x0000,0x0000,0x0000,0x632C,0xFFFF,0xFFFF,
0xFFFF,0xFFFF,0xFFFF,0xFFFF,0xFFFF,0xFFFF,0xFFFF,0xFFFF,0xFFFF,0xFFFF,0xFFFF,0xFFFF,0xFFFF,0xFFFF,0xFFFF,0xFFFF,
0xFFFF,0xFFFF,0xFFFF,0xFFFF,0xFFFF,0xFFFF,0xFFFF,0xFFFF,0xFFFF,0xFFFF,0xFFFF,0xFFFF,0xFFFF,0xE73C,0x0861,0x0000,
0x0861,0xE71C,0xFFFF,0xFFFF,0x4228,0x0000,0x0000,0x0020,0xEF7D,0x9492,0x0000,0x0000,0xC638,0xFFFF,0xFFFF,0xFFFF,
0xFFFF,0xFFFF,0xFFFF,0xFFFF,0xFFFF,0xFFDF,0xF79E,0xFFFF,0x73AE,0x0000,0xAD55,0xFFFF,0xFFFF,0xFFFF,0xFFFF,0xFFFF,
0xFFFF,0xFFFF,0xFFFF,0xFFFF,0xFFFF,0x4208,0x0000,0xCE79,0xFFFF,0xEF5D,0xFFFF,0xFFFF,0xFFFF,0xFFFF,0xFFFF,0xFFFF,
0xFFFF,0xFFFF,0xFFFF,0x6B6D,0x0000,0x0000,0xDEDB,0xBDD7,0x0000,0x0000,0x0000,0x8C51,0xFFFF,0xFFFF,0xAD75,0x0000,
0x0000,0x4A69,0xFFFF,0xFFFF,0xAD55,0x0000,0x0000,0x0000,0x0000,0x0000,0x0000,0x0000,0x0000,0x0000,0x0000,0x0000,
0x0000,0x0000,0x0000,0x0000,0x0000,0x0000,0x0000,0x0000,0x0000,0x0000,0x0000,0x0000,0x0000,0x0000,0x0000,0x0000,
0x0000,0x0000,0x0000,0x0000,0x0000,0x0000,0x0000,0x0000,0x0000,0x0000,0x0000,0x0000,0x0000,0x0000,0x0000,0x0000,
0x0000,0x0000,0x0000,0x7BEF,0xFFFF,0xFFFF,0xFFFF,0xFFFF,0xFFFF,0xFFFF,0xFFFF,0xFFFF,0xFFFF,0xFFFF,0xFFFF,0xFFFF,
0xFFFF,0xFFFF,0xFFFF,0xFFDF,0xF79E,0xEF7E,0xEF5D,0xDEFB,0xDEBB,0xD6BA,0xCE59,0xC618,0xBDD7,0xAD75,0xA534,0x9CD3,
0x8C71,0xEF3D,0xFFFF,0xF7BE,0x18E3,0x0000,0x5ACB,0xFFFF,0xFFFF,0xCE79,0x0000,0x0000,0x0000,0x528A,0xFFFF,0x73AE,
0x0000,0x0000,0x4208,0xFFFF,0xFFFF,0xFFFF,0xFFFF,0xFFFF,0xFFFF,0xFFFF,0xFFFF,0x94B2,0xD6BA,0xFFFF,0x6B6D,0x0000,
0xCE59,0xFFFF,0xFFFF,0xFFFF,0xFFFF,0xFFFF,0xFFFF,0xFFFF,0xFFFF,0xFFFF,0xFFFF,0x634C,0x0000,0xCE59,0xFFFF,0x8451,
0xC618,0xFFFF,0xFFFF,0xFFFF,0xFFFF,0xFFFF,0xFFFF,0xFFFF,0xDEDB,0x0841,0x0000,0x0000,0xC618,0xFFDF,0x18C3,0x0000,
0x0000,0x2104,0xFFDF,0xFFFF,0xFFDF,0x2104,0x0000,0x5AEC,0xFFFF,0xFFFF,0x8410,0x0000,0x0000,0x0000,0x0000,0x0000,
0x0000,0x0000,0x0000,0x0000,0x0841,0x1082,0x18C3,0x2104,0x2945,0x31A6,0x4228,0x4A49,0x5ACB,0x632C,0x2945,0x0000,
0x0000,0x0000,0x0000,0x0000,0x0000,0x0000,0x0000,0x0000,0x0000,0x0000,0x0000,0x0000,0x0000,0x0000,0x0000,0x0000,
0x0000,0x0000,0x0000,0x0000,0x0000,0x0000,0x0000,0x0000,0x0000,0x0861,0x7BCF,0x94B2,0x8430,0x7BCF,0x73AE,0x6B4D,
0x5AEB,0x5ACB,0x528A,0x4A49,0x4228,0x4208,0x39C7,0x3185,0x2965,0x2124,0x18C3,0x18C3,0x1082,0x0841,0x0020,0x0000,
0x0000,0x0000,0x0000,0x0000,0x0000,0x0000,0x0000,0xC618,0xFFFF,0xFFFF,0x2965,0x0000,0xC618,0xFFFF,0xFFFF,0x632C,
0x0000,0x0000,0x0000,0xAD35,0xFFFF,0x738D,0x0000,0x0000,0x0000,0xAD55,0xFFFF,0xFFFF,0xFFFF,0xFFFF,0xFFFF,0xE73C,
0x630C,0x39E7,0xFFFF,0xFFFF,0x632C,0x0000,0xE73C,0xFFFF,0xFFFF,0xFFFF,0xFFFF,0xFFFF,0xFFFF,0xFFFF,0xFFFF,0xFFFF,
0xFFFF,0x8C51,0x0000,0xCE39,0xFFFF,0xBDF7,0x10A2,0x9CD3,0xFFFF,0xFFFF,0xFFFF,0xFFFF,0xFFFF,0xFFFF,0x5AEB,0x0000,
0x0000,0x0000,0xBDD7,0xFFFF,0x6B4D,0x0000,0x0000,0x0000,0xB596,0xFFFF,0xFFFF,0x7BEF,0x0000,0x7BEF,0xFFFF,0xFFFF,
0xA534,0x73AE,0x8C51,0x9492,0xA4F4,0xAD75,0xBDD7,0xC618,0xCE79,0xD6BA,0xDEFB,0xEF5D,0xEF9E,0xF7BE,0xFFFF,0xFFFF,
0xFFFF,0xFFFF,0xFFFF,0xFFFF,0xEF3C,0x10A2,0x0000,0x0000,0x0000,0x0000,0x0000,0x0000,0x0000,0x0000,0x0000,0x0000,
0x0000,0x0000,0x0000,0x0000,0x0000,0x0000,0x0000,0x0000,0x0000,0x0000,0x0000,0x0000,0x0000,0x0000,0x0000,0x0000,
0x0000,0x0000,0x0000,0x0000,0x0000,0x0000,0x0000,0x0000,0x0000,0x0000,0x0000,0x0000,0x0000,0x0000,0x0000,0x0000,
0x0000,0x0000,0x0000,0x0000,0x0000,0x0000,0x0000,0x0000,0x0000,0x0000,0x0000,0x0000,0x0000,0xAD55,0xFFFF,0xFFFF,
0x39C7,0x2104,0xFFFF,0xFFFF,0xEF5D,0x0861,0x0000,0x0000,0x18C3,0xF79E,0xFFFF,0x738E,0x0000,0x0000,0x0000,0x2124,
0xFFDF,0xFFFF,0xFFFF,0xFFFF,0x94B2,0x10A2,0x0000,0x9CF3,0xFFFF,0xFFFF,0x6B4D,0x10A2,0xFFDF,0xFFFF,0xFFFF,0xFFFF,
0xFFFF,0xFFFF,0xFFFF,0xFFFF,0xFFFF,0xFFFF,0xFFFF,0xB596,0x0000,0xC638,0xFFFF,0xFFFF,0x2945,0x0000,0x39E7,0xCE79,
0xFFFF,0xFFFF,0xFFFF,0xCE79,0x0000,0x0000,0x0000,0x0000,0xBDF7,0xFFFF,0xC618,0x0000,0x0000,0x0000,0x4A69,0xFFFF,
0xFFFF,0xDEFB,0x0000,0x9CD3,0xFFFF,0xFFFF,0xFFFF,0xFFFF,0xFFFF,0xFFFF,0xFFFF,0xFFFF,0xFFFF,0xFFFF,0xFFFF,0xFFFF,
0xFFFF,0xFFFF,0xFFFF,0xFFFF,0xFFFF,0xFFFF,0xFFFF,0xFFFF,0xFFFF,0xFFFF,0xF7BE,0x10A2,0x0000,0x0000,0x0000,0x0000,
0x0000,0x0000,0x0000,0x0000,0x0000,0x0000,0x0000,0x0000,0x0000,0x0000,0x0000,0x0000,0x0000,0x0000,0x0000,0x0000,
0x0000,0x0000,0x0000,0x0000,0x0000,0x0000,0x0000,0x0000,0x0000,0x0000,0x0000,0x0000,0x0000,0x0000,0x0000,0x0000,
0x0000,0x0000,0x0000,0x0000,0x0000,0x0000,0x0000,0x0000,0x0000,0x0000,0x0000,0x0000,0x0000,0x0000,0x0000,0x0000,
0x0000,0x0000,0x0000,0x7BCF,0xFFFF,0xFFFF,0x630C,0x8410,0xFFFF,0xFFFF,0x8C71,0x0000,0x0000,0x0000,0x6B6D,0xFFFF,
0xFFFF,0x738E,0x0000,0x0000,0x0000,0x0000,0x8C71,0xFFFF,0xEF5D,0x4A49,0x0000,0x0000,0x2104,0xFFDF,0xFFFF,0xFFFF,
0x632C,0x2965,0xFFFF,0xFFFF,0xFFFF,0xFFFF,0xFFFF,0xFFFF,0xFFFF,0xFFFF,0xFFFF,0xFFFF,0xFFFF,0xD6BA,0x0000,0xC638,
0xFFFF,0xFFFF,0xAD75,0x0000,0x0000,0x0020,0x8410,0xFFFF,0xFFFF,0x39E7,0x0000,0x0000,0x0000,0x0000,0xBDF7,0xFFFF,
0xFFDF,0x2945,0x0000,0x0000,0x0000,0xD6BA,0xFFFF,0xFFFF,0x4228,0xB576,0xFFFF,0xFFFF,0xFFFF,0xFFFF,0xFFFF,0xFFFF,
0xFFFF,0xFFFF,0xFFFF,0xFFFF,0xFFDF,0xF7BE,0xEF7D,0xE75C,0xDEDB,0xD69A,0xCE59,0xBDD7,0xB596,0xA534,0x9CD3,0x8C71,
0x39E7,0x0000,0x0000,0x0000,0x0000,0x0000,0x0000,0x0000,0x0000,0x0000,0x0000,0x0000,0x0000,0x0000,0x0000,0x0000,
0x0000,0x0000,0x0000,0x0000,0x0000,0x0000,0x0000,0x0000,0x0000,0x0000,0x0000,0x0000,0x0000,0x0000,0x0000,0x0000,
0x0000,0x0000,0x0000,0x0000,0x0000,0x0000,0x0000,0x0000,0x0000,0x0000,0x0000,0x0000,0x0000,0x0000,0x0000,0x0000,
0x0000,0x0000,0x0000,0x0000,0x0000,0x0000,0x0000,0x0000,0x0000,0x4228,0xFFFF,0xFFFF,0xC618,0xDEFC,0xFFFF,0xFFFF,
0x2945,0x0000,0x0000,0x0000,0xC618,0xFFFF,0xFFFF,0x738E,0x0000,0x0000,0x0000,0x0000,0x1082,0xE73C,0x4A69,0x0000,
0x0000,0x0000,0xA514,0xFFFF,0xFFFF,0xFFFF,0x5ACB,0x4A49,0xFFFF,0xFFFF,0xFFFF,0xFFFF,0xFFFF,0xFFFF,0xFFFF,0xFFFF,
0xFFFF,0xFFFF,0xFFFF,0xF79E,0x10A2,0xBDD7,0xFFFF,0xFFFF,0xFFFF,0x4228,0x0000,0x0000,0x0000,0x9CD3,0xBDF7,0x0000,
0x0000,0x0000,0x0000,0x0000,0xBDF7,0xFFFF,0xFFFF,0x7BCF,0x0000,0x0000,0x0000,0x6B6D,0xFFFF,0xFFFF,0xC618,0xDEDB,
0xFFFF,0xFFDF,0x8C51,0x6B6D,0x630B,0x5ACB,0x4A69,0x39E7,0x39C7,0x2965,0x2124,0x18E3,0x10A2,0x1082,0x0020,0x0000,
0x0000,0x0000,0x0000,0x0000,0x0000,0x0000,0x0000,0x0000,0x0000,0x0000,0x0000,0x0000,0x0000,0x0000,0x0000,0x0000,
0x0000,0x0000,0x0000,0x0000,0x0000,0x0000,0x0000,0x0000,0x0000,0x0000,0x0000,0x0000,0x0000,0x0000,0x0000,0x0000,
0x0000,0x0000,0x0000,0x0000,0x0000,0x0000,0x0000,0x0000,0x0000,0x0000,0x0000,0x0000,0x0000,0x0000,0x0000,0x0000,
0x0841,0x1082,0x18E3,0x2104,0x2965,0x39C7,0x4228,0x528A,0x5AEB,0x6B4D,0x7BCF,0x8C51,0x94B2,0xA534,0xAD75,0xCE59,
0xFFFF,0xFFFF,0xFFFF,0xFFFF,0xFFFF,0xBDF7,0x0000,0x0000,0x0000,0x2945,0xFFFF,0xFFFF,0xFFFF,0x738E,0x0000,0x0000,
0x0000,0x0000,0x0000,0x2124,0x0000,0x0000,0x0000,0x2965,0xFFFF,0xFFFF,0xFFFF,0xFFFF,0x52AA,0x738E,0xFFFF,0xFFFF,
0xFFFF,0xFFFF,0xFFFF,0xFFFF,0xFFFF,0xFFFF,0xFFFF,0xFFFF,0xFFFF,0xFFFF,0x2124,0xAD35,0xFFFF,0xFFFF,0xFFFF,0xCE79,
0x0000,0x0000,0x0000,0x10A2,0x18C3,0x0000,0x0000,0x0000,0x0000,0x0000,0xBDF7,0xFFFF,0xFFFF,0xD69A,0x0000,0x0000,
0x0000,0x10A2,0xF79E,0xFFFF,0xFFFF,0xFFFF,0xFFFF,0xD6BA,0x0000,0x0000,0x0000,0x0000,0x0000,0x0000,0x0000,0x0000,
0x0000,0x0000,0x0000,0x0000,0x0000,0x0000,0x0000,0x0000,0x0000,0x0000,0x0000,0x0000,0x0000,0x0000,0x0000,0x0000,
0x0000,0x0000,0x0000,0x0000,0x0000,0x0000,0x0000,0x0000,0x0000,0x0000,0x0000,0x0000,0x0000,0x0000,0x0000,0x0000,
0x0000,0x0000,0x0000,0x0000,0x0000,0x0000,0x0820,0x18E3,0x2945,0x3186,0x4208,0x4228,0x5ACB,0x632C,0x73AE,0x8410,
0x94B2,0x9CF3,0xAD75,0xBDD7,0xCE59,0xD69A,0xE71C,0xEF5D,0xF79E,0xFFBF,0xFFFF,0xFFFF,0xFFFF,0xFFFF,0xFFFF,0xFFFF,
0xFFFF,0xFFFF,0xFFFF,0xFFFF,0xFFFF,0xFFFF,0xFFFF,0xFFDF,0xFFFF,0xFFFF,0xFFFF,0x5ACB,0x0000,0x0000,0x0000,0x7BCF,
0xFFFF,0xFFFF,0xFFFF,0x6B8D,0x0000,0x0000,0x0000,0x0000,0x0000,0x0000,0x0000,0x0000,0x0000,0x9CF3,0xFFFF,0xFFFF,
0xFFFF,0xFFFF,0x4A69,0x8C31,0xFFFF,0xFFFF,0xFFFF,0xFFFF,0xFFFF,0xFFFF,0xFFFF,0xFFFF,0xFFFF,0xFFFF,0xFFFF,0xFFFF,
0x39C7,0xA514,0xFFFF,0xFFFF,0xFFFF,0xFFFF,0x4208,0x0000,0x0000,0x0000,0x0000,0x0000,0x0000,0x0000,0x0000,0x0000,
0xBDF7,0xFFFF,0xFFFF,0xFFFF,0x3186,0x0000,0x0000,0x0000,0x9CF3,0xFFFF,0xFFFF,0xFFFF,0xFFFF,0x9492,0x0000,0x0000,
0x0000,0x0000,0x0000,0x0000,0x0000,0x0000,0x0000,0x0000,0x0000,0x0000,0x0000,0x0000,0x0000,0x0000,0x0000,0x0000,
0x0000,0x0000,0x0000,0x0000,0x0000,0x0000,0x0000,0x0000,0x0000,0x0000,0x0000,0x0000,0x0000,0x0000,0x0000,0x0000,
0x0000,0x0000,0x0000,0x0000,0x0000,0x0000,0x0000,0x0000,0x0000,0x0000,0x0000,0x3186,0xDEDB,0xF7BE,0xFFFF,0xFFFF,
0xFFFF,0xFFFF,0xFFFF,0xFFFF,0xFFFF,0xFFFF,0xFFFF,0xFFFF,0xFFFF,0xFFFF,0xFFFF,0xFFFF,0xFFFF,0xFFFF,0xFFFF,0xFFFF,
0xFFFF,0xFFFF,0xFFFF,0xFFFF,0xFFFF,0xFFFF,0xFFFF,0xFFFF,0xFFFF,0xFFFF,0xFFFF,0xFFFF,0xFFFF,0xFFFF,0xFFFF,0xFFFF,
0xE73C,0x0841,0x0000,0x0000,0x0000,0xC618,0xFFFF,0xFFFF,0xFFFF,0x73AE,0x0000,0x0000,0x0000,0x0000,0x0000,0x0000,
0x0000,0x0000,0x18E3,0xF7BE,0xFFFF,0xFFFF,0xFFFF,0xFFFF,0x39E7,0x9472,0xFFFF,0xFFFF,0xFFFF,0xFFFF,0xFFFF,0xFFFF,
0xFFFF,0xFFFF,0xFFFF,0xFFFF,0xFFFF,0xFFFF,0x39C7,0x9CB3,0xFFFF,0xFFFF,0xFFFF,0xFFFF,0xAD75,0x0000,0x0000,0x0000,
0x0000,0x0000,0x0000,0x0000,0x0000,0x0000,0xC618,0xFFFF,0xFFFF,0xFFFF,0x738E,0x0000,0x0000,0x0000,0x39C7,0xFFFF,
0xFFFF,0xFFFF,0xFFFF,0x73CF,0x4208,0x5AAA,0x6B4D,0x73AE,0x8C51,0x9CF3,0xAD75,0xC618,0xC638,0x9CD3,0x4228,0x0000,
0x0000,0x0000,0x2104,0x73AE,0x8C71,0x5AEB,0x0020,0x0000,0x0000,0x0000,0x0000,0x0000,0x0000,0x0000,0x0000,0x0000,
0x0000,0x0000,0x0000,0x0000,0x0000,0x0000,0x0000,0x0000,0x0000,0x0000,0x0000,0x0000,0x0000,0x0000,0x0000,0x0000,
0x0000,0x7BCF,0xFFFF,0xFFFF,0xFFFF,0xFFFF,0xFFFF,0xFFFF,0xFFFF,0xFFFF,0xFFFF,0xFFFF,0xFFFF,0xFFFF,0xFFFF,0xFFFF,
0xFFFF,0xFFFF,0xF7BE,0xEF7D,0xE71C,0xDEDB,0xD69A,0xC638,0xBDD7,0xA534,0x9CD3,0x8C71,0x7BEF,0x6B6D,0x5ACB,0x4A69,
0x39E7,0x2966,0x52AA,0xFFFF,0xFFFF,0xFFFF,0x94B2,0x0000,0x0000,0x0000,0x18E3,0xF7BE,0xFFFF,0xFFFF,0xFFFF,0x9492,
0x0000,0x0000,0x0000,0x0000,0x0000,0x0000,0x0000,0x0000,0x6B6D,0xFFFF,0xFFFF,0xFFFF,0xFFFF,0xFFFF,0x31A6,0x5ACB,
0xFFDF,0x94B2,0x52AA,0x7BCF,0xEF5D,0xFFFF,0xFFFF,0xCE59,0x632C,0x52AA,0xBDD7,0xEF7D,0x1082,0x8C71,0xFFFF,0xFFFF,
0xFFFF,0xFFFF,0xF79E,0x10A2,0x0000,0x0000,0x0000,0x0000,0x0000,0x0000,0x0000,0x0000,0xD6BA,0xFFFF,0xFFFF,0xFFFF,
0xB596,0x0000,0x0000,0x0000,0x0000,0xD69A,0xFFFF,0xFFFF,0xFFFF,0xFFDF,0xFFFF,0xFFFF,0xFFFF,0xFFFF,0xFFFF,0xFFFF,
0xFFFF,0xFFFF,0xFFFF,0xFFFF,0xFFFF,0xD6BA,0x6B6D,0x5ACB,0xF79E,0xFFFF,0xFFFF,0xFFFF,0xC5F8,0x0841,0x0000,0x0000,
0x0000,0x0000,0x0000,0x0000,0x0000,0x0000,0x0000,0x0000,0x0000,0x0000,0x0000,0x0000,0x0000,0x0000,0x0000,0x0000,
0x0000,0x0000,0x0000,0x0000,0x0000,0x0000,0x0000,0x2124,0xCE59,0xE71C,0xD6BA,0xCE59,0xBDF7,0xB5B6,0xAD55,0x9CD3,
0x8C51,0x7BEF,0x738E,0x630C,0x528A,0x4228,0x39C7,0x2965,0x18E3,0x10A2,0x0861,0x0020,0x0000,0x0000,0x0000,0x0000,
0x0000,0x0000,0x0000,0x0000,0x0000,0x0000,0x0000,0x0000,0x0820,0xEF5D,0xFFFF,0xFFFF,0x39C7,0x0000,0x0000,0x0000,
0x4A28,0xFFFF,0xFFFF,0xFFFF,0xFFFF,0xBDD7,0x0000,0x0000,0x0861,0x5ACB,0x0000,0x0000,0x0000,0x0000,0xB596,0xFFFF,
0xFFFF,0xFFFF,0xFFFF,0xFFFF,0x4A49,0x0020,0x2945,0x0000,0x0000,0x0000,0x18C3,0x52AA,0x4A49,0x0020,0x0000,0x0000,
0x0000,0x18C3,0x0000,0x9CD3,0xFFFF,0xFFFF,0xFFFF,0xFFFF,0xFFFF,0x4A69,0x0000,0x0000,0x0000,0x18C3,0x4A49,0x0000,
0x0000,0x18C3,0xF77E,0xFFFF,0xFFFF,0xFFFF,0xDEDB,0x0020,0x0000,0x0000,0x0000,0x7BCF,0xFFFF,0xFFFF,0xFFFF,0xFFFF,
0xFFFF,0xFFFF,0xFFFF,0xFFFF,0xFFFF,0xFFFF,0xFFFF,0xFFFF,0xFFFF,0xFFFF,0xFFFF,0xFFFF,0xFFFF,0xFFFF,0xFFFF,0xEF7D,
0xC639,0xFFFF,0xFFFF,0xB5B6,0x8C51,0x9CF3,0xAD75,0xBDF7,0xD69A,0xC638,0x2945,0x0000,0x0000,0x0000,0x0000,0x0000,
0x0000,0x0000,0x0000,0x0000,0x0000,0x0000,0x0000,0x0000,0x0000,0x0000,0x0000,0x0000,0x0000,0x0000,0x0000,0x0841,
0x0000,0x0000,0x0000,0x0000,0x0000,0x0000,0x0000,0x0000,0x0000,0x0000,0x0000,0x0000,0x0000,0x0000,0x0000,0x0000,
0x0000,0x0000,0x0000,0x0000,0x0000,0x0000,0x0000,0x0000,0x0000,0x0000,0x0000,0x0000,0x0000,0x0000,0x4208,0xFFFF,
0xFFFF,0xD69A,0x0000,0x0000,0x0000,0x0000,0x632C,0xFFFF,0xFFFF,0xFFFF,0xFFFF,0xE71C,0x0841,0x0000,0x2965,0xCE59,
0x0000,0x0000,0x0000,0x0000,0xD6BA,0xFFFF,0xFFFF,0xFFFF,0xFFFF,0xFFFF,0x9CF3,0x0000,0x0000,0x0000,0x0000,0x0000,
0x0000,0x0000,0x0000,0x0000,0x0000,0x0000,0x0000,0x0000,0x0020,0xDEFB,0xFFFF,0xFFFF,0xFFFF,0xFFFF,0xFFFF,0x73AE,
0x0000,0x0000,0x0000,0x4A29,0xBDF7,0x0000,0x0000,0x4228,0xFFFF,0xFFFF,0xFFFF,0xFFFF,0xF79E,0x18E3,0x0000,0x0000,
0x0000,0x2945,0xFFDF,0xFFFF,0xFFFF,0xC638,0xAD75,0xA514,0x9492,0x7BEF,0x6B6D,0x5AEB,0x4A69,0x31C7,0x39C7,0x8C51,
0xDEDB,0xFFFF,0xFFFF,0xFFFF,0xF79E,0x31A6,0x0000,0x8410,0xFFFF,0xFFFF,0xFFFF,0xFFFF,0xFFFF,0xFFFF,0xFFFF,0xFFFF,
0x7BEF,0x0000,0x0000,0x0000,0x0000,0x0000,0x0000,0x0000,0x0000,0x0000,0x0000,0x0000,0x0000,0x0000,0x0000,0x0000,
0x0000,0x0000,0x0000,0x0000,0x0000,0x0000,0x0000,0x0000,0x0000,0x0000,0x0000,0x0000,0x0000,0x0000,0x0000,0x0000,
0x0000,0x0000,0x0000,0x0000,0x0000,0x0000,0x0000,0x0000,0x0000,0x0000,0x0000,0x0000,0x0000,0x0000,0x0000,0x0000,
0x0000,0x0000,0x0000,0x0000,0xA514,0xFFFF,0xFFFF,0x7BCF,0x0000,0x0000,0x0000,0x0000,0x6B4D,0xFFFF,0xFFFF,0xFFFF,
0xFFFF,0xFFFF,0x39C7,0x0000,0x39E7,0xFFFF,0x2945,0x0000,0x0000,0x0000,0x9CF4,0xFFFF,0xFFFF,0xFFFF,0xFFFF,0xFFFF,
0xFFFF,0x632C,0x0000,0x0000,0x0000,0x0000,0x0000,0x0000,0x0000,0x0000,0x0000,0x0000,0x0000,0x0841,0xA534,0xFFFF,
0xFFFF,0xFFFF,0xFFFF,0xFFFF,0xFFFF,0x4228,0x0000,0x0000,0x0000,0x8430,0xEF7D,0x0020,0x0000,0x8430,0xFFFF,0xFFFF,
0xFFFF,0xFFFF,0xFFDF,0x2104,0x0000,0x0000,0x0000,0x0000,0xCE39,0xFFFF,0xFFFF,0x4A49,0x0000,0x0000,0x0000,0x0000,
0x0000,0x0000,0x0000,0x0000,0x0000,0x0000,0x0020,0x4A49,0xBDD7,0xFFFF,0xEF5D,0x0000,0x0000,0x528A,0xFFFF,0xFFFF,
0xFFFF,0xFFFF,0xFFFF,0xFFFF,0xFFDF,0xE71C,0x31A6,0x0000,0x0000,0x0000,0x0000,0x0000,0x0000,0x0000,0x0000,0x0000,
0x0000,0x0000,0x0000,0x0000,0x0000,0x0000,0x0000,0x0000,0x0000,0x0000,0x0000,0x0000,0x0000,0x0000,0x0000,0x0000,
0x0000,0x0000,0x0000,0x0000,0x0000,0x0000,0x0000,0x0000,0x0000,0x0000,0x0000,0x0000,0x0000,0x0000,0x0000,0x0000,
0x0000,0x0000,0x0000,0x0000,0x0000,0x0020,0x0861,0x18C3,0x2944,0x39E7,0xEF5D,0xFFFF,0xFFFF,0x2965,0x0000,0x0000,
0x0000,0x0000,0x528A,0xFFFF,0xFFFF,0xFFFF,0xFFFF,0xFFFF,0x8410,0x0000,0x528A,0xFFFF,0x6B6D,0x0000,0x0000,0x0000,
0x18C3,0xDEDB,0xFFFF,0xFFFF,0xFFFF,0xFFFF,0xFFFF,0xFFFF,0xBDD7,0x8450,0x52AA,0x0020,0x0000,0x0000,0x0000,0x0000,
0x18E3,0x738E,0xA514,0xDEDB,0xFFFF,0xFFFF,0xFFFF,0xFFFF,0xFFFF,0xFFFF,0x9CD3,0x0000,0x0000,0x0000,0x0000,0xD6BA,
0xF7BE,0x1082,0x0000,0xD69A,0xFFFF,0xFFFF,0xFFFF,0xFFFF,0xEF7D,0x1082,0x0000,0x0000,0x0000,0x0000,0x7BCF,0xFFFF,
0xFFFF,0xAD55,0x0000,0x0000,0x0000,0x0000,0x0000,0x0000,0x0000,0x0000,0x0000,0x0000,0x0000,0x0000,0x2104,0xFFFF,
0xFFFF,0xAD55,0x632C,0xDEDB,0xFFFF,0xBDF7,0x528A,0x4228,0x39C6,0x2965,0x2124,0x0861,0x0000,0x0000,0x0000,0x0000,
0x0000,0x0000,0x0000,0x0000,0x0000,0x0000,0x0000,0x0000,0x0000,0x0000,0x0000,0x0000,0x0000,0x0000,0x0000,0x0000,
0x0000,0x0000,0x0000,0x0000,0x0000,0x0000,0x0000,0x0000,0x0000,0x0000,0x0000,0x0000,0x0000,0x0000,0x0841,0x1082,
0x2124,0x3186,0x4208,0x528A,0x632C,0x738E,0x8430,0x94B2,0xAD55,0xBDD7,0xCE59,0xD6BB,0xE73C,0xF79E,0xFFFF,0xFFFF,
0xFFFF,0xFFFF,0xCE59,0x0000,0x0000,0x0000,0x0000,0x0000,0x18E3,0xFFBF,0xFFFF,0xFFFF,0xFFFF,0xFFFF,0xD69A,0x0000,
0x52AA,0xFFFF,0xB5B6,0x0000,0x0000,0x0000,0x0000,0x18E3,0xC618,0xFFFF,0xFFFF,0xFFFF,0xFFFF,0xFFFF,0xFFFF,0xFFFF,
0xFFFF,0xBDD7,0x0861,0x0000,0x0000,0x39C7,0xE73C,0xFFFF,0xFFFF,0xFFFF,0xFFFF,0xFFFF,0xFFFF,0xFFFF,0xFFFF,0x8C71,
0x0000,0x0000,0x0000,0x0000,0x2104,0xFFFF,0xF7BE,0x0841,0x2945,0xFFFF,0xFFFF,0xFFFF,0xFFFF,0xFFFF,0xBDF7,0x0000,
0x0000,0x0000,0x0000,0x0000,0x2945,0xFFDF,0xFFFF,0xEF7D,0x1082,0x0000,0x0000,0x0000,0x0000,0x0000,0x0000,0x0000,
0x0000,0x0000,0x0000,0x0000,0x0000,0x8C71,0xFFFF,0xFFFF,0xFFFF,0xFFFF,0xEF5D,0x2124,0x0000,0x0000,0x0000,0x0000,
0x0000,0x0000,0x0000,0x0000,0x0000,0x0000,0x0000,0x0000,0x0000,0x0000,0x0000,0x0000,0x0000,0x0000,0x0000,0x0000,
0x0000,0x0000,0x0000,0x0000,0x0000,0x0000,0x0000,0x0000,0x0861,0x10A2,0x2124,0x39C7,0x4A49,0x5AEB,0x738E,0x8430,
0x94B2,0xAD55,0xBDF7,0xCE79,0xDEFB,0xEF7D,0xF7BF,0xFFFF,0xFFFF,0xFFFF,0xFFFF,0xFFFF,0xFFFF,0xFFFF,0xFFFF,0xFFFF,
0xFFFF,0xFFFF,0xFFFF,0xFFFF,0xFFFF,0xFFFF,0xFFFF,0xFFFF,0x632C,0x0000,0x0000,0x0000,0x0000,0x0000,0x0000,0xAD75,
0xFFFF,0xFFFF,0xFFFF,0xFFFF,0xFFFF,0x31A6,0x39A6,0xFFFF,0xEF7D,0x1082,0x0000,0x0000,0x0000,0x0000,0x0000,0x8410,
0xF7BE,0xFFFF,0xFFFF,0xFFFF,0xFFFF,0xFFFF,0xFFFF,0xFFFF,0x8C71,0x0000,0x0821,0xDEDB,0xFFFF,0xFFFF,0xFFFF,0xFFFF,
0xFFFF,0xFFFF,0xFFFF,0xD6BA,0x4A49,0x0000,0x0000,0x0000,0x0000,0x0000,0x62EC,0xFFFF,0xE71C,0x0000,0x8C51,0xFFFF,
0xFFFF,0xFFFF,0xFFFF,0xFFFF,0x5ACB,0x0000,0x0000,0x0000,0x0000,0x0000,0x0000,0xC5F8,0xFFFF,0xFFFF,0x4A69,0x0000,
0x0000,0x0000,0x0000,0x0000,0x0000,0x0000,0x0000,0x0000,0x0000,0x0000,0x0000,0x0000,0x6B4D,0xC638,0xDEDB,0xA555,
0x2945,0x0000,0x0000,0x0000,0x0000,0x0000,0x0000,0x0000,0x0000,0x0000,0x0000,0x0000,0x0000,0x0000,0x0000,0x0000,
0x0000,0x0000,0x0000,0x0000,0x0000,0x0000,0x0000,0x0000,0x0000,0x1082,0x8C71,0xB5B6,0xC638,0xD6BA,0xE71C,0xEF7D,
0xFFDF,0xFFFF,0xFFFF,0xFFFF,0xFFFF,0xFFFF,0xFFFF,0xFFFF,0xFFFF,0xFFFF,0xFFFF,0xFFFF,0xFFFF,0xFFFF,0xFFFF,0xFFFF,
0xFFFF,0xFFFF,0xFFFF,0xFFFF,0xFFFF,0xFFFF,0xFFFF,0xF79E,0xE73C,0xCE7A,0xC618,0xF7BE,0xFFFF,0xFFFF,0x8430,0x4228,
0x2124,0x0020,0x0000,0x0000,0x0000,0x2124,0xF7BE,0xFFFF,0xFFFF,0xFFFF,0xFFFF,0xAD55,0x2944,0xFFFF,0xFFFF,0x528A,
0x0000,0x0000,0x4A49,0x39E7,0x18E3,0x0020,0x31A6,0xA514,0xF7BE,0xFFFF,0xFFFF,0xFFFF,0xFFFF,0xFFFF,0xCE59,0x0000,
0x2124,0xFFFF,0xFFFF,0xFFFF,0xFFFF,0xFFFF,0xFFFF,0xDEFB,0x6B8D,0x1082,0x0820,0x2945,0x4A49,0x31A6,0x0000,0x0000,
0xAD35,0xFFFF,0xCE59,0x1082,0xEF5D,0xFFFF,0xFFFF,0xFFFF,0xFFFF,0xBDF7,0x0000,0x0000,0x0000,0x0000,0x10A2,0x39C7,
0x5ACB,0xC638,0xFFFF,0xFFFF,0x8C71,0x0000,0x0000,0x0000,0x0000,0x0000,0x0000,0x0000,0x0000,0x0000,0x0000,0x0000,
0x0000,0x0000,0x0000,0x0000,0x0000,0x0000,0x0000,0x0000,0x0000,0x0000,0x0000,0x0000,0x0000,0x0000,0x0000,0x0000,
0x0000,0x0000,0x0000,0x0000,0x0000,0x0000,0x0000,0x0000,0x0000,0x0000,0x0000,0x0000,0x0000,0x0000,0x0000,0x738E,
0xFFFF,0xFFFF,0xFFFF,0xFFFF,0xFFFF,0xFFFF,0xFFFF,0xFFFF,0xFFFF,0xFFFF,0xFFFF,0xFFFF,0xFFFF,0xFFFF,0xFFFF,0xFFFF,
0xFFDF,0xEF7D,0xE71C,0xD6BA,0xC618,0xAD75,0x9CF3,0x8C51,0x7BCF,0x630C,0x528A,0x39E7,0x2965,0x18C3,0x0861,0x0000,
0x2945,0xFFDF,0xFFFF,0xFFFF,0xFFFF,0xFFFF,0xFFDF,0xDEBB,0x94B2,0x39C7,0x0000,0x0000,0x4A49,0xFFDF,0xFFFF,0xFFFF,
0xFFFF,0xFFFF,0x528A,0xE6FC,0xFFFF,0xA514,0x0000,0x0000,0x5AEB,0xFFFF,0xFFDF,0xEF7D,0xCE59,0xBDD7,0xF79E,0xFFFF,
0xFFFF,0xFFFF,0xFFFF,0xFFFF,0xAD55,0x0000,0x18A2,0xF7BE,0xFFFF,0xFFFF,0xFFFF,0xFFFF,0xFFFF,0xDEDB,0xB596,0xD6BA,
0xEF7D,0xFFFF,0xEF5D,0x2965,0x0000,0x0861,0xE73C,0xFFFF,0xAD55,0x7BCF,0xFFFF,0xFFFF,0xFFFF,0xFFFF,0xD69A,0x10A2,
0x0000,0x0020,0x632C,0xBDD7,0xEF7D,0xFFFF,0xFFFF,0xFFFF,0xFFFF,0xFFFF,0xD69A,0x0000,0x0000,0x0000,0x0000,0x0000,
0x0000,0x0000,0x0000,0x0000,0x0000,0x0000,0x0000,0x0000,0x0000,0x0000,0x0000,0x0000,0x0000,0x0000,0x0000,0x0000,
0x0000,0x0000,0x0000,0x0000,0x0000,0x0000,0x0000,0x0000,0x0000,0x0000,0x0000,0x0000,0x0000,0x0000,0x0000,0x0000,
0x0000,0x0000,0x0000,0x0000,0x0000,0x4A69,0xFFFF,0xFFFF,0xFFFF,0xFFDF,0xEF7D,0xE71C,0xCE79,0xBDF7,0xAD75,0x9CF3,
0x8C51,0x7BCF,0x6B4D,0x52AA,0x4228,0x3186,0x2104,0x18C3,0x0841,0x0000,0x0000,0x0000,0x0000,0x0000,0x0000,0x0000,
0x0000,0x0000,0x0000,0x0000,0x0000,0x0000,0x6B6D,0xFFFF,0xFFFF,0xFFFF,0xFFFF,0xFFFF,0xFFFF,0xFFFF,0xFFFF,0xFFFF,
0x94B2,0x0020,0x0000,0x4A69,0xFFFF,0xFFFF,0xFFFF,0xFFFF,0xCE59,0xE71C,0xFFFF,0xE73C,0x0841,0x0000,0x0000,0x630C,
0xFFFF,0xFFFF,0xFFFF,0xFFFF,0xFFFF,0xFFFF,0xFFFF,0xFFFF,0xFFFF,0xF79E,0x2965,0x0000,0x0000,0x8C51,0xFFFF,0xFFFF,
0xFFFF,0xFFFF,0xFFFF,0xFFFF,0xFFFF,0xFFFF,0xFFFF,0xF79E,0x2945,0x0000,0x0000,0x4A49,0xFFFF,0xFFFF,0xC638,0xDEFB,
0xFFFF,0xFFFF,0xFFFF,0xDEFB,0x18E3,0x0000,0x2965,0xCE59,0xFFFF,0xFFFF,0xFFFF,0xFFFF,0xFFFF,0xFFFF,0xFFFF,0xFFFF,
0xFFDF,0x2104,0x0000,0x0000,0x0000,0x0000,0x0000,0x0000,0x0000,0x0000,0x0000,0x0000,0x0000,0x0000,0x0000,0x0000,
0x0000,0x0000,0x0000,0x0000,0x0000,0x0000,0x0000,0x0000,0x0000,0x0000,0x0000,0x0000,0x0000,0x0000,0x0000,0x0000,
0x0000,0x0000,0x0000,0x0000,0x0000,0x0000,0x0000,0x0000,0x0000,0x0000,0x0000,0x0000,0x3186,0x4228,0x31A6,0x2124,
0x10A2,0x0841,0x0000,0x0000,0x0000,0x0000,0x0000,0x0000,0x0000,0x0000,0x0000,0x0000,0x0000,0x0000,0x0000,0x0000,
0x0000,0x0000,0x0000,0x0000,0x0000,0x0000,0x0000,0x0000,0x0000,0x0000,0x0000,0x0000,0x10A2,0x31A6,0x4A49,0x630C,
0x8410,0xAD55,0xD6BA,0xFFFF,0xFFFF,0xFFFF,0xFFFF,0xAD55,0x0000,0x0000,0x630C,0xFFFF,0xFFFF,0xFFFF,0xFFFF,0xFFFF,
0xFFFF,0xFFFF,0x39C7,0x0000,0x0000,0x0000,0x8C51,0xFFFF,0xFFFF,0xFFFF,0xFFFF,0xFFFF,0xFFFF,0xFFFF,0xEF5D,0x4208,
0x0000,0x0000,0x0000,0x0000,0x8C71,0xFFFF,0xFFFF,0xFFFF,0xFFFF,0xFFFF,0xFFFF,0xFFFF,0xFFFF,0x4228,0x0000,0x0000,
0x0000,0x8C71,0xFFFF,0xFFFF,0xFFFF,0xFFFF,0xFFFF,0xFFFF,0xE73C,0x2124,0x0000,0x3186,0xEF5D,0xFFFF,0xFFFF,0xFFFF,
0xF77E,0xCE59,0x9CF3,0x7BCF,0x5ACB,0x4208,0x2965,0x0841,0x0000,0x0000,0x0000,0x0000,0x0000,0x0000,0x0000,0x0000,
0x0000,0x0000,0x0000,0x0000,0x0000,0x0000,0x0000,0x0000,0x0000,0x0000,0x0000,0x0000,0x0000,0x0000,0x0000,0x0000,
0x0000,0x0000,0x0000,0x0000,0x0000,0x0000,0x0000,0x0000,0x0000,0x0000,0x0000,0x0000,0x0000,0x0000,0x0000,0x0000,
0x0000,0x0000,0x0000,0x0000,0x0000,0x0000,0x0000,0x0000,0x0000,0x0000,0x0000,0x0000,0x0000,0x0000,0x0000,0x0000,
0x0000,0x0000,0x0000,0x0000,0x0000,0x0000,0x0000,0x0000,0x0000,0x0000,0x0000,0x0000,0x0000,0x0000,0x0000,0x0000,
0x0000,0x0000,0x0000,0x0000,0x0000,0x0000,0x0000,0x0000,0x0000,0x31A6,0x9CF3,0xFFFF,0xFFFF,0xFFFF,0x7BEF,0x0000,
0x0000,0x7BF0,0xFFFF,0xFFFF,0xDEDB,0xE71C,0xFFFF,0xFFFF,0x8C51,0x0000,0x0000,0x0000,0x0000,0x8C72,0xF7BE,0xFFFF,
0xFFFF,0xFFFF,0xF7BE,0x94B2,0x18E3,0x0000,0x0000,0x0000,0x0000,0x0000,0x0000,0x4A69,0xBDF7,0xFFFF,0xFFFF,0xFFFF,
0xFFFF,0xF79E,0x632C,0x0000,0x0000,0x0000,0x0020,0xD6BA,0xFFFF,0xFFFF,0xC638,0xEF5D,0xFFFF,0xFFFF,0x39C7,0x0000,
0x0020,0xD6BA,0xFFFF,0xFFFF,0xF79E,0x738E,0x18C3,0x0000,0x0000,0x0000,0x0000,0x0000,0x0000,0x0000,0x0000,0x0000,
0x0000,0x0000,0x0000,0x0000,0x0000,0x0000,0x0000,0x0000,0x0000,0x0000,0x0000,0x0000,0x0000,0x0000,0x0000,0x0000,
0x0000,0x0000,0x0000,0x0000,0x0000,0x0000,0x0000,0x0000,0x0000,0x0000,0x0000,0x0000,0x0000,0x0000,0x0000,0x0000,
0x0000,0x0000,0x0000,0x0000,0x0000,0x0000,0x0000,0x0000,0x0000,0x0000,0x0000,0x0000,0x0000,0x0000,0x0000,0x0000,
0x0000,0x0000,0x0000,0x0000,0x0000,0x0000,0x0000,0x0000,0x0000,0x0000,0x0000,0x0000,0x0000,0x0000,0x0000,0x0000,
0x0000,0x0000,0x0000,0x0000,0x0000,0x0000,0x0000,0x0000,0x0000,0x0000,0x0000,0x0000,0x0000,0x0000,0x0000,0x0000,
0x0000,0x738E,0xFFFF,0xFFFF,0xFFFF,0x3186,0x0000,0x0000,0xBDD7,0xFFFF,0xC618,0x2965,0xEF7D,0xFFFF,0xDEFB,0x0020,
0x0000,0x0000,0x0000,0x0000,0x2104,0x528A,0x6B6D,0x630C,0x2124,0x0000,0x0000,0x0000,0x0000,0x18E3,0x0861,0x0000,
0x0000,0x0000,0x0000,0x4208,0x738E,0x6B4D,0x4A69,0x18E3,0x0000,0x0000,0x0000,0x0000,0x39A6,0xFFFF,0xFFFF,0xAD95,
0x3186,0xF7BE,0xFFFF,0x6B6D,0x0000,0x0000,0x8430,0xFFFF,0xFFFF,0xF7BE,0x39C7,0x0000,0x0000,0x0000,0x0000,0x0000,
0x0000,0x0000,0x0000,0x0000,0x0000,0x0000,0x0000,0x0000,0x0000,0x0000,0x0000,0x0000,0x0000,0x0000,0x0000,0x0000,
0x0000,0x0000,0x0000,0x0000,0x0000,0x0000,0x0000,0x0000,0x0000,0x0000,0x0000,0x0000,0x0000,0x0000,0x0000,0x0000,
0x0000,0x0000,0x0000,0x0000,0x0000,0x0000,0x0000,0x0000,0x0000,0x0000,0x0000,0x0000,0x0000,0x0000,0x0000,0x0000,
0x0000,0x0000,0x0000,0x0000,0x0000,0x0000,0x0000,0x0000,0x0000,0x0000,0x0000,0x0000,0x0000,0x0000,0x0000,0x0000,
0x0000,0x0000,0x0000,0x0000,0x0000,0x0000,0x0000,0x0000,0x0000,0x0000,0x0000,0x0000,0x0000,0x0000,0x0000,0x0000,
0x0000,0x0000,0x0000,0x0000,0x0000,0x0000,0x0000,0x0000,0xAD55,0xFFFF,0xFFFF,0xD69A,0x0861,0x0000,0x10A2,0xE71C,
0xFFDF,0x0000,0x630C,0xFFFF,0xFFFF,0x4228,0x0000,0x0000,0x0000,0x0000,0x0000,0x0000,0x0000,0x0000,0x0000,0x0000,
0x0000,0x3186,0xAD55,0xF79E,0xE73C,0x8430,0x0861,0x0000,0x0000,0x0000,0x0000,0x0000,0x0000,0x0000,0x0000,0x0000,
0x0000,0x0000,0x9CD3,0xFFFF,0xEF5D,0x0841,0x4A69,0xFFFF,0xA514,0x0000,0x0000,0x4A69,0xFFFF,0xFFFF,0xFFFF,0x632C,
0x0000,0x0000,0x0000,0x0000,0x0000,0x0000,0x0000,0x0000,0x0000,0x0000,0x0000,0x0000,0x0000,0x0000,0x0000,0x0000,
0x0000,0x0000,0x0000,0x0000,0x0000,0x0000,0x0000,0x0000,0x0000,0x0000,0x0000,0x0000,0x0000,0x0000,0x0000,0x0000,
0x0000,0x0000,0x0000,0x0000,0x0000,0x0000,0x0000,0x0000,0x0000,0x0000,0x0000,0x0000,0x0000,0x0000,0x0000,0x0000,
0x0000,0x0000,0x0000,0x0000,0x0000,0x0000,0x0000,0x0000,0x0000,0x0000,0x0000,0x0000,0x0000,0x0000,0x0000,0x0000,
0x0000,0x0000,0x0000,0x0000,0x0000,0x0000,0x0000,0x0000,0x0000,0x0000,0x0000,0x0000,0x0000,0x0000,0x0000,0x0000,
0x0000,0x0000,0x0000,0x0000,0x0000,0x0000,0x0000,0x0000,0x0000,0x0000,0x0000,0x0000,0x0000,0x0000,0x10A2,0xE73C,
0xFFFF,0xFFFF,0xAD55,0x0000,0x0000,0x39C7,0xFFFF,0x39C7,0x0000,0xD69A,0xFFFF,0xBDD7,0x0000,0x0000,0x0000,0x0000,
0x0000,0x0000,0x0000,0x0000,0x0000,0x2124,0x9CD3,0xFFDF,0xFFFF,0xFFFF,0xFFFF,0xFFFF,0xDEFB,0x6B6D,0x0861,0x0000,
0x0000,0x0000,0x0000,0x0000,0x0000,0x0000,0x0000,0x18E4,0xF7BE,0xFFFF,0x6B6D,0x0000,0x9492,0xE73C,0x0861,0x0000,
0x2925,0xEF7D,0xFFFF,0xFFFF,0xA514,0x0000,0x0000,0x0000,0x0000,0x0000,0x0000,0x0000,0x0000,0x0000,0x0000,0x0000,
0x0000,0x0000,0x0000,0x0000,0x0000,0x0000,0x0000,0x0000,0x0000,0x0000,0x0000,0x0000,0x0000,0x0000,0x0000,0x0000,
0x0000,0x0000,0x0000,0x0000,0x0000,0x0000,0x0000,0x0000,0x0000,0x0000,0x0000,0x0000,0x0000,0x0000,0x0000,0x0000,
0x0000,0x0000,0x0000,0x0000,0x0000,0x0000,0x0000,0x0000,0x0000,0x0000,0x0000,0x0000,0x0000,0x0000,0x0000,0x0000,
0x0000,0x0000,0x0000,0x0000,0x0000,0x0000,0x0000,0x0000,0x0000,0x0000,0x0000,0x0000,0x0000,0x0000,0x0000,0x0000,
0x0000,0x0000,0x0000,0x0000,0x0000,0x0000,0x0000,0x0000,0x0000,0x0000,0x0000,0x0000,0x0000,0x0000,0x0000,0x0000,
0x0000,0x0000,0x0000,0x0000,0x0000,0x4208,0xFFFF,0xFFFF,0xFFFF,0x8C51,0x0000,0x0000,0x8C51,0x73AE,0x0000,0x4A49,
0xFFFF,0xFFFF,0x4207,0x0000,0x0000,0x0000,0x3166,0xA514,0x7BEF,0x7BEF,0xAD55,0xF79E,0xFFFF,0xFFFF,0xFFFF,0xFFFF,
0xFFFF,0xFFFF,0xFFFF,0xFFFF,0xE71C,0x9CD3,0x7BEF,0x8C51,0x8C51,0x0020,0x0000,0x0000,0x0000,0x94B2,0xFFFF,0xEF3D,
0x0841,0x0000,0xAD75,0x4208,0x0000,0x18C3,0xDEDB,0xFFFF,0xFFFF,0xD69A,0x0841,0x0000,0x0000,0x0000,0x0000,0x0000,
0x0000,0x0000,0x0000,0x0000,0x0000,0x0000,0x0000,0x0000,0x0000,0x0000,0x0000,0x0000,0x0000,0x0000,0x0000,0x0000,
0x0000,0x0000,0x0000,0x0000,0x0000,0x0000,0x0000,0x0000,0x0000,0x0000,0x0000,0x0000,0x0000,0x0000,0x0000,0x0000,
0x0000,0x0000,0x0000,0x0000,0x0000,0x0000,0x0000,0x0000,0x0000,0x0000,0x0000,0x0000,0x0000,0x0000,0x0000,0x0000,
0x0000,0x0000,0x0000,0x0000,0x0000,0x0000,0x0000,0x0000,0x0000,0x0000,0x0000,0x0000,0x0000,0x0000,0x0000,0x0000,
0x0000,0x0000,0x0000,0x0000,0x0000,0x0000,0x0000,0x0000,0x0000,0x0000,0x0000,0x0000,0x0000,0x0000,0x0000,0x0000,
0x0000,0x0000,0x0000,0x0000,0x0000,0x0000,0x0000,0x0000,0x0000,0x0000,0x0000,0x0000,0x738E,0xFFFF,0xFFFF,0xFFFF,
0x8C51,0x0000,0x0000,0x31A6,0x0000,0x0000,0xBDD7,0xFFFF,0xBDF7,0x0000,0x0000,0x0000,0x0861,0xDEDB,0xFFFF,0xFFFF,
0xFFFF,0xFFFF,0xFFFF,0xFFFF,0xFFFF,0xFFFF,0xFFFF,0xFFFF,0xFFFF,0xFFFF,0xFFFF,0xFFFF,0xFFFF,0xFFFF,0x8430,0x0000,
0x0000,0x0000,0x2104,0xFFDF,0xFFFF,0x632C,0x0000,0x0841,0x2965,0x0000,0x18E3,0xD69A,0xFFFF,0xFFFF,0xEF5D,0x2124,
0x0000,0x0000,0x0000,0x0000,0x0000,0x0000,0x0000,0x0000,0x0000,0x0000,0x0000,0x0000,0x0000,0x0000,0x0000,0x0000,
0x0000,0x0000,0x0000,0x0000,0x0000,0x0000,0x0000,0x0000,0x0000,0x0000,0x0000,0x0000,0x0000,0x0000,0x0000,0x0000,
0x0000,0x0000,0x0000,0x0000,0x0000,0x0000,0x0000,0x0000,0x0000,0x0000,0x0000,0x0000,0x0000,0x0000,0x0000,0x0000,
0x0000,0x0000,0x0000,0x0000,0x0000,0x0000,0x0000,0x0000,0x0000,0x0000,0x0000,0x0000,0x0000,0x0000,0x0000,0x0000,
0x0000,0x0000,0x0000,0x0000,0x0000,0x0000,0x0000,0x0000,0x0000,0x0000,0x0000,0x0000,0x0000,0x0000,0x0000,0x0000,
0x0000,0x0000,0x0000,0x0000,0x0000,0x0000,0x0000,0x0000,0x0000,0x0000,0x0000,0x0000,0x0000,0x0000,0x0000,0x0000,
0x0000,0x0000,0x0000,0x8C71,0xFFFF,0xFFFF,0xFFFF,0xA514,0x0000,0x0000,0x0000,0x0000,0x10A2,0xD6BA,0xFFFF,0x4A49,
0x0000,0x0000,0x0000,0x39C7,0xFFFF,0xFFFF,0xFFFF,0xFFFF,0xFFFF,0xFFFF,0xFFFF,0xFFFF,0xFFFF,0xFFFF,0xFFFF,0xFFFF,
0xFFFF,0xFFFF,0xFFFF,0xDEDB,0x0841,0x0000,0x0000,0x0000,0x9CF3,0xFFFF,0x94B2,0x0000,0x0000,0x0000,0x0000,0x31A6,
0xDEFB,0xFFFF,0xFFFF,0xF7BE,0x39E7,0x0000,0x0000,0x0000,0x0000,0x0000,0x0000,0x0000,0x0000,0x0000,0x0000,0x0000,
0x0000,0x0000,0x0000,0x0000,0x0000,0x0000,0x0000,0x0000,0x0000,0x0000,0x0000,0x0000,0x0000,0x0000,0x0000,0x0000,
0x0000,0x0000,0x0000,0x0000,0x0000,0x0000,0x0000,0x0000,0x0000,0x0000,0x0000,0x0000,0x0000,0x0000,0x0000,0x0000,
0x0000,0x0000,0x0000,0x0000,0x0000,0x0000,0x0000,0x0000,0x0000,0x0000,0x0000,0x0000,0x0000,0x0000,0x0000,0x0000,
0x0000,0x0000,0x0000,0x0000,0x0000,0x0000,0x0000,0x0000,0x0000,0x0000,0x0000,0x0000,0x0000,0x0000,0x0000,0x0000,
0x0000,0x0000,0x0000,0x0000,0x0000,0x0000,0x0000,0x0000,0x0000,0x0000,0x0000,0x0000,0x0000,0x0000,0x0000,0x0000,
0x0000,0x0000,0x0000,0x0000,0x0000,0x0000,0x0000,0x0000,0x0000,0x0000,0x8C71,0xFFFF,0xFFFF,0xFFFF,0xC638,0x2944,
0x0000,0x0000,0x0000,0x18E3,0xD6BA,0xDEDB,0x0000,0x0000,0x0000,0x0000,0xB576,0xFFFF,0xFFFF,0xAD55,0xCE59,0xFFFF,
0xFFFF,0xFFFF,0xFFFF,0xFFFF,0xFFFF,0xA534,0xD6BA,0xFFFF,0xFFFF,0x5ACB,0x0000,0x0000,0x0000,0x2945,0xFFFF,0x94B2,
0x0000,0x0000,0x0000,0x0000,0x630C,0xF7BE,0xFFFF,0xFFFF,0xF79E,0x4208,0x0000,0x0000,0x0000,0x0000,0x0000,0x0000,
0x0000,0x0000,0x0000,0x0000,0x0000,0x0000,0x0000,0x0000,0x0000,0x0000,0x0000,0x0000,0x0000,0x0000,0x0000,0x0000,
0x0000,0x0000,0x0000,0x0000,0x0000,0x0000,0x0000,0x0000,0x0000,0x0000,0x0000,0x0000,0x0000,0x0000,0x0000,0x0000,
0x0000,0x0000,0x0000,0x0000,0x0000,0x0000,0x0000,0x0000,0x0000,0x0000,0x0000,0x0000,0x0000,0x0000,0x0000,0x0000,
0x0000,0x0000,0x0000,0x0000,0x0000,0x0000,0x0000,0x0000,0x0000,0x0000,0x0000,0x0000,0x0000,0x0000,0x0000,0x0000,
0x0000,0x0000,0x0000,0x0000,0x0000,0x0000,0x0000,0x0000,0x0000,0x0000,0x0000,0x0000,0x0000,0x0000,0x0000,0x0000,
0x0000,0x0000,0x0000,0x0000,0x0000,0x0000,0x0000,0x0000,0x0000,0x0000,0x0000,0x0000,0x0000,0x0000,0x0000,0x0000,
0x0000,0x738E,0xFFFF,0xFFFF,0xFFFF,0xEF7D,0x5AEB,0x0000,0x0000,0x0000,0x1082,0xC638,0x632C,0x0000,0x0000,0x0000,
0x2104,0xE73C,0xFFFF,0x4A49,0x3186,0xFFFF,0xFFFF,0xFFFF,0xFFFF,0xFFFF,0xDEFB,0x0020,0xB5B6,0xFFFF,0xB5B6,0x0000,
0x0000,0x0000,0x0020,0xB596,0x8C71,0x0000,0x0000,0x0000,0x1082,0xA514,0xFFFF,0xFFFF,0xFFFF,0xE71C,0x31A6,0x0000,
0x0000,0x0000,0x0000,0x0000,0x0000,0x0000,0x0000,0x0000,0x0000,0x0000,0x0000,0x0000,0x0000,0x0000,0x0000,0x0000,
0x0000,0x0000,0x0000,0x0000,0x0000,0x0000,0x0000,0x0000,0x0000,0x0000,0x0000,0x0000,0x0000,0x0000,0x0000,0x0000,
0x0000,0x0000,0x0000,0x0000,0x0000,0x0000,0x0000,0x0000,0x0000,0x0000,0x0000,0x0000,0x0000,0x0000,0x0000,0x0000,
0x0000,0x0000,0x0000,0x0000,0x0000,0x0000,0x0000,0x0000,0x0000,0x0000,0x0000,0x0000,0x0000,0x0000,0x0000,0x0000,
0x0000,0x0000,0x0000,0x0000,0x0000,0x0000,0x0000,0x0000,0x0000,0x0000,0x0000,0x0000,0x0000,0x0000,0x0000,0x0000,
0x0000,0x0000,0x0000,0x0000,0x0000,0x0000,0x0000,0x0000,0x0000,0x0000,0x0000,0x0000,0x0000,0x0000,0x0000,0x0000,
0x0000,0x0000,0x0000,0x0000,0x0000,0x0000,0x0000,0x0000,0x4A49,0xEF5D,0xFFFF,0xFFFF,0xFFFF,0x9CF3,0x10A2,0x0000,
0x0000,0x0840,0x4A69,0x0000,0x0000,0x0000,0x0000,0x31A6,0xFFFF,0x7BCF,0x0000,0xB596,0xFFFF,0xFFFF,0xFFFF,0xFFFF,
0x4A69,0x0000,0xDEFB,0xCE79,0x0841,0x0000,0x0000,0x0000,0x1082,0x4A49,0x0000,0x0000,0x0000,0x4228,0xDEDB,0xFFFF,
0xFFFF,0xFFFF,0xBDF7,0x18E3,0x0000,0x0000,0x0000,0x0000,0x0000,0x0000,0x0000,0x0000,0x0000,0x0000,0x0000,0x0000,
0x0000,0x0000,0x0000,0x0000,0x0000,0x0000,0x0000,0x0000,0x0000,0x0000,0x0000,0x0000,0x0000,0x0000,0x0000,0x0000,
0x0000,0x0000,0x0000,0x0000,0x0000,0x0000,0x0000,0x0000,0x0000,0x0000,0x0000,0x0000,0x0000,0x0000,0x0000,0x0000,
0x0000,0x0000,0x0000,0x0000,0x0000,0x0000,0x0000,0x0000,0x0000,0x0000,0x0000,0x0000,0x0000,0x0000,0x0000,0x0000,
0x0000,0x0000,0x0000,0x0000,0x0000,0x0000,0x0000,0x0000,0x0000,0x0000,0x0000,0x0000,0x0000,0x0000,0x0000,0x0000,
0x0000,0x0000,0x0000,0x0000,0x0000,0x0000,0x0000,0x0000,0x0000,0x0000,0x0000,0x0000,0x0000,0x0000,0x0000,0x0000,
0x0000,0x0000,0x0000,0x0000,0x0000,0x0000,0x0000,0x0000,0x0000,0x0000,0x0000,0x0000,0x0000,0x0000,0x0000,0x2104,
0xBDF7,0xFFFF,0xFFFF,0xFFFF,0xE71C,0x5ACB,0x0000,0x0000,0x0000,0x0000,0x0000,0x0000,0x0000,0x0000,0x632C,0x8C71,
0x0000,0x2924,0xF7BE,0xFFFF,0xFFFF,0xBDD7,0x0000,0x1082,0xBDD7,0x18E3,0x0000,0x0000,0x0000,0x0000,0x0000,0x0000,
0x0000,0x1082,0x94B2,0xFFFF,0xFFFF,0xFFFF,0xFFFF,0x8430,0x0000,0x0000,0x0000,0x0000,0x0000,0x0000,0x0000,0x0000,
0x0000,0x0000,0x0000,0x0000,0x0000,0x0000,0x0000,0x0000,0x0000,0x0000,0x0000,0x0000,0x0000,0x0000,0x0000,0x0000,
0x0000,0x0000,0x0000,0x0000,0x0000,0x0000,0x0000,0x0000,0x0000,0x0000,0x0000,0x0000,0x0000,0x0000,0x0000,0x0000,
0x0000,0x0000,0x0000,0x0000,0x0000,0x0000,0x0000,0x0000,0x0000,0x0000,0x0000,0x0000,0x0000,0x0000,0x0000,0x0000,
0x0000,0x0000,0x0000,0x0000,0x0000,0x0000,0x0000,0x0000,0x0000,0x0000,0x0000,0x0000,0x0000,0x0000,0x0000,0x0000,
0x0000,0x0000,0x0000,0x0000,0x0000,0x0000,0x0000,0x0000,0x0000,0x0000,0x0000,0x0000,0x0000,0x0000,0x0000,0x0000,
0x0000,0x0000,0x0000,0x0000,0x0000,0x0000,0x0000,0x0000,0x0000,0x0000,0x0000,0x0000,0x0000,0x0000,0x0000,0x0000,
0x0000,0x0000,0x0000,0x0000,0x0000,0x0000,0x0000,0x7BEF,0xFFFF,0xFFFF,0xFFFF,0xFFFF,0xB596,0x2965,0x0000,0x0000,
0x0000,0x0000,0x0000,0x0000,0x0000,0x10A2,0x0000,0x0000,0x8410,0xFFFF,0xFFFF,0x2965,0x0000,0x0841,0x1061,0x0000,
0x0000,0x0000,0x0000,0x0000,0x0000,0x0000,0x5ACB,0xDEFB,0xFFFF,0xFFFF,0xFFFF,0xDEFB,0x4A49,0x0000,0x0000,0x0000,
0x0000,0x0000,0x0000,0x0000,0x0000,0x0000,0x0000,0x0000,0x0000,0x0000,0x0000,0x0000,0x0000,0x0000,0x0000,0x0000,
0x0000,0x0000,0x0000,0x0000,0x0000,0x0000,0x0000,0x0000,0x0000,0x0000,0x0000,0x0000,0x0000,0x0000,0x0000,0x0000,
0x0000,0x0000,0x0000,0x0000,0x0000,0x0000,0x0000,0x0000,0x0000,0x0000,0x0000,0x0000,0x0000,0x0000,0x0000,0x0000,
0x0000,0x0000,0x0000,0x0000,0x0000,0x0000,0x0000,0x0000,0x0000,0x0000,0x0000,0x0000,0x0000,0x0000,0x0000,0x0000,
0x0000,0x0000,0x0000,0x0000,0x0000,0x0000,0x0000,0x0000,0x0000,0x0000,0x0000,0x0000,0x0000,0x0000,0x0000,0x0000,
0x0000,0x0000,0x0000,0x0000,0x0000,0x0000,0x0000,0x0000,0x0000,0x0000,0x0000,0x0000,0x0000,0x0000,0x0000,0x0000,
0x0000,0x0000,0x0000,0x0000,0x0000,0x0000,0x0000,0x0000,0x0000,0x0000,0x0000,0x0000,0x0000,0x0000,0x39C7,0xCE79,
0xFFFF,0xFFFF,0xFFFF,0xFFDF,0x8C51,0x18C3,0x0000,0x0000,0x0000,0x0000,0x0000,0x0000,0x0000,0x0000,0x0841,0xE73D,
0x9CF3,0x0000,0x0000,0x0000,0x0000,0x0000,0x0000,0x0000,0x0000,0x0000,0x39E7,0xBDD7,0xFFFF,0xFFFF,0xFFFF,0xFFFF,
0xA514,0x1082,0x0000,0x0000,0x0000,0x0000,0x0000,0x0000,0x0000,0x0000,0x0000,0x0000,0x0000,0x0000,0x0000,0x0000,
0x0000,0x0000,0x0000,0x0000,0x0000,0x0000,0x0000,0x0000,0x0000,0x0000,0x0000,0x0000,0x0000,0x0000,0x0000,0x0000,
0x0000,0x0000,0x0000,0x0000,0x0000,0x0000,0x0000,0x0000,0x0000,0x0000,0x0000,0x0000,0x0000,0x0000,0x0000,0x0000,
0x0000,0x0000,0x0000,0x0000,0x0000,0x0000,0x0000,0x0000,0x0000,0x0000,0x0000,0x0000,0x0000,0x0000,0x0000,0x0000,
0x0000,0x0000,0x0000,0x0000,0x0000,0x0000,0x0000,0x0000,0x0000,0x0000,0x0000,0x0000,0x0000,0x0000,0x0000,0x0000,
0x0000,0x0000,0x0000,0x0000,0x0000,0x0000,0x0000,0x0000,0x0000,0x0000,0x0000,0x0000,0x0000,0x0000,0x0000,0x0000,
0x0000,0x0000,0x0000,0x0000,0x0000,0x0000,0x0000,0x0000,0x0000,0x0000,0x0000,0x0000,0x0000,0x0000,0x0000,0x0000,
0x0000,0x0000,0x0000,0x0000,0x0000,0x0020,0x8410,0xF79E,0xFFFF,0xFFFF,0xFFFF,0xEF7D,0x8410,0x18E3,0x0000,0x0000,
0x0000,0x0000,0x0000,0x0000,0x0000,0x39E7,0x18E3,0x0000,0x0000,0x0000,0x0000,0x0000,0x0000,0x0000,0x39C7,0xAD55,
0xFFFF,0xFFFF,0xFFFF,0xFFFF,0xD6BA,0x4A8A,0x0000,0x0000,0x0000,0x0000,0x0000,0x0000,0x0000,0x0000,0x0000,0x0000,
0x0000,0x0000,0x0000,0x0000,0x0000,0x0000,0x0000,0x0000,0x0000,0x0000,0x0000,0x0000,0x0000,0x0000,0x0000,0x0000,
0x0000,0x0000,0x0000,0x0000,0x0000,0x0000,0x0000,0x0000,0x0000,0x0000,0x0000,0x0000,0x0000,0x0000,0x0000,0x0000,
0x0000,0x0000,0x0000,0x0000,0x0000,0x0000,0x0000,0x0000,0x0000,0x0000,0x0000,0x0000,0x0000,0x0000,0x0000,0x0000,
0x0000,0x0000,0x0000,0x0000,0x0000,0x0000,0x0000,0x0000,0x0000,0x0000,0x0000,0x0000,0x0000,0x0000,0x0000,0x0000,
0x0000,0x0000,0x0000,0x0000,0x0000,0x0000,0x0000,0x0000,0x0000,0x0000,0x0000,0x0000,0x0000,0x0000,0x0000,0x0000,
0x0000,0x0000,0x0000,0x0000,0x0000,0x0000,0x0000,0x0000,0x0000,0x0000,0x0000,0x0000,0x0000,0x0000,0x0000,0x0000,
0x0000,0x0000,0x0000,0x0000,0x0000,0x0000,0x0000,0x0000,0x0000,0x0000,0x0000,0x0000,0x0000,0x2124,0xAD55,0xFFFF,
0xFFFF,0xFFFF,0xFFFF,0xF79E,0x94B2,0x31A6,0x0000,0x0000,0x0000,0x0000,0x0000,0x0000,0x0000,0x0000,0x0000,0x0000,
0x0000,0x0020,0x4A69,0xB5B6,0xFFFF,0xFFFF,0xFFFF,0xFFFF,0xEF7D,0x7BEF,0x0841,0x0000,0x0000,0x0000,0x0000,0x0000,
0x0000,0x0000,0x0000,0x0000,0x0000,0x0000,0x0000,0x0000,0x0000,0x0000,0x0000,0x0000,0x0000,0x0000,0x0000,0x0000,
0x0000,0x0000,0x0000,0x0000,0x0000,0x0000,0x0000,0x0000,0x0000,0x0000,0x0000,0x0000,0x0000,0x0000,0x0000,0x0000,
0x0000,0x0000,0x0000,0x0000,0x0000,0x0000,0x0000,0x0000,0x0000,0x0000,0x0000,0x0000,0x0000,0x0000,0x0000,0x0000,
0x0000,0x0000,0x0000,0x0000,0x0000,0x0000,0x0000,0x0000,0x0000,0x0000,0x0000,0x0000,0x0000,0x0000,0x0000,0x0000,
0x0000,0x0000,0x0000,0x0000,0x0000,0x0000,0x0000,0x0000,0x0000,0x0000,0x0000,0x0000,0x0000,0x0000,0x0000,0x0000,
0x0000,0x0000,0x0000,0x0000,0x0000,0x0000,0x0000,0x0000,0x0000,0x0000,0x0000,0x0000,0x0000,0x0000,0x0000,0x0000,
0x0000,0x0000,0x0000,0x0000,0x0000,0x0000,0x0000,0x0000,0x0000,0x0000,0x0000,0x0000,0x0000,0x0000,0x0000,0x0000,
0x0000,0x0000,0x0000,0x0000,0x0000,0x39E7,0xBDD7,0xFFFF,0xFFFF,0xFFFF,0xFFFF,0xFFFF,0xC618,0x6B6D,0x2124,0x0000,
0x0000,0x0000,0x0000,0x0000,0x0000,0x39C7,0x8C51,0xDEDB,0xFFFF,0xFFFF,0xFFFF,0xFFFF,0xF79E,0x8C71,0x18E3,0x0000,
0x0000,0x0000,0x0000,0x0000,0x0000,0x0000,0x0000,0x0000,0x0000,0x0000,0x0000,0x0000,0x0000,0x0000,0x0000,0x0000,
0x0000,0x0000,0x0000,0x0000,0x0000,0x0000,0x0000,0x0000,0x0000,0x0000,0x0000,0x0000,0x0000,0x0000,0x0000,0x0000,
0x0000,0x0000,0x0000,0x0000,0x0000,0x0000,0x0000,0x0000,0x0000,0x0000,0x0000,0x0000,0x0000,0x0000,0x0000,0x0000,
0x0000,0x0000,0x0000,0x0000,0x0000,0x0000,0x0000,0x0000,0x0000,0x0000,0x0000,0x0000,0x0000,0x0000,0x0000,0x0000,
0x0000,0x0000,0x0000,0x0000,0x0000,0x0000,0x0000,0x0000,0x0000,0x0000,0x0000,0x0000,0x0000,0x0000,0x0000,0x0000,
0x0000,0x0000,0x0000,0x0000,0x0000,0x0000,0x0000,0x0000,0x0000,0x0000,0x0000,0x0000,0x0000,0x0000,0x0000,0x0000,
0x0000,0x0000,0x0000,0x0000,0x0000,0x0000,0x0000,0x0000,0x0000,0x0000,0x0000,0x0000,0x0000,0x0000,0x0000,0x0000,
0x0000,0x0000,0x0000,0x0000,0x0000,0x0000,0x0000,0x0000,0x0000,0x0000,0x0000,0x0000,0x0000,0x4208,0xB596,0xFFFF,
0xFFFF,0xFFFF,0xFFFF,0xFFFF,0xF7BE,0xC638,0x8430,0x4A49,0x52AA,0x94B2,0xD69A,0xFFFF,0xFFFF,0xFFFF,0xFFFF,0xFFFF,
0xEF7D,0x9492,0x2104,0x0000,0x0000,0x0000,0x0000,0x0000,0x0000,0x0000,0x0000,0x0000,0x0000,0x0000,0x0000,0x0000,
0x0000,0x0000,0x0000,0x0000,0x0000,0x0000,0x0000,0x0000,0x0000,0x0000,0x0000,0x0000,0x0000,0x0000,0x0000,0x0000,
0x0000,0x0000,0x0000,0x0000,0x0000,0x0000,0x0000,0x0000,0x0000,0x0000,0x0000,0x0000,0x0000,0x0000,0x0000,0x0000,
0x0000,0x0000,0x0000,0x0000,0x0000,0x0000,0x0000,0x0000,0x0000,0x0000,0x0000,0x0000,0x0000,0x0000,0x0000,0x0000,
0x0000,0x0000,0x0000,0x0000,0x0000,0x0000,0x0000,0x0000,0x0000,0x0000,0x0000,0x0000,0x0000,0x0000,0x0000,0x0000,
0x0000,0x0000,0x0000,0x0000,0x0000,0x0000,0x0000,0x0000,0x0000,0x0000,0x0000,0x0000,0x0000,0x0000,0x0000,0x0000,
0x0000,0x0000,0x0000,0x0000,0x0000,0x0000,0x0000,0x0000,0x0000,0x0000,0x0000,0x0000,0x0000,0x0000,0x0000,0x0000,
0x0000,0x0000,0x0000,0x0000,0x0000,0x0000,0x0000,0x0000,0x0000,0x0000,0x0000,0x0000,0x0000,0x0000,0x0000,0x0000,
0x0000,0x0000,0x0000,0x0000,0x0000,0x31A6,0x9492,0xE71C,0xFFFF,0xFFFF,0xFFFF,0xFFFF,0xFFFF,0xFFFF,0xFFFF,0xFFFF,
0xFFFF,0xFFFF,0xFFFF,0xFFFF,0xCE79,0x73AE,0x18C3,0x0000,0x0000,0x0000,0x0000,0x0000,0x0000,0x0000,0x0000,0x0000,
0x0000,0x0000,0x0000,0x0000,0x0000,0x0000,0x0000,0x0000,0x0000,0x0000,0x0000,0x0000,0x0000,0x0000,0x0000,0x0000,
0x0000,0x0000,0x0000,0x0000,0x0000,0x0000,0x0000,0x0000,0x0000,0x0000,0x0000,0x0000,0x0000,0x0000,0x0000,0x0000,
0x0000,0x0000,0x0000,0x0000,0x0000,0x0000,0x0000,0x0000,0x0000,0x0000,0x0000,0x0000,0x0000,0x0000,0x0000,0x0000,
0x0000,0x0000,0x0000,0x0000,0x0000,0x0000,0x0000,0x0000,0x0000,0x0000,0x0000,0x0000,0x0000,0x0000,0x0000,0x0000,
0x0000,0x0000,0x0000,0x0000,0x0000,0x0000,0x0000,0x0000,0x0000,0x0000,0x0000,0x0000,0x0000,0x0000,0x0000,0x0000,
0x0000,0x0000,0x0000,0x0000,0x0000,0x0000,0x0000,0x0000,0x0000,0x0000,0x0000,0x0000,0x0000,0x0000,0x0000,0x0000,
0x0000,0x0000,0x0000,0x0000,0x0000,0x0000,0x0000,0x0000,0x0000,0x0000,0x0000,0x0000,0x0000,0x0000,0x0000,0x0000,
0x0000,0x0000,0x0000,0x0000,0x0000,0x0000,0x0000,0x0000,0x0000,0x0000,0x0000,0x0000,0x0000,0x0861,0x528A,0xA534,
0xE73C,0xFFFF,0xFFFF,0xFFFF,0xFFFF,0xFFFF,0xFFFF,0xCE79,0x8C71,0x39C7,0x0000,0x0000,0x0000,0x0000,0x0000,0x0000,
0x0000,0x0000,0x0000,0x0000,0x0000,0x0000,0x0000,0x0000,0x0000,0x0000,0x0000,0x0000,0x0000,0x0000,0x0000,0x0000,
0x0000,0x0000,0x0000,0x0000,0x0000,0x0000,0x0000,0x0000,0x0000,0x0000,0x0000,0x0000,0x0000,0x0000,0x0000,0x0000,
0x0000,0x0000,0x0000,0x0000,0x0000,0x0000,0x0000,0x0000,0x0000,0x0000,0x0000,0x0000,0x0000,0x0000,0x0000,0x0000,
0x0000,0x0000,0x0000,0x0000,0x0000,0x0000,0x0000,0x0000,0x0000,0x0000,0x0000,0x0000,0x0000,0x0000,0x0000,0x0000,
0x0000,0x0000,0x0000,0x0000,0x0000,0x0000,0x0000,0x0000,0x0000,0x0000,0x0000,0x0000,0x0000,0x0000,0x0000,0x0000,
0x0000,0x0000,0x0000,0x0000,0x0000,0x0000,0x0000,0x0000,0x0000,0x0000,0x0000,0x0000,0x0000,0x0000,0x0000,0x0000,
0x0000,0x0000,0x0000,0x0000,0x0000,0x0000,0x0000,0x0000,0x0000,0x0000,0x0000,0x0000,0x0000,0x0000,0x0000,0x0000,
0x0000,0x0000,0x0000,0x0000,0x0000,0x0000,0x0000,0x0000,0x0000,0x0000,0x0000,0x0000,0x0000,0x0000,0x0000,0x0000,
0x0000,0x0000,0x0000,0x0000,0x0000,0x0000,0x0861,0x4208,0x7BAE,0xA534,0x9CD3,0x630C,0x2965,0x0000,0x0000,0x0000,
0x0000,0x0000,0x0000,0x0000,0x0000,0x0000,0x0000,0x0000,0x0000,0x0000,0x0000,0x0000,0x0000,0x0000,0x0000,0x0000,
0x0000,0x0000,0x0000,0x0000,0x0000,0x0000,0x0000,0x0000,0x0000,0x0000,0x0000,0x0000,0x0000,0x0000,0x0000,0x0000,
0x0000,0x0000,0x0000,0x0000,0x0000,0x0000,0x0000,0x0000,0x0000,0x0000,0x0000,0x0000,0x0000,0x0000,0x0000,0x0000,
0x0000,0x0000,0x0000,0x0000,0x0000,0x0000,0x0000,0x0000,0x0000,0x0000,0x0000,0x0000,0x0000,0x0000,0x0000,0x0000,
0x0000,0x0000,0x0000,0x0000,0x0000,0x0000,0x0000,0x0000,0x0000,0x0000,0x0000,0x0000,0x0000,0x0000,0x0000,0x0000,
0x0000,0x0000,0x0000,0x0000,0x0000,0x0000,0x0000,0x0000,0x0000,0x0000,0x0000,0x0000,0x0000,0x0000,0x0000,0x0000,
0x0000,0x0000,0x0000,0x0000,0x0000,0x0000,0x0000,0x0000,0x0000,0x0000,0x0000,0x0000,0x0000,0x0000,0x0000,0x0000,
0x0000,0x0000,0x0000,0x0000,0x0000,0x0000,0x0000,0x0000,0x0000,0x0000,0x0000,0x0000,0x0000,0x0000,0x0000,0x0000,
0x0000,0x0000,0x0000,0x0000,0x0000,0x0000,0x0000,0x0000,0x0000,0x0000,0x0000,0x0000,0x0000,0x0000,0x0000,0x0000,
0x0000,0x0000,0x0000,0x0000,0x0000,0x0000,0x0000,0x0000,0x0000,0x0000,0x0000,0x0000,0x0000,0x0000,0x0000,0x0000,
0x0000,0x0000,0x0000,0x0000,0x0000,0x0000,0x0000,0x0000,0x0000,0x0000,0x0000,0x0000,0x0000,0x0000,0x0000,0x0000,
0x0000,0x0000,0x0000,0x0000,0x0000,0x0000,0x0000,0x0000,0x0000,0x0000,0x0000,0x0000,0x0000,0x0000,0x0000,0x0000,
0x0000,0x0000,0x0000,0x0000,0x0000,0x0000,0x0000,0x0000,0x0000,0x0000,0x0000,0x0000,0x0000,0x0000,0x0000,0x0000,
0x0000,0x0000,0x0000,0x0000,0x0000,0x0000,0x0000,0x0000,0x0000,0x0000,0x0000,0x0000,0x0000,0x0000,0x0000,0x0000,
0x0000,0x0000,0x0000,0x0000,0x0000,0x0000,0x0000,0x0000,0x0000,0x0000,0x0000,0x0000,0x0000,0x0000,0x0000,0x0000,
0x0000,0x0000,0x0000,0x0000,0x0000,0x0000,0x0000,0x0000,0x0000,0x0000,0x0000,0x0000,0x0000,0x0000,0x0000,0x0000,
0x0000,0x0000,0x0000,0x0000,0x0000,0x0000,0x0000,0x0000,0x0000,0x0000,0x0000,0x0000,0x0000,0x0000,0x0000,0x0000,
0x0000,0x0000,0x0000,0x0000,0x0000,0x0000,0x0000,0x0000,0x0000,0x0000,0x0000,0x0000,0x0000,0x0000,0x0000,0x0000,
0x0000,0x0000,0x0000,0x0000,0x0000,0x0000,0x0000,0x0000,0x0000,0x0000,0x0000,0x0000,0x0000,0x0000,0x0000,0x0000,
0x0000,0x0000,0x0000,0x0000,0x0000,0x0000,0x0000,0x0000,0x0000,0x0000,0x0000,0x0000,0x0000,0x0000,0x0000,0x0000,
0x0000,0x0000,0x0000,0x0000,0x0000,0x0000,0x0000,0x0000,0x0000,0x0000,0x0000,0x0000,0x0000,0x0000,0x0000,0x0000,
0x0000,0x0000,0x0000,0x0000,0x0000,0x0000,0x0000,0x0000,0x0000,0x0000,0x0000,0x0000,0x0000,0x0000,0x0000,0x0000,
0x0000,0x0000,0x0000,0x0000,0x0000,0x0000,0x0000,0x0000,0x0000,0x0000,0x0000,0x0000,0x0000,0x0000,0x0000,0x0000,
0x0000,0x0000,0x0000,0x0000,0x0000,0x0000,0x0000,0x0000,0x0000,0x0000,0x0000,0x0000,0x0000,0x0000,0x0000,0x0000,
0x0000,0x0000,0x0000,0x0000,0x0000,0x0000,0x0000,0x0000,0x0000,0x0000,0x0000,0x0000,0x0000,0x0000,0x0000,0x0000,
0x0000,0x0000,0x0000,0x0000,0x0000,0x0000,0x0000,0x0000,0x0000,0x0000,0x0000,0x0000,0x0000,0x0000,0x0000,0x0000,
0x0000,0x0000,0x0000,0x0000,0x0000,0x0000,0x0000,0x0000,0x0000,0x0000,0x0000,0x0000,0x0000,0x0000,0x0000,0x0000,
0x0000,0x0000,0x0000,0x0000,0x0000,0x0000,0x0000,0x0000,0x0000,0x0000,0x0000,0x0000,0x0000,0x0000,0x0000,0x0000,
0x0000,0x0000,0x0000,0x0000,0x0000,0x0000,0x0000,0x0000,0x0000,0x0000,0x0000,0x0000,0x0000,0x0000,0x0000,0x0000,
0x0000,0x0000,0x0000,0x0000,0x0000,0x0000,0x0000,0x0000,0x0000,0x0000,0x0000,0x0000,0x0000,0x0000,0x0000,0x0000,
0x0000,0x0000,0x0000,0x0000,0x0000,0x0000,0x0000,0x0000,0x0000,0x0000,0x0000,0x0000,0x0000,0x0000,0x0000,0x0000,
0x0000,0x0000,0x0000,0x0000,0x0000,0x0000,0x0000,0x0000,0x0000,0x0000,0x0000,0x0000,0x0000,0x0000,0x0000,0x0000,
0x0000,0x0000,0x0000,0x0000,0x0000,0x0000,0x0000,0x0000,0x0000,0x0000,0x0000,0x0000,0x0000,0x0000,0x0000,0x0000,
0x0000,0x0000,0x0000,0x0000,0x0000,0x0000,0x0000,0x0000,0x0000,0x0000,0x0000,0x0000,0x0000,0x0000,0x0000,0x0000,
0x0000,0x0000,0x0000,0x0000,0x0000,0x0000,0x0000,0x0000,0x0000,0x0000,0x0000,0x0000,0x0000,0x0000,0x0000,0x0000,
0x0000,0x0000,0x0000,0x0000,0x0000,0x0000,0x0000,0x0000,0x0000,0x0000,0x0000,0x0000,0x0000,0x0000,0x0000,0x0000,
0x0000,0x0000,0x0000,0x0000,0x0000,0x0000,0x0000,0x0000,0x0000,0x0000,0x0000,0x0000,0x0000,0x0000,0x0000,0x0000,
0x0000,0x0000,0x0000,0x0000,0x0000,0x0000,0x0000,0x0000,0x0000,0x0000,0x0000,0x0000,0x0000,0x0000,0x0000,0x0000,
0x0000,0x0000,0x0000,0x0000,0x0000,0x0000,0x0000,0x0000,0x0000,0x0000,0x0000,0x0000,0x0000,0x0000,0x0000,0x0000,
0x0000,0x0000,0x0000,0x0000,0x0000,0x0000,0x0000,0x0000,0x0000,0x0000,0x0000,0x0000,0x0000,0x0000,0x0000,0x0000,
0x0000,0x0000,0x0000,0x0000,0x0000,0x0000,0x0000,0x0000,0x0000,0x0000,0x0000,0x0000,0x0000,0x0000,0x0000,0x0000,
0x0000,0x0000,0x0000,0x0000,0x0000,0x0000,0x0000,0x0000,0x0000,0x0000,0x0000,0x0000,0x0000,0x0000,0x0000,0x0000,
0x0000,0x0000,0x0000,0x0000,0x0000,0x0000,0x0000,0x0000,0x0000,0x0000,0x0000,0x0000,0x0000,0x0000,0x0000,0x0000,
0x0000,0x0000,0x0000,0x0000,0x0000,0x0000,0x0000,0x0000,0x0000,0x0000,0x0000,0x0000,0x0000,0x0000,0x0000,0x0000,
0x0000,0x0000,0x0000,0x0000,0x0000,0x0000,0x0000,0x0000,0x0000,0x0000,0x0000,0x0000,0x0000,0x0000,0x0000,0x0000,
0x0000,0x0000,0x0000,0x0000,0x0000,0x0000,0x0000,0x0000,0x0000,0x0000,0x0000,0x0000,0x0000,0x0000,0x0000,0x0000,
0x0000,0x0000,0x0000,0x0000,0x0000,0x0000,0x0000,0x0000,0x0000,0x0000,0x0000,0x0000,0x0000,0x0000,0x0000,0x0000,
0x0000,0x0000,0x0000,0x0000,0x0000,0x0000,0x0000,0x0000,0x0000,0x0000,0x0000,0x0000,0x0000,0x0000,0x0000,0x0000,
0x0000,0x0000,0x0000,0x0000,0x0000,0x0000,0x0000,0x0000,0x0000,0x0000,0x0000,0x0000,0x0000,0x0000,0x0000,0x0000,
0x0000,0x0000,0x0000,0x0000,0x0000,0x0000,0x0000,0x0000,0x0000,0x0000,0x0000,0x0000,0x0000,0x0000,0x0000,0x0000,
0x0000,0x0000,0x0000,0x0000,0x0000,0x0000,0x0000,0x0000,0x0000,0x0000,0x0000,0x0000,0x0000,0x0000,0x0000,0x0000,
0x0000,0x0000,0x0000,0x0000,0x0000,0x0000,0x0000,0x0000,0x0000,0x0000,0x0000,0x0000,0x0000,0x0000,0x0000,0x0000,
0x0000,0x0000,0x0000,0x0000,0x0000,0x0000,0x0000,0x0000,0x0000,0x0000,0x0000,0x0000,0x0000,0x0000,0x0000,0x0000,
0x0000,0x0000,0x0000,0x0000,0x0000,0x0000,0x0000,0x0000,0x0000,0x0000,0x0000,0x0000,0x0000,0x0000,0x0000,0x0000,
0x0000,0x0000,0x0000,0x0000,0x0000,0x0000,0x0000,0x0000,0x0000,0x0000,0x0000,0x0000,0x0000,0x0000,0x0000,0x0000,
0x0000,0x0000,0x0000,0x0000,0x0000,0x0000,0x0000,0x0000,0x0000,0x0000,0x0000,0x0000,0x0000,0x0000,0x0000,0x0000,
0x0000,0x0000,0x0000,0x0000,0x0000,0x0000,0x0000,0x0000,0x0000,0x0000,0x0000,0x0000,0x0000,0x0000,0x0000,0x0000,
0x0000,0x0000,0x0000,0x0000,0x0000,0x0000,0x0000,0x0000,0x0000,0x0000,0x0000,0x0000,0x0000,0x0000,0x0000,0x0000,
0x0000,0x0000,0x0000,0x0000,0x0000,0x0000,0x0000,0x0000,0x0000,0x0000,0x0000,0x0000,0x0000,0x0000,0x0000,0x0000,
0x0000,0x0000,0x0000,0x0000,0x0000,0x0000,0x0000,0x0000,0x0000,0x0000,0x0000,0x0000,0x0000,0x0000,0x0000,0x0000,
0x0000,0x0000,0x0000,0x0000,0x0000,0x0000,0x0000,0x0000,0x0000,0x0000,0x0000,0x0000,0x0000,0x0000,0x0000,0x0000,
0x0000,0x0000,0x0000,0x0000,0x0000,0x0000,0x0000,0x0000,0x0000,0x0000,0x0000,0x0000,0x0000,0x0000,0x0000,0x0000,
0x0000,0x0000,0x0000,0x0000,0x0000,0x0000,0x0000,0x0000,0x0000,0x0000,0x0000,0x0000,0x0000,0x0000,0x0000,0x0000,
0x0000,0x0000,0x0000,0x0000,0x0000,0x0000,0x0000,0x0000,0x0000,0x0000,0x0000,0x0000,0x0000,0x0000,0x0000,0x0000,
0x0000,0x0000,0x0000,0x0000,0x0000,0x0000,0x0000,0x0000,0x0000,0x0000,0x0000,0x0000,0x0000,0x0000,0x0000,0x0000,
0x0000,0x0000,0x0000,0x0000,0x0000,0x0000,0x0000,0x0000,0x0000,0x0000,0x0000,0x0000,0x0000,0x0000,0x0000,0x0000,
0x0000,0x0000,0x0000,0x0000,0x0000,0x0000,0x0000,0x0000,0x0000,0x0000,0x0000,0x0000,0x0000,0x0000,0x0000,0x0000,
0x0000,0x0000,0x0000,0x0000,0x0000,0x0000,0x0000,0x0000,0x0000,0x0000,0x0000,0x0000,0x0000,0x0000,0x0000,0x0000,
0x0000,0x0000,0x0000,0x0000,0x0000,0x0000,0x0000,0x0000,0x0000,0x0000,0x0000,0x0000,0x0000,0x0000,0x0000,0x0000,
0x0000,0x0000,0x0000,0x0000,0x0000,0x0000,0x0000,0x0000,0x0000,0x0000,0x0000,0x0000,0x0000,0x0000,0x0000,0x0000,
0x0000,0x0000,0x0000,0x0000,0x0000,0x0000,0x0000,0x0000,0x0000,0x0000,0x0000,0x0000,0x0000,0x0000,0x0000,0x0000,
0x0000,0x0000,0x0000,0x0000,0x0000,0x0000,0x0000,0x0000,0x0000,0x0000,0x0000,0x0000,0x0000,0x0000,0x0000,0x0000,
0x0000,0x0000,0x0000,0x0000,0x0000,0x0000,0x0000,0x0000,0x0000,0x0000,0x0000,0x0000,0x0000,0x0000,0x0000,0x0000,
0x0000,0x0000,0x0000,0x0000,0x0000,0x0000,0x0000,0x0000,0x0000,0x0000,0x0000,0x0000,0x0000,0x0000,0x0000,0x0000,
0x0000,0x0000,0x0000,0x0000,0x0000,0x0000,0x0000,0x0000,0x0000,0x0000,0x0000,0x0000,0x0000,0x0000,0x0000,0x0000,
0x0000,0x0000,0x0000,0x0000,0x0000,0x0000,0x0000,0x0000,0x0000,0x0000,0x0000,0x0000,0x0000,0x0000,0x0000,0x0000,
0x0000,0x0000,0x0000,0x0000,0x0000,0x0000,0x0000,0x0000,0x0000,0x0000,0x0000,0x0000,0x0000,0x0000,0x0000,0x0000,
0x0000,0x0000,0x0000,0x0000,0x0000,0x0000,0x0000,0x0000,0x0000,0x0000,0x0000,0x0000,0x0000,0x0000,0x0000,0x0000,
0x0000,0x0000,0x0000,0x0000,0x0000,0x0000,0x0000,0x0000,0x0000,0x0000,0x0000,0x0000,0x0000,0x0000,0x0000,0x0000,
0x0000,0x0000,0x0000,0x0000,0x0000,0x0000,0x0000,0x0000,0x0000,0x0000,0x0000,0x0000,0x0000,0x0000,0x0000,0x0000,
0x0000,0x0000,0x0000,0x0000,0x0000,0x0000,0x0000,0x0000,0x0000,0x0000,0x0000,0x0000,0x0000,0x0000,0x0000,0x0000,
0x0000,0x0000,0x0000,0x0000,0x0000,0x0000,0x0000,0x0000,0x0000,0x0000,0x0000,0x0000,0x0000,0x0000,0x0000,0x0000,
0x0000,0x0000,0x0000,0x0000,0x0000,0x0000,0x0000,0x0000,0x0000,0x0000,0x0000,0x0000,0x0000,0x0000,0x0000,0x0000,
0x0000,0x0000,0x0000,0x0000,0x0000,0x0000,0x0000,0x0000,0x0000,0x0000,0x0000,0x0000,0x0000,0x0000,0x0000,0x0000,
0x0000,0x0000,0x0000,0x0000,0x0000,0x0000,0x0000,0x0000,0x0000,0x0000,0x0000,0x0000,0x0000,0x0000,0x0000,0x0000,
0x0000,0x0000,0x0000,0x0000,0x0000,0x0000,0x0000,0x0000,0x0000,0x0000,0x0000,0x0000,0x0000,0x0000,0x0000,0x0000,
0x0000,0x0000,0x0000,0x0000,0x0000,0x0000,0x0000,0x0000,0x0000,0x0000,0x0000,0x0000,0x0000,0x0000,0x0000,0x0000,
0x0000,0x0000,0x0000,0x0000,0x0000,0x0000,0x0000,0x0000,0x0000,0x0000,0x0000,0x0000,0x0000,0x0000,0x0000,0x0000,
0x0000,0x0000,0x0000,0x0000,0x0000,0x0000,0x0000,0x0000,0x0000,0x0000,0x0000,0x0000,0x0000,0x0000,0x0000,0x0000,
0x0000,0x0000,0x0000,0x0000,0x0000,0x0000,0x0020,0x0000,0x0000,0x0000,0x0020,0x0000,0x0020,0x0000,0x0000,0x0000,
0x0020,0x0000,0x0000,0x0000,0x0000,0x0020,0x0020,0x0000,0x0000,0x0000,0x0000,0x0000,0x0000,0x0000,0x0000,0x0841,
0x1082,0x0861,0x0000,0x0000,0x0000,0x0000,0x0000,0x0000,0x0000,0x0000,0x0020,0x0000,0x0000,0x0000,0x0000,0x0020,
0x0000,0x0000,0x0000,0x0000,0x0000,0x0000,0x0000,0x0020,0x0020,0x0000,0x0000,0x0000,0x0020,0x0000,0x0000,0x0000,
0x0000,0x0000,0x0000,0x0000,0x0000,0x0000,0x0000,0x0000,0x0000,0x0000,0x0000,0x0000,0x0000,0x0000,0x10A2,0x10A2,
0x0020,0x0000,0x0000,0x0000,0x0000,0x0000,0x0000,0x0000,0x0000,0x0000,0x0000,0x0000,0x0841,0x10A2,0x0861,0x0000,
0x0000,0x0000,0x0000,0x0000,0x0000,0x0000,0x0000,0x0000,0x0000,0x0000,0x0020,0x0000,0x0020,0x0000,0x0000,0x0000,
0x0000,0x0000,0x0000,0x0020,0x0020,0x0020,0x0000,0x0000,0x0000,0x0000,0x0000,0x0000,0x0000,0x0000,0x0000,0x0000,
0x0000,0x0000,0x0000,0x0000,0x0000,0x0000,0x0000,0x0020,0x0000,0x0000,0x0000,0x0000,0x0000,0x0000,0x0000,0x0000,
0x0000,0x0000,0x0000,0x0000,0x0000,0x0000,0x0000,0x0000,0x0000,0x0000,0x18E3,0xD69A,0xDEDB,0xD6BA,0xD6BA,0xD6BA,
0xD6BA,0xD6BA,0xD6BA,0xD6BA,0xD6BA,0xD6BA,0xDEDB,0x4A69,0x0000,0xC638,0xD6DA,0xDEDB,0xCE79,0x10A2,0x0000,0x0000,
0x0000,0x0000,0x0841,0x630C,0xBDD6,0xDEFB,0xEF5D,0xE73C,0xCE59,0x8430,0x18E3,0x0000,0x0000,0x0000,0x0000,0x528A,
0xDEDB,0xD6BA,0xD6BA,0xD6BA,0xD6BA,0xD6BA,0xD6BA,0xD6BA,0xD6DA,0xC638,0x1082,0x0000,0x8430,0xDEDB,0xD6DA,0xD6BA,
0xD6BA,0xD6BA,0xD6BA,0xD69A,0xA534,0x4208,0x0000,0x0000,0x0000,0x0000,0x0000,0x0000,0x0000,0x0000,0x0000,0x0000,
0x0000,0x18E3,0x8C71,0xD6BA,0xEF7D,0xEF7D,0xDEDB,0xAD75,0x5AEB,0x0841,0x0000,0x0000,0x0000,0x0000,0x0000,0x0020,
0x630C,0xB5B6,0xDEFB,0xEF7D,0xE73C,0xC618,0x7BCF,0x1082,0x0000,0x0000,0x0000,0x0000,0x0000,0x0000,0x2965,0xD6BA,
0xDEDB,0xD6BA,0xDEDB,0x9492,0x0000,0x0000,0x0000,0x0000,0x2945,0xDEDB,0xDEDB,0xDEDB,0xC617,0x0841,0x0000,0x0000,
0x0000,0x0000,0x0000,0x10A2,0xCE59,0xDEDB,0xD6BA,0xD6BA,0xD6BA,0xD6BA,0xD6BA,0xD6BA,0xD6BA,0xDEDB,0x6B4D,0x0000,
0x0000,0x0000,0x0000,0x0000,0x0000,0x0000,0x0000,0x0000,0x0000,0x0000,0x0000,0x0000,0x0000,0x0000,0x0000,0x0000,
0x2124,0xFFFF,0xFFFF,0xFFFF,0xFFFF,0xFFFF,0xFFFF,0xFFFF,0xFFFF,0xFFFF,0xFFFF,0xFFFF,0xFFFF,0x630C,0x0000,0xF79E,
0xFFFF,0xFFFF,0xFFFF,0x18C3,0x0000,0x0000,0x0000,0x4208,0xD6BA,0xFFFF,0xFFFF,0xFFFF,0xFFFF,0xFFFF,0xFFFF,0xFFFF,
0xEF7D,0x5ACB,0x0000,0x0000,0x0000,0x632C,0xFFFF,0xFFFF,0xFFFF,0xFFFF,0xFFFF,0xFFFF,0xFFFF,0xFFFF,0xFFFF,0xF79E,
0x1082,0x0000,0xAD55,0xFFFF,0xFFFF,0xFFFF,0xFFFF,0xFFFF,0xFFFF,0xFFFF,0xFFFF,0xFFFF,0x7BCF,0x0000,0x0000,0x0000,
0x0000,0x0000,0x0000,0x0000,0x0000,0x0000,0x39C7,0xEF5D,0xFFFF,0xFFFF,0xFFFF,0xFFFF,0xFFFF,0xFFFF,0xFFFF,0xDEFB,
0x4A49,0x0000,0x0000,0x0000,0x3186,0xCE79,0xFFFF,0xFFFF,0xFFFF,0xFFFF,0xFFFF,0xFFFF,0xFFFF,0xE71C,0x4208,0x0000,
0x0000,0x0000,0x0000,0x0000,0x8410,0xFFFF,0xFFFF,0xFFFF,0xFFFF,0xF79D,0x0861,0x0000,0x0000,0x0000,0x31A6,0xFFFF,
0xFFFF,0xFFFF,0xEF7D,0x0861,0x0000,0x0000,0x0000,0x0000,0x0000,0x18C3,0xFFDF,0xFFFF,0xFFFF,0xFFFF,0xFFFF,0xFFFF,
0xFFFF,0xFFFF,0xFFFF,0xFFFF,0x8430,0x0000,0x0000,0x0000,0x0000,0x0000,0x0000,0x0000,0x0000,0x0000,0x0000,0x0000,
0x0000,0x0000,0x0000,0x0000,0x0000,0x0000,0x2104,0xFFFF,0xFFFF,0xFFFF,0xFFFF,0xFFFF,0xFFFF,0xFFFF,0xFFFF,0xFFFF,
0xFFFF,0xFFFF,0xFFFF,0x5AEB,0x0000,0xEF5D,0xFFFF,0xFFFF,0xF79E,0x18C3,0x0000,0x0000,0x4A49,0xFFDF,0xFFFF,0xFFFF,
0xFFFF,0xFFFF,0xFFFF,0xFFFF,0xFFFF,0xFFFF,0xFFFF,0xFFFF,0x5ACB,0x0000,0x0000,0x630C,0xFFFF,0xFFFF,0xFFFF,0xFFFF,
0xFFFF,0xFFFF,0xFFFF,0xFFFF,0xFFFF,0xF7BE,0x10A2,0x0000,0xA514,0xFFFF,0xFFFF,0xFFFF,0xFFFF,0xFFFF,0xFFFF,0xFFFF,
0xFFFF,0xFFFF,0xFFFF,0x4A69,0x0000,0x0000,0x0000,0x0000,0x0000,0x0000,0x0000,0x1082,0xE73C,0xFFFF,0xFFFF,0xFFFF,
0xFFFF,0xFFFF,0xFFFF,0xFFFF,0xFFFF,0xFFFF,0x31A6,0x0000,0x0000,0x3186,0xF79E,0xFFFF,0xFFFF,0xFFFF,0xFFFF,0xFFFF,
0xFFFF,0xFFFF,0xFFFF,0xFFFF,0xFFBF,0x39E7,0x0000,0x0000,0x0000,0x0000,0xCE79,0xFFFF,0xFFFF,0xFFFF,0xFFFF,0xFFFF,
0x4A69,0x0000,0x0000,0x0000,0x3186,0xFFFF,0xFFFF,0xFFFF,0xE71C,0x0841,0x0000,0x0000,0x0000,0x0000,0x0000,0x18C3,
0xEF7D,0xFFFF,0xFFFF,0xFFFF,0xFFFF,0xFFFF,0xFFFF,0xFFFF,0xFFFF,0xFFFF,0x8410,0x0000,0x0000,0x0000,0x0000,0x0000,
0x0000,0x0000,0x0000,0x0000,0x0000,0x0000,0x0000,0x0000,0x0000,0x0000,0x0000,0x0000,0x18C3,0xC638,0xCE59,0xC638,
0xCE39,0xF7BE,0xFFFF,0xFFFF,0xFFFF,0xD69A,0xC618,0xC638,0xCE59,0x4A48,0x0020,0xEF5D,0xFFFF,0xFFFF,0xF79E,0x18E3,
0x0000,0x18C3,0xEF7D,0xFFFF,0xFFFF,0xFFFF,0xFFFF,0xE71C,0xC638,0xDEDB,0xFFFF,0xFFFF,0xFFFF,0xFFFF,0x7BEF,0x0000,
0x0000,0x630C,0xFFFF,0xFFFF,0xFFFF,0xEF7D,0xC638,0xC638,0xC638,0xC638,0xCE59,0xB5B6,0x0861,0x0000,0xA514,0xFFFF,
0xFFFF,0xFFFF,0xE71C,0xC618,0xCE59,0xF79E,0xFFFF,0xFFFF,0xFFFF,0xC638,0x0000,0x0000,0x0000,0x0000,0x0000,0x0000,
0x0000,0x630C,0xFFFF,0xFFFF,0xFFFF,0xF7BE,0xBDD7,0xBDD7,0xEF5D,0xFFFF,0xFFFF,0x94B2,0x0000,0x0000,0x0861,0xDEDB,
0xFFFF,0xFFFF,0xFFFF,0xFFFF,0xE6FC,0xC638,0xE71C,0xFFFF,0xFFFF,0xFFFF,0xFFFF,0x6B6D,0x0000,0x0000,0x0000,0x2965,
0xFFFF,0xFFFF,0xFFFF,0xFFFF,0xFFFF,0xFFFF,0xA514,0x0000,0x0000,0x0000,0x3186,0xFFFF,0xFFFF,0xFFFF,0xE71C,0x0861,
0x0000,0x0000,0x0000,0x0000,0x0000,0x18C3,0xEF7D,0xFFFF,0xFFFF,0xFFFF,0xD69A,0xC638,0xC638,0xC638,0xC638,0xCE59,
0x630C,0x0000,0x0000,0x0000,0x0000,0x0000,0x0000,0x0000,0x0000,0x0000,0x0000,0x0000,0x0000,0x0000,0x0000,0x0000,
0x0000,0x0000,0x0000,0x0000,0x0000,0x0000,0x0000,0xDEFB,0xFFFF,0xFFFF,0xFFFF,0x2965,0x0000,0x0000,0x0000,0x0000,
0x10A2,0xEF5D,0xFFFF,0xFFFF,0xF79E,0x18C3,0x0000,0x8C51,0xFFFF,0xFFFF,0xFFFF,0xFFFF,0x7BEF,0x0861,0x0000,0x0841,
0x5AEB,0xFFFF,0xF79E,0x52AA,0x0000,0x0000,0x0000,0x630C,0xFFFF,0xFFFF,0xFFFF,0xAD55,0x0000,0x0000,0x0000,0x0000,
0x0000,0x0000,0x0000,0x0000,0xA514,0xFFFF,0xFFFF,0xFFFF,0x6B6D,0x0000,0x0000,0x4228,0xFFDF,0xFFFF,0xFFFF,0xF79E,
0x18C3,0x0000,0x0000,0x0000,0x0000,0x0000,0x0000,0x94B2,0xFFFF,0xFFFF,0xFFFF,0xCE79,0x0000,0x0000,0x0841,0x632C,
0xC638,0x2124,0x0000,0x0000,0x6B6D,0xFFFF,0xFFFF,0xFFFF,0xFFFF,0x7BEF,0x0861,0x0000,0x0861,0x738E,0xFFFF,0xE71C,
0x4A49,0x0000,0x0000,0x0000,0x0000,0x73AE,0xFFFF,0xFFFF,0xEF7D,0xD69A,0xFFFF,0xFFFF,0xE73C,0x0841,0x0000,0x0000,
0x3186,0xFFFF,0xFFFF,0xFFFF,0xE71C,0x0861,0x0000,0x0000,0x0000,0x0000,0x0000,0x18C3,0xEF7D,0xFFFF,0xFFFF,0xFFDF,
0x18A2,0x0000,0x0000,0x0000,0x0000,0x0000,0x0000,0x0000,0x0000,0x0000,0x0000,0x0000,0x0000,0x0000,0x0000,0x0000,
0x0000,0x0000,0x0000,0x0000,0x0000,0x0000,0x0000,0x0000,0x0000,0x0000,0x0000,0x0000,0x0020,0xDEFB,0xFFFF,0xFFFF,
0xFFFF,0x3186,0x0000,0x0000,0x0000,0x0000,0x1082,0xEF5D,0xFFFF,0xFFFF,0xF79E,0x10A2,0x0000,0xDEFB,0xFFFF,0xFFFF,
0xFFFF,0x9CD3,0x0000,0x0000,0x0000,0x0000,0x0000,0x4A49,0x2945,0x0000,0x0000,0x0000,0x0000,0x630C,0xFFFF,0xFFFF,
0xFFFF,0xBDF7,0x39E7,0x4208,0x39E7,0x39C7,0x39C7,0x0020,0x0000,0x0000,0xA514,0xFFFF,0xFFFF,0xFFFF,0x6B4D,0x0000,
0x0000,0x0861,0xF7BE,0xFFFF,0xFFFF,0xFFDF,0x2104,0x0000,0x0000,0x0000,0x0000,0x0000,0x0000,0x9492,0xFFFF,0xFFFF,
0xFFFF,0xFFFF,0xCE79,0x7BCF,0x2965,0x0000,0x0000,0x0000,0x0000,0x0000,0xC638,0xFFFF,0xFFFF,0xFFFF,0xAD55,0x0000,
0x0000,0x0000,0x0000,0x0000,0x5AEB,0x2104,0x0000,0x0000,0x0000,0x0000,0x0000,0xC638,0xFFFF,0xFFFF,0xBDD7,0x5ACB,
0xFFFF,0xFFFF,0xFFFF,0x4228,0x0000,0x0000,0x3186,0xFFFF,0xFFFF,0xFFFF,0xE71C,0x0841,0x0000,0x0000,0x0000,0x0000,
0x0000,0x18C3,0xEF7D,0xFFFF,0xFFFF,0xFFDF,0x5ACB,0x39E7,0x39E7,0x39C7,0x39E7,0x20E3,0x0000,0x0000,0x0000,0x0000,
0x0000,0x0000,0x0000,0x0000,0x0000,0x0000,0x0000,0x0000,0x0000,0x0000,0x0000,0x0000,0x0000,0x0000,0x0000,0x0000,
0x0000,0x0000,0x0841,0xDEFB,0xFFFF,0xFFFF,0xFFFF,0x3186,0x0000,0x0000,0x0000,0x0000,0x1082,0xEF5D,0xFFFF,0xFFFF,
0xF79E,0x1082,0x18C3,0xFFDF,0xFFFF,0xFFFF,0xFFFF,0x3186,0x0000,0x0000,0x0000,0x0861,0x1082,0x0000,0x0020,0x1082,
0x0861,0x0020,0x0000,0x630C,0xFFFF,0xFFFF,0xFFFF,0xFFFF,0xFFFF,0xFFFF,0xFFFF,0xFFFF,0xFFFF,0x18E3,0x0000,0x0000,
0xA514,0xFFFF,0xFFFF,0xFFFF,0x9492,0x31A6,0x39C7,0x8C71,0xFFFF,0xFFFF,0xFFFF,0xE73C,0x0841,0x0000,0x0000,0x0000,
0x0000,0x0000,0x0000,0x4A69,0xFFFF,0xFFFF,0xFFFF,0xFFFF,0xFFFF,0xFFFF,0xFFFF,0xC639,0x632C,0x0000,0x0000,0x0861,
0xE73C,0xFFFF,0xFFFF,0xFFFF,0x4A49,0x0000,0x0000,0x0000,0x0000,0x0000,0x0000,0x0000,0x0000,0x0000,0x0000,0x0000,
0x2945,0xFFFF,0xFFFF,0xFFFF,0x840F,0x1082,0xFFDF,0xFFFF,0xFFFF,0x94B2,0x0000,0x0000,0x3186,0xFFFF,0xFFFF,0xFFFF,
0xE71C,0x0841,0x0000,0x0000,0x0000,0x0000,0x0000,0x18C3,0xEF7E,0xFFFF,0xFFFF,0xFFFF,0xFFFF,0xFFFF,0xFFFF,0xFFFF,
0xFFFF,0x8410,0x0000,0x0000,0x0000,0x0000,0x0000,0x0000,0x0000,0x0000,0x0000,0x0000,0x0000,0x0000,0x0000,0x0000,
0x0000,0x0000,0x0000,0x0000,0x0000,0x0000,0x0000,0x0000,0x0841,0xDEFB,0xFFFF,0xFFFF,0xFFFF,0x3186,0x0000,0x0000,
0x0000,0x0000,0x1082,0xEF5D,0xFFFF,0xFFFF,0xF79E,0x0861,0x2945,0xFFFF,0xFFFF,0xFFFF,0xF7BE,0x18E3,0x0000,0x0000,
0x0000,0xBDF7,0xEF7D,0xEF5D,0xEF3D,0xE73C,0xEF5D,0x528A,0x0000,0x630C,0xFFFF,0xFFFF,0xFFFF,0xFFFF,0xFFFF,0xFFFF,
0xFFFF,0xFFFF,0xF7BE,0x18E3,0x0000,0x0000,0xA514,0xFFFF,0xFFFF,0xFFFF,0xFFFF,0xFFFF,0xFFFF,0xFFFF,0xFFFF,0xFFFF,
0xFFFF,0x9CD3,0x0000,0x0000,0x0000,0x0000,0x0000,0x0000,0x0000,0x0000,0xAD55,0xFFFF,0xFFFF,0xFFFF,0xFFFF,0xFFFF,
0xFFFF,0xFFFF,0xFFFF,0xBDF7,0x0841,0x1082,0xF79E,0xFFFF,0xFFFF,0xFFFF,0x3186,0x0000,0x0000,0x0000,0x0000,0x0000,
0x0000,0x0000,0x0000,0x0000,0x0000,0x0000,0x73AE,0xFFFF,0xFFFF,0xFFFF,0x4228,0x0000,0xCE39,0xFFFF,0xFFFF,0xDEDB,
0x0020,0x0000,0x3186,0xFFFF,0xFFFF,0xFFFF,0xE71C,0x0841,0x0000,0x0000,0x0000,0x0000,0x0000,0x18C3,0xEF7D,0xFFFF,
0xFFFF,0xFFFF,0xFFFF,0xFFFF,0xFFFF,0xFFFF,0xFFFF,0x8410,0x0000,0x0000,0x0000,0x0000,0x0000,0x0000,0x0000,0x0000,
0x0000,0x0000,0x0000,0x0000,0x0000,0x0000,0x0000,0x0000,0x0000,0x0000,0x0000,0x0000,0x0000,0x0000,0x0841,0xDEFC,
0xFFFF,0xFFFF,0xFFFF,0x3186,0x0000,0x0000,0x0000,0x0000,0x1082,0xEF5D,0xFFFF,0xFFFF,0xF79E,0x1082,0x18E3,0xFFDF,
0xFFFF,0xFFFF,0xFFFF,0x3186,0x0000,0x0000,0x0000,0xE71C,0xFFFF,0xFFFF,0xFFFF,0xFFFF,0xFFFF,0x5ACB,0x0000,0x630C,
0xFFFF,0xFFFF,0xFFFF,0xFFFF,0xF7BE,0xF79E,0xF79E,0xF7BE,0xEF5D,0x18C3,0x0000,0x0000,0xA514,0xFFFF,0xFFFF,0xFFFF,
0xFFFF,0xFFFF,0xFFFF,0xFFFF,0xFFFF,0xFFFF,0xDEDB,0x18C3,0x0000,0x0000,0x0000,0x0000,0x0000,0x0000,0x0000,0x0000,
0x0000,0x738E,0xDEFB,0xFFFF,0xFFFF,0xFFFF,0xFFFF,0xFFFF,0xFFFF,0xFFFF,0x8410,0x0000,0xE71C,0xFFFF,0xFFFF,0xFFFF,
0x4A69,0x0000,0x0000,0x0000,0x0000,0x0000,0x0000,0x0000,0x0000,0x0000,0x0000,0x0000,0xC618,0xFFFF,0xFFFF,0xE71C,
0x0000,0x0000,0x73AF,0xFFFF,0xFFFF,0xFFFF,0x39E7,0x0000,0x3186,0xFFFF,0xFFFF,0xFFFF,0xE71C,0x0861,0x0000,0x0000,
0x0000,0x0000,0x0000,0x18C3,0xEF7D,0xFFFF,0xFFFF,0xFFFF,0xF7BE,0xF79E,0xF7BE,0xF79E,0xF7BE,0x73AE,0x0000,0x0000,
0x0000,0x0000,0x0000,0x0000,0x0000,0x0000,0x0000,0x0000,0x0000,0x0000,0x0000,0x0000,0x0000,0x0000,0x0000,0x0000,
0x0000,0x0000,0x0000,0x0000,0x0841,0xDEFB,0xFFFF,0xFFFF,0xFFFF,0x3186,0x0000,0x0000,0x0000,0x0000,0x1082,0xEF5D,
0xFFFF,0xFFFF,0xF79E,0x18C3,0x0000,0xDEDB,0xFFFF,0xFFFF,0xFFFF,0x9492,0x0000,0x0000,0x0000,0xB596,0xD69A,0xE71C,
0xFFFF,0xFFFF,0xFFFF,0x52AA,0x0000,0x630C,0xFFFF,0xFFFF,0xFFFF,0xBDD7,0x18E3,0x18E3,0x18E3,0x18E3,0x18E3,0x0000,
0x0000,0x0000,0xA514,0xFFFF,0xFFFF,0xFFFF,0xFFFF,0xFFFF,0xFFFF,0xFFFF,0xFFFF,0xF7BE,0x2124,0x0000,0x0000,0x0000,
0x0000,0x0000,0x0000,0x0000,0x0000,0x0000,0x18C3,0x0000,0x0000,0x4228,0x94B2,0xDEFB,0xFFFF,0xFFFF,0xFFFF,0xFFFF,
0xCE79,0x0000,0xB5B6,0xFFFF,0xFFFF,0xFFFF,0xAD75,0x0000,0x0000,0x0000,0x0000,0x0000,0x4A49,0x1082,0x0000,0x0000,
0x0000,0x2104,0xFFDF,0xFFFF,0xFFFF,0xE71C,0x9472,0x9492,0xB5B6,0xFFFF,0xFFFF,0xFFFF,0x8C51,0x0000,0x3186,0xFFFF,
0xFFFF,0xFFFF,0xE71C,0x0841,0x0000,0x0000,0x0000,0x0000,0x0000,0x10A2,0xEF7D,0xFFFF,0xFFFF,0xFFDF,0x4208,0x18C3,
0x18E3,0x18E3,0x18E3,0x0861,0x0000,0x0000,0x0000,0x0000,0x0000,0x0000,0x0000,0x0000,0x0000,0x0000,0x0000,0x0000,
0x0000,0x0000,0x0000,0x0000,0x0000,0x0000,0x0000,0x0000,0x0000,0x0000,0x0821,0xDEFB,0xFFFF,0xFFFF,0xFFFF,0x3186,
0x0000,0x0000,0x0000,0x0000,0x1082,0xEF7D,0xFFFF,0xFFFF,0xF79E,0x18C3,0x0000,0x8C71,0xFFFF,0xFFFF,0xFFFF,0xFFFF,
0x6B6D,0x0020,0x0000,0x0000,0x39E7,0xD69A,0xFFFF,0xFFFF,0xFFFF,0x52AA,0x0000,0x630C,0xFFFF,0xFFFF,0xFFFF,0xA534,
0x0000,0x0000,0x0000,0x0000,0x0000,0x0000,0x0000,0x0000,0xA514,0xFFFF,0xFFFF,0xFFFF,0xAD55,0x632C,0xE71C,0xFFFF,
0xFFFF,0xFFFF,0x738E,0x0000,0x0000,0x0000,0x0000,0x0000,0x0000,0x0000,0x0000,0x0020,0xD6BA,0xCE59,0x4A49,0x0000,
0x0000,0x0000,0xA534,0xFFFF,0xFFFF,0xFFFF,0xDEFB,0x0000,0x5ACB,0xFFFF,0xFFFF,0xFFFF,0xFFFF,0x8410,0x0861,0x0000,
0x0020,0x6B6D,0xFFFF,0xDEDB,0x4A69,0x0000,0x0000,0x6B4D,0xFFFF,0xFFFF,0xFFFF,0xFFFF,0xFFFF,0xFFFF,0xFFFF,0xFFFF,
0xFFFF,0xFFFF,0xDEDA,0x0000,0x2965,0xFFFF,0xFFFF,0xFFFF,0xE71C,0x0000,0x0000,0x0000,0x0000,0x0000,0x0000,0x18C3,
0xF79D,0xFFFF,0xFFFF,0xFFDF,0x10A2,0x0000,0x0000,0x0000,0x0000,0x0000,0x0000,0x0000,0x0000,0x0000,0x0000,0x0000,
0x0000,0x0000,0x0000,0x0000,0x0000,0x0000,0x0000,0x0000,0x0000,0x0000,0x0000,0x0000,0x0000,0x0000,0x0000,0x0000,
0x0841,0xDEFB,0xFFFF,0xFFFF,0xFFFF,0x3186,0x0000,0x0000,0x0000,0x0000,0x10A2,0xEF7D,0xFFFF,0xFFFF,0xF79E,0x18C3,
0x0000,0x18E3,0xF79E,0xFFFF,0xFFFF,0xFFFF,0xFFFF,0xD6BA,0xAD76,0xC5F8,0xFFDF,0xFFFF,0xFFFF,0xFFFF,0xFFFF,0x52AA,
0x0000,0x630C,0xFFFF,0xFFFF,0xFFFF,0xE73C,0xAD75,0xAD75,0xB596,0xAD75,0xAD75,0xB596,0x2104,0x0000,0xA514,0xFFFF,
0xFFFF,0xFFFF,0x6B4C,0x0000,0x630C,0xFFFF,0xFFFF,0xFFFF,0xF79E,0x18E3,0x0000,0x0000,0x0000,0x0000,0x0000,0x0000,
0x0000,0x5ACB,0xFFFF,0xFFFF,0xFFFF,0xDEDB,0xAD55,0x9CF4,0xDEFB,0xFFFF,0xFFFF,0xFFFF,0xCE59,0x0000,0x0020,0xCE79,
0xFFFF,0xFFFF,0xFFFF,0xFFFF,0xDEFB,0xBDD7,0xDEDB,0xFFFF,0xFFFF,0xFFFF,0xFFFF,0x8430,0x0000,0xBDF7,0xFFFF,0xFFFF,
0xFFFF,0xFFFF,0xFFFF,0xFFFF,0xFFFF,0xFFFF,0xFFFF,0xFFFF,0xFFFF,0x2944,0x2124,0xFFFF,0xFFFF,0xFFFF,0xF7BE,0xBDD7,
0xBDD7,0xBDF7,0xB5B6,0xBDD7,0x9492,0x18C3,0xEF7D,0xFFFF,0xFFFF,0xFFFF,0xBDD7,0xAD75,0xB596,0xB596,0xB596,0xB5B6,
0x6B6D,0x0000,0x0000,0x0000,0x0000,0x0000,0x0000,0x0000,0x0000,0x0000,0x0000,0x0000,0x0000,0x0000,0x0000,0x0000,
0x0000,0x0000,0x0000,0x0000,0x0000,0x0000,0x0841,0xDEFB,0xFFFF,0xFFFF,0xFFFF,0x3186,0x0000,0x0000,0x0000,0x0000,
0x1082,0xEF5D,0xFFFF,0xFFFF,0xF79E,0x18C3,0x0000,0x0000,0x528A,0xFFFF,0xFFFF,0xFFFF,0xFFFF,0xFFFF,0xFFFF,0xFFFF,
0xFFFF,0xFFFF,0xFFFF,0xFFFF,0xFFFF,0x52AA,0x0000,0x630C,0xFFFF,0xFFFF,0xFFFF,0xFFFF,0xFFFF,0xFFFF,0xFFFF,0xFFFF,
0xFFFF,0xFFFF,0x39C7,0x0000,0xA514,0xFFFF,0xFFFF,0xFFFF,0x738E,0x0000,0x0020,0xD69A,0xFFFF,0xFFFF,0xFFFF,0xA514,
0x0000,0x0000,0x0000,0x0000,0x0000,0x0000,0x0861,0xDEFB,0xFFFF,0xFFFF,0xFFFF,0xFFFF,0xFFFF,0xFFFF,0xFFFF,0xFFFF,
0xFFFF,0xFFFF,0x73AE,0x0000,0x0000,0x2945,0xEF5D,0xFFFF,0xFFFF,0xFFFF,0xFFFF,0xFFFF,0xFFFF,0xFFFF,0xFFFF,0xFFFF,
0xF7BE,0x31A6,0x10A2,0xF7BE,0xFFFF,0xFFFF,0xEF5D,0x39C7,0x3186,0x3186,0x2965,0x9492,0xFFFF,0xFFFF,0xFFFF,0x7BCF,
0x18E3,0xFFFF,0xFFFF,0xFFFF,0xFFFF,0xFFFF,0xFFFF,0xFFFF,0xFFFF,0xFFFF,0xDEDB,0x18C3,0xEF5D,0xFFFF,0xFFFF,0xFFFF,
0xFFFF,0xFFFF,0xFFFF,0xFFFF,0xFFFF,0xFFFF,0xA514,0x0000,0x0000,0x0000,0x0000,0x0000,0x0000,0x0000,0x0000,0x0000,
0x0000,0x0000,0x0000,0x0000,0x0000,0x0000,0x0000,0x0000,0x0000,0x0000,0x0000,0x0000,0x0841,0xEF5C,0xFFFF,0xFFFF,
0xFFFF,0x31A6,0x0000,0x0000,0x0000,0x0000,0x10A2,0xF7BE,0xFFFF,0xFFFF,0xFFFF,0x18E3,0x0000,0x0000,0x0000,0x528A,
0xE73C,0xFFFF,0xFFFF,0xFFFF,0xFFFF,0xFFFF,0xFFFF,0xF79E,0xFFFF,0xFFFF,0xFFFF,0x5ACB,0x0000,0x630C,0xFFFF,0xFFFF,
0xFFFF,0xFFFF,0xFFFF,0xFFFF,0xFFFF,0xFFFF,0xFFFF,0xFFFF,0x31A6,0x0000,0xAD55,0xFFFF,0xFFFF,0xFFFF,0x73AE,0x0000,
0x0000,0x4A49,0xFFFF,0xFFFF,0xFFFF,0xFFFF,0x4208,0x0000,0x0000,0x0000,0x0000,0x0000,0x10A2,0xAD75,0xFFFF,0xFFFF,
0xFFFF,0xFFFF,0xFFFF,0xFFFF,0xFFFF,0xFFFF,0xFFFF,0xBDD7,0x0841,0x0000,0x0000,0x0000,0x2965,0xCE79,0xFFFF,0xFFFF,
0xFFFF,0xFFFF,0xFFFF,0xFFFF,0xFFFF,0xE71C,0x39E7,0x0000,0x73AE,0xFFFF,0xFFFF,0xFFFF,0xAD75,0x0000,0x0000,0x0000,
0x0000,0x3186,0xFFFF,0xFFFF,0xFFFF,0xCE79,0x31A6,0xFFFF,0xFFFF,0xFFFF,0xFFFF,0xFFFF,0xFFFF,0xFFFF,0xFFFF,0xFFFF,
0xD69A,0x18C3,0xF7BE,0xFFFF,0xFFFF,0xFFFF,0xFFFF,0xFFFF,0xFFFF,0xFFFF,0xFFFF,0xFFFF,0x9CF3,0x0000,0x0000,0x0000,
0x0000,0x0000,0x0000,0x0000,0x0000,0x0000,0x0000,0x0000,0x0000,0x0000,0x0000,0x0000,0x0000,0x0000,0x0000,0x0000,
0x0000,0x0000,0x0020,0xBDF7,0xDEDB,0xD6BA,0xDEDB,0x2945,0x0000,0x0000,0x0000,0x0000,0x1082,0xCE59,0xDEDB,0xDEDB,
0xCE79,0x10A2,0x0000,0x0000,0x0000,0x0000,0x10A2,0x7BEF,0xCE59,0xE73C,0xEF5D,0xD6BA,0x8410,0x39E7,0xD6BA,0xDEDB,
0xDEDB,0x4A49,0x0000,0x528A,0xDEFB,0xD6DA,0xD6DB,0xDEDB,0xD6BA,0xD6BA,0xDEDB,0xD6DA,0xD6BA,0xDEDB,0x2945,0x0000,
0x8C71,0xDEDB,0xD6BA,0xDEDB,0x5AEB,0x0000,0x0000,0x0000,0xA534,0xDEFB,0xD6BA,0xDEFB,0xA514,0x0000,0x0000,0x0000,
0x0000,0x0000,0x0000,0x0000,0x3186,0x8C51,0xCE79,0xF79E,0xFFFF,0xFFFF,0xF7BE,0xD69A,0x7BCF,0x0020,0x0000,0x0000,
0x0000,0x0000,0x0000,0x0020,0x6B4D,0xBDF7,0xE73D,0xF79E,0xE73C,0xC638,0x7BEF,0x1082,0x0000,0x0000,0x9CF3,0xDEDB,
0xDEDB,0xDEFB,0x528A,0x0000,0x0000,0x0000,0x0000,0x0841,0xC618,0xDEDB,0xDEDB,0xCE79,0x528A,0xD69A,0xDEDB,0xD6BA,
0xD6BA,0xD6BA,0xD6BA,0xD6BA,0xD6BA,0xDEDB,0xAD75,0x10A2,0xCE59,0xDEDB,0xD6BA,0xD6BA,0xD6BA,0xD6BA,0xD6BA,0xD6BA,
0xD6BA,0xDEFB,0x8410,0x0000,0x0000,0x0000,0x0000,0x0000,0x0000,0x0000,0x0000,0x0000,0x0000,0x0000,0x0000,0x0000,
0x0000,0x0000,0x0000,0x0000,0x0000,0x0000,0x0000,0x0000,0x0000,0x0020,0x0020,0x0000,0x0000,0x0000,0x0000,0x0000,
0x0000,0x0000,0x0000,0x0020,0x0000,0x0020,0x0000,0x0000,0x0000,0x0000,0x0000,0x0000,0x0000,0x0000,0x0000,0x0861,
0x1082,0x0000,0x0000,0x0000,0x0020,0x0000,0x0020,0x0000,0x0000,0x0000,0x0020,0x0000,0x0020,0x0020,0x0020,0x0000,
0x0020,0x0020,0x0000,0x0020,0x0000,0x0000,0x0020,0x0020,0x0000,0x0020,0x0000,0x0000,0x0000,0x0000,0x0000,0x0020,
0x0000,0x0020,0x0841,0x0000,0x0000,0x0000,0x0000,0x0000,0x0000,0x0000,0x0000,0x0000,0x0000,0x18C3,0x2965,0x3186,
0x2104,0x0000,0x0000,0x0000,0x0000,0x0000,0x0000,0x0000,0x0000,0x0000,0x0000,0x0000,0x1082,0x18E3,0x1082,0x0000,
0x0000,0x0000,0x0000,0x0000,0x0841,0x0000,0x0020,0x0020,0x0000,0x0000,0x0000,0x0000,0x0000,0x0000,0x0000,0x0020,
0x0000,0x0020,0x0020,0x0000,0x0000,0x0000,0x0000,0x0000,0x0000,0x0000,0x0000,0x0000,0x0000,0x0000,0x0020,0x0020,
0x0000,0x0000,0x0000,0x0000,0x0020,0x0000,0x0000,0x0020,0x0000,0x0000,0x0000,0x0000,0x0000,0x0000,0x0000,0x0000,
0x0000,0x0000,0x0000,0x0000,0x0000,0x0000,0x0000,0x0000,0x0000,0x0000,0x0000,0x0000,0x0000,0x0000,0x0000,0x0000,
0x0000,0x0000,0x0000,0x0000,0x0000,0x0000,0x0000,0x0000,0x0000,0x0000,0x0000,0x0000,0x0000,0x0000,0x0000,0x0000,
0x0000,0x0000,0x0000,0x0000,0x0000,0x0000,0x0000,0x0000,0x0000,0x0000,0x0000,0x0000,0x0000,0x0000,0x0000,0x0000,
0x0000,0x0000,0x0000,0x0000,0x0000,0x0000,0x0000,0x0000,0x0000,0x0000,0x0000,0x0000,0x0000,0x0000,0x0000,0x0000,
0x0000,0x0000,0x0000,0x0000,0x0000,0x0000,0x0000,0x0000,0x0000,0x0000,0x0000,0x0000,0x0000,0x0000,0x0000,0x0000,
0x0000,0x0000,0x0000,0x0000,0x0000,0x0000,0x0000,0x0000,0x0000,0x0000,0x0000,0x0000,0x0000,0x0000,0x0000,0x0000,
0x0000,0x0000,0x0000,0x0000,0x0000,0x0000,0x0000,0x0000,0x0000,0x0000,0x0000,0x0000,0x0000,0x0000,0x0000,0x0000,
0x0000,0x0000,0x0000,0x0000,0x0000,0x0000,0x0000,0x0000,0x0000,0x0000,0x0000,0x0000,0x0000,0x0000,0x0000,0x0000,
0x0000,0x0000,0x0000,0x0000,0x0000,0x0000,0x0000,0x0000,0x0000,0x0000,0x0000,0x0000,0x0000,0x0000,0x0000,0x0000,
0x0000,0x0000,0x0000,0x0000,0x0000,0x0000,0x0000,0x0000,0x0000,0x0000,0x0000,0x0000,0x0000,0x0000,0x0000,0x0000,
0x0000,0x0000,0x0000,0x0000,0x0000,0x0000,0x0000,0x0000,0x0000,0x0000,0x0000,0x0000,0x0000,0x0000,0x0000,0x0000,
0x0000,0x0000,0x0000,0x0000,0x0000,0x0000,0x0000,0x0000,0x0000,0x0000,0x0000,0x0000,0x0000,0x0000,0x0000,0x0000,
0x0000,0x0000,0x0000,0x0000,0x0000,0x0000,0x0000,0x0000,0x0000,0x0000,0x0000,0x0000,0x0000,0x0000,0x0000,0x0000,
0x0000,0x0000,0x0000,0x0000,0x0000,0x0000,0x0000,0x0000,0x0000,0x0000,0x0000,0x0000,0x0000,0x0000,0x0000,0x0000,
0x0000,0x0000,0x0000,0x0000,0x0000,0x0000,0x0000,0x0000,0x0000,0x0000,0x0000,0x0000,0x0000,0x0000,0x0000,0x0000,
0x0000,0x0000,0x0000,0x0000,0x0000,0x0000,0x0000,0x0000,0x0000,0x0000,0x0000,0x0000,0x0000,0x0000,0x0000,0x0000,
0x0000,0x0000,0x0000,0x0000,0x0000,0x0000,0x0000,0x0000,0x0000,0x0000,0x0000,0x0000,0x0000,0x0000,0x0000,0x0000,
0x0000,0x0000,0x0000,0x0000,0x0000,0x0000,0x0000,0x0000,0x0000,0x0000,0x0000,0x0000,0x0000,0x0000,0x0000,0x0000,
0x0000,0x0000,0x0000,0x0000,0x0000,0x0000,0x0000,0x0000,0x0000,0x0000,0x0000,0x0000,0x0000,0x0000,0x0000,0x0000,
0x0000,0x0000,0x0000,0x0000,0x0000,0x0000,0x0000,0x0000,0x0000,0x0000,0x0000,0x0000,0x0000,0x0000,0x0000,0x0000,
0x0000,0x0000,0x0000,0x0000,0x0000,0x0000,0x0000,0x0000,0x0000,0x0000,0x0000,0x0000,0x0000,0x0000,0x0000,0x0000,
0x0000,0x0000,0x0000,0x0000,0x0000,0x0000,0x0000,0x0000,0x0000,0x0000,0x0000,0x0000,0x0000,0x0000,0x0000,0x0000,
0x0000,0x0000,0x0000,0x0000,0x0000,0x0000,0x0000,0x0000,0x0000,0x0000,0x0000,0x0000,0x0000,0x0000,0x0000,0x0000,
0x0000,0x0000,0x0000,0x0000,0x0000,0x0000,0x0000,0x0000,0x0000,0x0000,0x0000,0x0000,0x0000,0x0000,0x0000,0x0000,
0x0000,0x0000,0x0000,0x0000,0x0000,0x0000,0x0000,0x0000,0x0000,0x0000,0x0000,0x0000,0x0000,0x0000,0x0000,0x0000,
0x0000,0x0000,0x0000,0x0000,0x0000,0x0000,0x0000,0x0000,0x0000,0x0000,0x0000,0x0000,0x0000,0x0000,0x0000,0x0000,
0x0000,0x0000,0x0000,0x0000,0x0000,0x0000,0x0000,0x0000,0x0000,0x0000,0x0000,0x0000,0x0000,0x0000,0x0000,0x0000,
0x0000,0x0000,0x0000,0x0000,0x0000,0x0000,0x0000,0x0000,0x0000,0x0000,0x0000,0x0000,0x0000,0x0000,0x0000,0x0000,
0x0000,0x0000,0x0000,0x0000,0x0000,0x0000,0x0000,0x0000,0x0000,0x0000,0x0000,0x0000,0x0000,0x0000,0x0000,0x0000,
0x0000,0x0000,0x0000,0x0000,0x0000,0x0000,0x0000,0x0000,0x0000,0x0000,0x0000,0x0000,0x0000,0x0000,0x0000,0x0000,
0x0000,0x0000,0x0000,0x0000,0x0000,0x0000,0x0000,0x0000,0x0000,0x0000,0x0000,0x0000,0x0000,0x0000,0x0000,0x0000,
0x0000,0x0000,0x0000,0x0000,0x0000,0x0000,0x0000,0x0000,0x0000,0x0000,0x0000,0x0000,0x0000,0x0000,0x0000,0x0000,
0x0000,0x0000,0x0000,0x0000,0x0000,0x0000,0x0000,0x0000,0x0000,0x0000,0x0000,0x0000,0x0000,0x0000,0x0000,0x0000,
0x0000,0x0000,0x0000,0x0000,0x0000,0x0000,0x0000,0x0000,0x0000,0x0000,0x0000,0x0000,0x0000,0x0000,0x0000,0x0000,
0x0000,0x0000,0x0000,0x0000,0x0000,0x0000,0x0000,0x0000,0x0000,0x0000,0x0000,0x0000,0x0000,0x0000,0x0000,0x0000,
0x0000,0x0000,0x0000,0x0000,0x0000,0x0000,0x0000,0x0000,0x0000,0x0000,0x0000,0x0000,0x0000,0x0000,0x0000,0x0000,
0x0000,0x0000,0x0000,0x0000,0x0000,0x0000,0x0000,0x0000,0x0000,0x0000,0x0000,0x0000,0x0000,0x0000,0x0000,0x0000,
0x0000,0x0000,0x0000,0x0000,0x0000,0x0000,0x0000,0x0000,0x0000,0x0000,0x0000,0x0000,0x0000,0x0000,0x0000,0x0000,
0x0000,0x0000,0x0000,0x0000,0x0000,0x0000,0x0000,0x0000,0x0000,0x0000,0x0000,0x0000,0x0000,0x0000,0x0000,0x0000,
0x0000,0x0000,0x0000,0x0000,0x0000,0x0000,0x0000,0x0000,0x0000,0x0000,0x0000,0x0000,0x0000,0x0000,0x0000,0x0000,
0x0000,0x0000,0x0000,0x0000,0x0000,0x0000,0x0000,0x0000,0x0000,0x0000,0x0000,0x0000,0x0000,0x0000,0x0000,0x0000,
0x0000,0x0000,0x0000,0x0000,0x0000,0x0000,0x0000,0x0000,0x0000,0x0000,0x0000,0x0000,0x0000,0x0000,0x0000,0x0000,
0x0000,0x0000,0x0000,0x0000,0x0000,0x0000,0x0000,0x0000,0x0000,0x0000,0x0000,0x0000,0x0000,0x0000,0x0000,0x0000,
0x0000,0x0000,0x0000,0x0000,0x0000,0x0000,0x0000,0x0000,0x0000,0x0000,0x0000,0x0000,0x0000,0x0000,0x0000,0x0000,
0x0000,0x0000,0x0000,0x0000,0x0000,0x0000,0x0000,0x0000,0x0000,0x0000,0x0000,0x0000,0x0000,0x0000,0x0000,0x0000,
0x0000,0x0000,0x0000,0x0000,0x0000,0x0000,0x0000,0x0000,0x0000,0x0000,0x0000,0x0000,0x0000,0x0000,0x0000,0x0000,
0x0000,0x0000,0x0000,0x0000,0x0000,0x0000,0x0000,0x0000,0x0000,0x0000,0x0000,0x0000,0x0000,0x0000,0x0000,0x0000,
0x0000,0x0000,0x0000,0x0000,0x0000,0x0000,0x0000,0x0000,0x0000,0x0000,0x0000,0x0000,0x0000,0x0000,0x0000,0x0000,
0x0000,0x0000,0x0000,0x0000,0x0000,0x0000,0x0000,0x0000,0x0000,0x0000,0x0000,0x0000,0x0000,0x0000,0x0000,0x0000,
0x0000,0x0000,0x0000,0x0000,0x0000,0x0000,0x0000,0x0000,0x0000,0x0000,0x0000,0x0000,0x0000,0x0000,0x0000,0x0000,
0x0000,0x0000,0x0000,0x0000,0x0000,0x0000,0x0000,0x0000,0x0000,0x0000,0x0000,0x0000,0x0000,0x0000,0x0000,0x0000,
0x0000,0x0000,0x0000,0x0000,0x0000,0x0000,0x0000,0x0000,0x0000,0x0000,0x0000,0x0000,0x0000,0x0000,0x0000,0x0000,
0x0000,0x0000,0x0000,0x0000,0x0000,0x0000,0x0000,0x0000,0x0000,0x0000,0x0000,0x0000,0x0000,0x0000,0x0000,0x0000,
0x0000,0x0000,0x0000,0x0000,0x0000,0x0000,0x0000,0x0000,0x0000,0x0000,0x0000,0x0000,0x0000,0x0000,0x0000,0x0000,
0x0000,0x0000,0x0000,0x0000,0x0000,0x0000,0x0000,0x0000,0x0000,0x0000,0x0000,0x0000,0x0000,0x0000,0x0000,0x0000,
0x0000,0x0000,0x0000,0x0000,0x0000,0x0000,0x0000,0x0000,0x0000,0x0000,0x0000,0x0000,0x0000,0x0000,0x0000,0x0000,
0x0000,0x0000,0x0000,0x0000,0x0000,0x0000,0x0000,0x0000,0x0000,0x0000,0x0000,0x0000,0x0000,0x0000,0x0000,0x0000,
0x0000,0x0000,0x0000,0x0000,0x0000,0x0000,0x0000,0x0000,0x0000,0x0000,0x0000,0x0000,0x0000,0x0000,0x0000,0x0000,
0x0000,0x0000,0x0000,0x0000,0x0000,0x0000,0x0000,0x0000,0x0000,0x0000,0x0000,0x0000,0x0000,0x0000,0x0000,0x0000,
0x0000,0x0000,0x0000,0x0000,0x0000,0x0000,0x0000,0x0000,0x0000,0x0000,0x0000,0x0000,0x0000,0x0000,0x0000,0x0000,
0x0000,0x0000,0x0000,0x0000,0x0000,0x0000,0x0000,0x0000,0x0000,0x0000,0x0000,0x0000,0x0000,0x0000,0x0000,0x0000,
0x0000,0x0000,0x0000,0x0000,0x0000,0x0000,0x0000,0x0000,0x0000,0x0000,0x0000,0x0000,0x0000,0x0000,0x0000,0x0000,
0x0000,0x0000,0x0000,0x0000,0x0000,0x0000,0x0000,0x0000,0x0000,0x0000,0x0000,0x0000,0x0000,0x0000,0x0000,0x0000,
0x0000,0x0000,0x0000,0x0000,0x0000,0x0000,0x0000,0x0000,0x0000,0x0000,0x0000,0x0000,0x0000,0x0000,0x0000,0x0000,
0x0000,0x0000,0x0000,0x0000,0x0000,0x0000,0x0000,0x0000,0x0000,0x0000,0x0000,0x0000,0x0000,0x0000,0x0000,0x0000,
0x0000,0x0000,0x0000,0x0000,0x0000,0x0000,0x0000,0x0000,0x0000,0x0000,0x0000,0x0000,0x0000,0x0000,0x0000,0x0000,
0x0000,0x0000,0x0000,0x0000,0x0000,0x0000,0x0000,0x0000,0x0000,0x0000,0x0000,0x0000,0x0000,0x0000,0x0000,0x0000,
0x0000,0x0000,0x0000,0x0000,0x0000,0x0000,0x0000,0x0000,0x0000,0x0000,0x0000,0x0000,0x0000,0x0000,0x0000,0x0000,
0x0000,0x0000,0x0000,0x0000,0x0000,0x0000,0x0000,0x0000,0x0000,0x0000,0x0000,0x0000,0x0000,0x0000,0x0000,0x0000,
0x0000,0x0000,0x0000,0x0000,0x0000,0x0000,0x0000,0x0000,0x0000,0x0000,0x0000,0x0000,0x0000,0x0000,0x0000,0x0000,
0x0000,0x0000,0x0000,0x0000,0x0000,0x0000,0x0000,0x0000,0x0000,0x0000,0x0000,0x0000,0x0000,0x0000,0x0000,0x0000,
0x0000,0x0000,0x0000,0x0000,0x0000,0x0000,0x0000,0x0000,0x0000,0x0000,0x0000,0x0000,0x0000,0x0000,0x0000,0x0000,
0x0000,0x0000,0x0000,0x0000,0x0000,0x0000,0x0000,0x0000,0x0000,0x0000,0x0000,0x0000,0x0000,0x0000,0x0000,0x0000,
0x0000,0x0000,0x0000,0x0000,0x0000,0x0000,0x0000,0x0000,0x0000,0x0000,0x0000,0x0000,0x0000,0x0000,0x0000,0x0000,
0x0000,0x0000,0x0000,0x0000,0x0000,0x0000,0x0000,0x0000,0x0000,0x0000,0x0000,0x0000,0x0000,0x0000,0x0000,0x0000,
0x0000,0x0000,0x0000,0x0000,0x0000,0x0000,0x0000,0x0000,0x0000,0x0000,0x0000,0x0000,0x0000,0x0000,0x0000,0x0000,
0x0000,0x0000,0x0000,0x0000,0x0000,0x0000,0x0000,0x0000,0x0000,0x0000,0x0000,0x0000,0x0000,0x0000,0x0000,0x0000,
0x0000,0x0000,0x0000,0x0000,0x0000,0x0000,0x0000,0x0000,0x0000,0x0000,0x0000,0x0000,0x0000,0x0000,0x0000,0x0000,
0x0000,0x0000,0x0000,0x0000,0x0000,0x0000,0x0000,0x0000,0x0000,0x0000,0x0000,0x0000,0x0000,0x0000,0x0000,0x0000,
0x0000,0x0000,0x0000,0x0000,0x0000,0x0000,0x0000,0x0000,0x0000,0x0000,0x0000,0x0000,0x0000,0x0000,0x0000,0x0000,
0x0000,0x0000,0x0000,0x0000,0x0000,0x0000,0x0000,0x0000,0x0000,0x0000,0x0000,0x0000,0x0000,0x0000,0x0000,0x0000,
0x0000,0x0000,0x0000,0x0000,0x0000,0x0000,0x0000,0x0000,0x0000,0x0000,0x0000,0x0000,0x0000,0x0000,0x0000,0x0000,
0x0000,0x0000,0x0000,0x0000,0x0000,0x0000,0x0000,0x0000,0x0000,0x0000,0x0000,0x0000,0x0000,0x0000,0x0000,0x0000,
0x0000,0x0000,0x0000,0x0000,0x0000,0x0000,0x0000,0x0000,0x0000,0x0000,0x0000,0x0000,0x0000,0x0000,0x0000,0x0000,
0x0000,0x0000,0x0000,0x0000,0x0000,0x0000,0x0000,0x0000,0x0000,0x0000,0x0000,0x0000,0x0000,0x0000,0x0000,0x0000,
0x0000,0x0000,0x0000,0x0000,0x0000,0x0000,0x0000,0x0000,0x0000,0x0000,0x0000,0x0000,0x0000,0x0000,0x0000,0x0000,
0x0000,0x0000,0x0000,0x0000,0x0000,0x0000,0x0000,0x0000,0x0000,0x0000,0x0000,0x0000,0x0000,0x0000,0x0000,0x0000,
0x0000,0x0000,0x0000,0x0000,0x0000,0x0000,0x0000,0x0000,0x0000,0x0000,0x0000,0x0000,0x0000,0x0000,0x0000,0x0000,
0x0000,0x0000,0x0000,0x0000,0x0000,0x0000,0x0000,0x0000,0x0000,0x0000,0x0000,0x0000,0x0000,0x0000,0x0000,0x0000,
0x0000,0x0000,0x0000,0x0000,0x0000,0x0000,0x0000,0x0000,0x0000,0x0000,0x0000,0x0000,0x0000,0x0000,0x0000,0x0000,
0x0000,0x0000,0x0000,0x0000,0x0000,0x0000,0x0000,0x0000,0x0000,0x0000,0x0000,0x0000,0x0000,0x0000,0x0000,0x0000,
0x0000,0x0000,0x0000,0x0000,0x0000,0x0000,0x0000,0x0000,0x0000,0x0000,0x0000,0x0000,0x0000,0x0000,0x0000,0x0000,
0x0000,0x0000,0x0000,0x0000,0x0000,0x0000,0x0000,0x0000,0x0000,0x0000,0x0000,0x0000,0x0000,0x0000,0x0000,0x0000,
0x0000,0x0000,0x0000,0x0000,0x0000,0x0000,0x0000,0x0000,0x0000,0x0000,0x0000,0x0000,0x0000,0x0000,0x0000,0x0000,
0x0000,0x0000,0x0000,0x0000,0x0000,0x0000,0x0000,0x0000,0x0000,0x0000,0x0000,0x0000,0x0000,0x0000,0x0000,0x0000,
0x0000,0x0000,0x0000,0x0000,0x0000,0x0000,0x0000,0x0000,0x0000,0x0000,0x0000,0x0000,0x0000,0x0000,0x0000,0x0000,
0x0000,0x0000,0x0000,0x0000,0x0000,0x0000,0x0000,0x0000,0x0000,0x0000,0x0000,0x0000,0x0000,0x0000,0x0000,0x0000,
0x0000,0x0000,0x0000,0x0000,0x0000,0x0000,0x0000,0x0000,0x0000,0x0000,0x0000,0x0000,0x0000,0x0000,0x0000,0x0000,
0x0000,0x0000,0x0000,0x0000,0x0000,0x0000,0x0000,0x0000,0x0000,0x0000,0x0000,0x0000,0x0000,0x0000,0x0000,0x0000,
0x0000,0x0000,0x0000,0x0000,0x0000,0x0000,0x0000,0x0000,0x0000,0x0000,0x0000,0x0000,0x0000,0x0000,0x0000,0x0000,
0x0000,0x0000,0x0000,0x0000,0x0000,0x0000,0x0000,0x0000,0x0000,0x0000,0x0000,0x0000,0x0000,0x0000,0x0000,0x0000,
0x0000,0x0000,0x0000,0x0000,0x0000,0x0000,0x0000,0x0000,0x0000,0x0000,0x0000,0x0000,0x0000,0x0000,0x0000,0x0000,
0x0000,0x0000,0x0000,0x0000,0x0000,0x0000,0x0000,0x0000,0x0000,0x0000,0x0000,0x0000,0x0000,0x0000,0x0000,0x0000,
0x0000,0x0000,0x0000,0x0000,0x0000,0x0000,0x0000,0x0000,0x0000,0x0000,0x0000,0x0000,0x0000,0x0000,0x0000,0x0000,
0x0000,0x0000,0x0000,0x0000,0x0000,0x0000,0x0000,0x0000,0x0000,0x0000,0x0000,0x0000,0x0000,0x0000,0x0000,0x0000,
0x0000,0x0000,0x0000,0x0000,0x0000,0x0000,0x0000,0x0000,0x0000,0x0000,0x0000,0x0000,0x0000,0x0000,0x0000,0x0000,
0x0000,0x0000,0x0000,0x0000,0x0000,0x0000,0x0000,0x0000,0x0000,0x0000,0x0000,0x0000,0x0000,0x0000,0x0000,0x0000,
0x0000,0x0000,0x0000,0x0000,0x0000,0x0000,0x0000,0x0000,0x0000,0x0000,0x0000,0x0000,0x0000,0x0000,0x0000,0x0000,
0x0000,0x0000,0x0000,0x0000,0x0000,0x0000,0x0000,0x0000,0x0000,0x0000,0x0000,0x0000,0x0000,0x0000,0x0000,0x0000,
0x0000,0x0000,0x0000,0x0000,0x0000,0x0000,0x0000,0x0000,0x0000,0x0000,0x0000,0x0000,0x0000,0x0000,0x0000,0x0000,
0x0000,0x0000,0x0000,0x0000,0x0000,0x0000,0x0000,0x0000,0x0000,0x0000,0x0000,0x0000,0x0000,0x0000,0x0000,0x0000,
0x0000,0x0000,0x0000,0x0000,0x0000,0x0000,0x0000,0x0000,0x0000,0x0000,0x0000,0x0000,0x0000,0x0000,0x0000,0x0000,
0x0000,0x0000,0x0000,0x0000,0x0000,0x0000,0x0000,0x0000,0x0000,0x0000,0x0000,0x0000,0x0000,0x0000,0x0000,0x0000,
0x0000,0x0000,0x0000,0x0000,0x0000,0x0000,0x0000,0x0000,0x0000,0x0000,0x0000,0x0000,0x0000,0x0000,0x0000,0x0000,
0x0000,0x0000,0x0000,0x0000,0x0000,0x0000,0x0000,0x0000,0x0000,0x0000,0x0000,0x0000,0x0000,0x0000,0x0000,0x0000,
0x0000,0x0000,0x0000,0x0000,0x0000,0x0000,0x0000,0x0000,0x0000,0x0000,0x0000,0x0000,0x0000,0x0000,0x0000,0x0000,
0x0000,0x0000,0x0000,0x0000,0x0000,0x0000,0x0000,0x0000,0x0000,0x0000,0x0000,0x0000,0x0000,0x0000,0x0000,0x0000,
0x0000,0x0000,0x0000,0x0000,0x0000,0x0000,0x0000,0x0000,0x0000,0x0000,0x0000,0x0000,0x0000,0x0000,0x0000,0x0000,
0x0000,0x0000,0x0000,0x0000,0x0000,0x0000,0x0000,0x0000,0x0000,0x0000,0x0000,0x0000,0x0000,0x0000,0x0000,0x0000,
0x0000,0x0000,0x0000,0x0000,0x0000,0x0000,0x0000,0x0000,0x0000,0x0000,0x0000,0x0000,0x0000,0x0000,0x0000,0x0000,
0x0000,0x0000,0x0000,0x0000,0x0000,0x0000,0x0000,0x0000,0x0000,0x0000,0x0000,0x0000,0x0000,0x0000,0x0000,0x0000,
0x0000,0x0000,0x0000,0x0000,0x0000,0x0000,0x0000,0x0000,0x0000,0x0000,0x0000,0x0000,0x0000,0x0000,0x0000,0x0000,
0x0000,0x0000,0x0000,0x0000,0x0000,0x0000,0x0000,0x0000,0x0000,0x0000,0x0000,0x0000,0x0000,0x0000,0x0000,0x0000,
0x0000,0x0000,0x0000,0x0000,0x0000,0x0000,0x0000,0x0000,0x0000,0x0000,0x0000,0x0000,0x0000,0x0000,0x0000,0x0000,
0x0000,0x0000,0x0000,0x0000,0x0000,0x0000,0x0000,0x0000,0x0000,0x0000,0x0000,0x0000,0x0000,0x0000,0x0000,0x0000,
0x0000,0x0000,0x0000,0x0000,0x0000,0x0000,0x0000,0x0000,0x0000,0x0000,0x0000,0x0000,0x0000,0x0000,0x0000,0x0000,
0x0000,0x0000,0x0000,0x0000,0x0000,0x0000,0x0000,0x0000,0x0000,0x0000,0x0000,0x0000,0x0000,0x0000,0x0000,0x0000,
0x0000,0x0000,0x0000,0x0000,0x0000,0x0000,0x0000,0x0000,0x0000,0x0000,0x0000,0x0000,0x0000,0x0000,0x0000,0x0000,
0x0000,0x0000,0x0000,0x0000,0x0000,0x0000,0x0000,0x0000,0x0000,0x0000,0x0000,0x0000,0x0000,0x0000,0x0000,0x0000,
0x0000,0x0000,0x0000,0x0000,0x0000,0x0000,0x0000,0x0000,0x0000,0x0000,0x0000,0x0000,0x0000,0x0000,0x0000,0x0000,
0x0000,0x0000,0x0000,0x0000,0x0000,0x0000,0x0000,0x0000,0x0000,0x0000,0x0000,0x0000,0x0000,0x0000,0x0000,0x0000,
0x0000,0x0000,0x0000,0x0000,0x0000,0x0000,0x0000,0x0000,0x0000,0x0000,0x0000,0x0000,0x0000,0x0000,0x0000,0x0000,
0x0000,0x0000,0x0000,0x0000,0x0000,0x0000,0x0000,0x0000,0x0000,0x0000,0x0000,0x0000,0x0000,0x0000,0x0000,0x0000,
0x0000,0x0000,0x0000,0x0000,0x0000,0x0000,0x0000,0x0000,0x0000,0x0000,0x0000,0x0000,0x0000,0x0000,0x0000,0x0000,
0x0000,0x0000,0x0000,0x0000,0x0000,0x0000,0x0000,0x0000,0x0000,0x0000,0x0000,0x0000,0x0000,0x0000,0x0000,0x0000,
0x0000,0x0000,0x0000,0x0000,0x0000,0x0000,0x0000,0x0000,0x0000,0x0000,0x0000,0x0000,0x0000,0x0000,0x0000,0x0000,
0x0000,0x0000,0x0000,0x0000,0x0000,0x0000,0x0000,0x0000,0x0000,0x0000,0x0000,0x0000,0x0000,0x0000,0x0000,0x0000,
0x0000,0x0000,0x0000,0x0000,0x0000,0x0000,0x0000,0x0000,0x0000,0x0000,0x0000,0x0000,0x0000,0x0000,0x0000,0x0000,
0x0000,0x0000,0x0000,0x0000,0x0000,0x0000,0x0000,0x0000,0x0000,0x0000,0x0000,0x0000,0x0000,0x0000,0x0000,0x0000,
0x0000,0x0000,0x0000,0x0000,0x0000,0x0000,0x0000,0x0000,0x0000,0x0000,0x0000,0x0000,0x0000,0x0000,0x0000,0x0000,
0x0000,0x0000,0x0000,0x0000,0x0000,0x0000,0x0000,0x0000,0x0000,0x0000,0x0000,0x0000,0x0000,0x0000,0x0000,0x0000,
0x0000,0x0000,0x0000,0x0000,0x0000,0x0000,0x0000,0x0000,0x0000,0x0000,0x0000,0x0000,0x0000,0x0000,0x0000,0x0000,
0x0000,0x0000,0x0000,0x0000,0x0000,0x0000,0x0000,0x0000,0x0000,0x0000,0x0000,0x0000,0x0000,0x0000,0x0000,0x0000,
0x0000,0x0000,0x0000,0x0000,0x0000,0x0000,0x0000,0x0000,0x0000,0x0000,0x0000,0x0000,0x0000,0x0000,0x0000,0x0000,
0x0000,0x0000,0x0000,0x0000,0x0000,0x0000,0x0000,0x0000,0x0000,0x0000,0x0000,0x0000,0x0000,0x0000,0x0000,0x0000,
0x0000,0x0000,0x0000,0x0000,0x0000,0x0000,0x0000,0x0000,0x0000,0x0000,0x0000,0x0000,0x0000,0x0000,0x0000,0x0000,
0x0000,0x0000,0x0000,0x0000,0x0000,0x0000,0x0000,0x0000,0x0000,0x0000,0x0000,0x0000,0x0000,0x0000,0x0000,0x0000,
0x0000,0x0000,0x0000,0x0000,0x0000,0x0000,0x0000,0x0000,0x0000,0x0000,0x0000,0x0000,0x0000,0x0000,0x0000,0x0000,
0x0000,0x0000,0x0000,0x0000,0x0000,0x0000,0x0000,0x0000,0x0000,0x0000,0x0000,0x0000,0x0000,0x0000,0x0000,0x0000,
0x0000,0x0000,0x0000,0x0000,0x0000,0x0000,0x0000,0x0000,0x0000,0x0000,0x0000,0x0000,0x0000,0x0000,0x0000,0x0000,
0x0000,0x0000,0x0000,0x0000,0x0000,0x0000,0x0000,0x0000,0x0000,0x0000,0x0000,0x0000,0x0000,0x0000,0x0000,0x0000,
0x0000,0x0000,0x0000,0x0000,0x0000,0x0000,0x0000,0x0000,0x0000,0x0000,0x0000,0x0000,0x0000,0x0000,0x0000,0x0000,
0x0000,0x0000,0x0000,0x0000,0x0000,0x0000,0x0000,0x0000,0x0000,0x0000,0x0000,0x0000,0x0000,0x0000,0x0000,0x0000,
0x0000,0x0000,0x0000,0x0000,0x0000,0x0000,0x0000,0x0000,0x0000,0x0000,0x0000,0x0000,0x0000,0x0000,0x0000,0x0000,
0x0000,0x0000,0x0000,0x0000,0x0000,0x0000,0x0000,0x0000,0x0000,0x0000,0x0000,0x0000,0x0000,0x0000,0x0000,0x0000,
0x0000,0x0000,0x0000,0x0000,0x0000,0x0000,0x0000,0x0000,0x0000,0x0000,0x0000,0x0000,0x0000,0x0000,0x0000,0x0000,
0x0000,0x0000,0x0000,0x0000,0x0000,0x0000,0x0000,0x0000,0x0000,0x0000,0x0000,0x0000,0x0000,0x0000,0x0000,0x0000,
0x0000,0x0000,0x0000,0x0000,0x0000,0x0000,0x0000,0x0000,0x0000,0x0000,0x0000,0x0000,0x0000,0x0000,0x0000,0x0000,
0x0000,0x0000,0x0000,0x0000,0x0000,0x0000,0x0000,0x0000,0x0000,0x0000,0x0000,0x0000,0x0000,0x0000,0x0000,0x0000,
0x0000,0x0000,0x0000,0x0000,0x0000,0x0000,0x0000,0x0000,0x0000,0x0000,0x0000,0x0000,0x0000,0x0000,0x0000,0x0000,
0x0000,0x0000,0x0000,0x0000,0x0000,0x0000,0x0000,0x0000,0x0000,0x0000,0x0000,0x0000,0x0000,0x0000,0x0000,0x0000,
0x0000,0x0000,0x0000,0x0000,0x0000,0x0000,0x0000,0x0000,0x0000,0x0000,0x0000,0x0000,0x0000,0x0000,0x0000,0x0000,
0x0000,0x0000,0x0000,0x0000,0x0000,0x0000,0x0000,0x0000,0x0000,0x0000,0x0000,0x0000,0x0000,0x0000,0x0000,0x0000,
0x0000,0x0000,0x0000,0x0000,0x0000,0x0000,0x0000,0x0000,0x0000,0x0000,0x0000,0x0000,0x0000,0x0000,0x0000,0x0000,
0x0000,0x0000,0x0000,0x0000,0x0000,0x0000,0x0000,0x0000,0x0000,0x0000,0x0000,0x0000,0x0000,0x0000,0x0000,0x0000,
0x0000,0x0000,0x0000,0x0000,0x0000,0x0000,0x0000,0x0000,0x0000,0x0000,0x0000,0x0000,0x0000,0x0000,0x0000,0x0000,
0x0000,0x0000,0x0000,0x0000,0x0000,0x0000,0x0000,0x0000,0x0000,0x0000,0x0000,0x0000,0x0000,0x0000,0x0000,0x0000,
0x0000,0x0000,0x0000,0x0000,0x0000,0x0000,0x0000,0x0000,0x0000,0x0000,0x0000,0x0000,0x0000,0x0000,0x0000,0x0000,
0x0000,0x0000,0x0000,0x0000,0x0000,0x0000,0x0000,0x0000,0x0000,0x0000,0x0000,0x0000,0x0000,0x0000,0x0000,0x0000,
0x0000,0x0000,0x0000,0x0000,0x0000,0x0000,0x0000,0x0000,0x0000,0x0000,0x0000,0x0000,0x0000,0x0000,0x0000,0x0000,
0x0000,0x0000,0x0000,0x0000,0x0000,0x0000,0x0000,0x0000,0x0000,0x0000,0x0000,0x0000,0x0000,0x0000,0x0000,0x0000,
0x0000,0x0000,0x0000,0x0000,0x0000,0x0000,0x0000,0x0000,0x0000,0x0000,0x0000,0x0000,0x0000,0x0000,0x0000,0x0000,
0x0000,0x0000,0x0000,0x0000,0x0000,0x0000,0x0000,0x0000,0x0000,0x0000,0x0000,0x0000,0x0000,0x0000,0x0000,0x0000,
0x0000,0x0000,0x0000,0x0000,0x0000,0x0000,0x0000,0x0000,0x0000,0x0000,0x0000,0x0000,0x0000,0x0000,0x0000,0x0000,
0x0000,0x0000,0x0000,0x0000,0x0000,0x0000,0x0000,0x0000,0x0000,0x0000,0x0000,0x0000,0x0000,0x0000,0x0000,0x0000,
0x0000,0x0000,0x0000,0x0000,0x0000,0x0000,0x0000,0x0000,0x0000,0x0000,0x0000,0x0000,0x0000,0x0000,0x0000,0x0000,
0x0000,0x0000,0x0000,0x0000,0x0000,0x0000,0x0000,0x0000,0x0000,0x0000,0x0000,0x0000,0x0000,0x0000,0x0000,0x0000,
0x0000,0x0000,0x0000,0x0000,0x0000,0x0000,0x0000,0x0000,0x0000,0x0000,0x0000,0x0000,0x0000,0x0000,0x0000,0x0000,
0x0000,0x0000,0x0000,0x0000,0x0000,0x0000,0x0000,0x0000,0x0000,0x0000,0x0000,0x0000,0x0000,0x0000,0x0000,0x0000,
0x0000,0x0000,0x0000,0x0000,0x0000,0x0000,0x0000,0x0000,0x0000,0x0000,0x0000,0x0000,0x0000,0x0000,0x0000,0x0000,
0x0000,0x0000,0x0000,0x0000,0x0000,0x0000,0x0000,0x0000,0x0000,0x0000,0x0000,0x0000,0x0000,0x0000,0x0000,0x0000,
0x0000,0x0000,0x0000,0x0000,0x0000,0x0000,0x0000,0x0000,0x0000,0x0000,0x0000,0x0000,0x0000,0x0000,0x0000,0x0000,
0x0000,0x0000,0x0000,0x0000,0x0000,0x0000,0x0000,0x0000,0x0000,0x0000,0x0000,0x0000,0x0000,0x0000,0x0000,0x0000,
0x0000,0x0000,0x0000,0x0000,0x0000,0x0000,0x0000,0x0000,0x0000,0x0000,0x0000,0x0000,0x0000,0x0000,0x0000,0x0000,
0x0000,0x0000,0x0000,0x0000,0x0000,0x0000,0x0000,0x0000,0x0000,0x0000,0x0000,0x0000,0x0000,0x0000,0x0000,0x0000,
0x0000,0x0000,0x0000,0x0000,0x0000,0x0000,0x0000,0x0000,0x0000,0x0000,0x0000,0x0000,0x0000,0x0000,0x0000,0x0000,
0x0000,0x0000,0x0000,0x0000,0x0000,0x0000,0x0000,0x0000,0x0000,0x0000,0x0000,0x0000,0x0000,0x0000,0x0000,0x0000,
0x0000,0x0000,0x0000,0x0000,0x0000,0x0000,0x0000,0x0000,0x0000,0x0000,0x0000,0x0000,0x0000,0x0000,0x0000,0x0000,
0x0000,0x0000,0x0000,0x0000,0x0000,0x0000,0x0000,0x0000,0x0000,0x0000,0x0000,0x0000,0x0000,0x0000,0x0000,0x0000,
0x0000,0x0000,0x0000,0x0000,0x0000,0x0000,0x0000,0x0000,0x0000,0x0000,0x0000,0x0000,0x0000,0x0000,0x0000,0x0000,
0x0000,0x0000,0x0000,0x0000,0x0000,0x0000,0x0000,0x0000,0x0000,0x0000,0x0000,0x0000,0x0000,0x0000,0x0000,0x0000,
0x0000,0x0000,0x0000,0x0000,0x0000,0x0000,0x0000,0x0000,0x0000,0x0000,0x0000,0x0000,0x0000,0x0000,0x0000,0x0000,
0x0000,0x0000,0x0000,0x0000,0x0000,0x0000,0x0000,0x0000,0x0000,0x0000,0x0000,0x0000,0x0000,0x0000,0x0000,0x0000,
0x0000,0x0000,0x0000,0x0000,0x0000,0x0000,0x0000,0x0000,0x0000,0x0000,0x0000,0x0000,0x0000,0x0000,0x0000,0x0000,
0x0000,0x0000,0x0000,0x0000,0x0000,0x0000,0x0000,0x0000,0x0000,0x0000,0x0000,0x0000,0x0000,0x0000,0x0000,0x0000,
0x0000,0x0000,0x0000,0x0000,0x0000,0x0000,0x0000,0x0000,0x0000,0x0000,0x0000,0x0000,0x0000,0x0000,0x0000,0x0000,
0x0000,0x0000,0x0000,0x0000,0x0000,0x0000,0x0000,0x0000,0x0000,0x0000,0x0000,0x0000,0x0000,0x0000,0x0000,0x0000,
0x0000,0x0000,0x0000,0x0000,0x0000,0x0000,0x0000,0x0000,0x0000,0x0000,0x0000,0x0000,0x0000,0x0000,0x0000,0x0000,
0x0000,0x0000,0x0000,0x0000,0x0000,0x0000,0x0000,0x0000,0x0000,0x0000,0x0000,0x0000,0x0000,0x0000,0x0000,0x0000,
0x0000,0x0000,0x0000,0x0000,0x0000,0x0000,0x0000,0x0000,0x0000,0x0000,0x0000,0x0000,0x0000,0x0000,0x0000,0x0000,
0x0000,0x0000,0x0000,0x0000,0x0000,0x0000,0x0000,0x0000,0x0000,0x0000,0x0000,0x0000,0x0000,0x0000,0x0000,0x0000,
0x0000,0x0000,0x0000,0x0000,0x0000,0x0000,0x0000,0x0000,0x0000,0x0000,0x0000,0x0000,0x0000,0x0000,0x0000,0x0000,
0x0000,0x0000,0x0000,0x0000,0x0000,0x0000,0x0000,0x0000,0x0000,0x0000,0x0000,0x0000,0x0000,0x0000,0x0000,0x0000,
0x0000,0x0000,0x0000,0x0000,0x0000,0x0000,0x0000,0x0000,0x0000,0x0000,0x0000,0x0000,0x0000,0x0000,0x0000,0x0000,
0x0000,0x0000,0x0000,0x0000,0x0000,0x0000,0x0000,0x0000,0x0000,0x0000,0x0000,0x0000,0x0000,0x0000,0x0000,0x0000,
0x0000,0x0000,0x0000,0x0000,0x0000,0x0000,0x0000,0x0000,0x0000,0x0000,0x0000,0x0000,0x0000,0x0000,0x0000,0x0000,
0x0000,0x0000,0x0000,0x0000,0x0000,0x0000,0x0000,0x0000,0x0000,0x0000,0x0000,0x0000,0x0000,0x0000,0x0000,0x0000,
0x0000,0x0000,0x0000,0x0000,0x0000,0x0000,0x0000,0x0000,0x0000,0x0000,0x0000,0x0000,0x0000,0x0000,0x0000,0x0000,
0x0000,0x0000,0x0000,0x0000,0x0000,0x0000,0x0000,0x0000,0x0000,0x0000,0x0000,0x0000,0x0000,0x0000,0x0000,0x0000,
0x0000,0x0000,0x0000,0x0000,0x0000,0x0000,0x0000,0x0000,0x0000,0x0000,0x0000,0x0000,0x0000,0x0000,0x0000,0x0000,
0x0000,0x0000,0x0000,0x0000,0x0000,0x0000,0x0000,0x0000,0x0000,0x0000,0x0000,0x0000,0x0000,0x0000,0x0000,0x0000,
0x0000,0x0000,0x0000,0x0000,0x0000,0x0000,0x0000,0x0000,0x0000,0x0000,0x0000,0x0000,0x0000,0x0000,0x0000,0x0000,
0x0000,0x0000,0x0000,0x0000,0x0000,0x0000,0x0000,0x0000,0x0000,0x0000,0x0000,0x0000,0x0000,0x0000,0x0000,0x0000,
0x0000,0x0000,0x0000,0x0000,0x0000,0x0000,0x0000,0x0000,0x0000,0x0000,0x0000,0x0000,0x0000,0x0000,0x0000,0x0000,
0x0000,0x0000,0x0000,0x0000,0x0000,0x0000,0x0000,0x0000,0x0000,0x0000,0x0000,0x0000,0x0000,0x0000,0x0000,0x0000,
0x0000,0x0000,0x0000,0x0000,0x0000,0x0000,0x0000,0x0000,0x0000,0x0000,0x0000,0x0000,0x0000,0x0000,0x0000,0x0000,
0x0000,0x0000,0x0000,0x0000,0x0000,0x0000,0x0000,0x0000,0x0000,0x0000,0x0000,0x0000,0x0000,0x0000,0x0000,0x0000,
0x0000,0x0000,0x0000,0x0000,0x0000,0x0000,0x0000,0x0000,0x0000,0x0000,0x0000,0x0000,0x0000,0x0000,0x0000,0x0000,
0x0000,0x0000,0x0000,0x0000,0x0000,0x0000,0x0000,0x0000,0x0000,0x0000,0x0000,0x0000,0x0000,0x0000,0x0000,0x0000,
0x0000,0x0000,0x0000,0x0000,0x0000,0x0000,0x0000,0x0000,0x0000,0x0000,0x0000,0x0000,0x0000,0x0000,0x0000,0x0000,
0x0000,0x0000,0x0000,0x0000,0x0000,0x0000,0x0000,0x0000,0x0000,0x0000,0x0000,0x0000,0x0000,0x0000,0x0000,0x0000,
0x0000,0x0000,0x0000,0x0000,0x0000,0x0000,0x0000,0x0000,0x0000,0x0000,0x0000,0x0000,0x0000,0x0000,0x0000,0x0000,
0x0000,0x0000,0x0000,0x0000,0x0000,0x0000,0x0000,0x0000,0x0000,0x0000,0x0000,0x0000,0x0000,0x0000,0x0000,0x0000,
0x0000,0x0000,0x0000,0x0000,0x0000,0x0000,0x0000,0x0000,0x0000,0x0000,0x0000,0x0000,0x0000,0x0000,0x0000,0x0000,
0x0000,0x0000,0x0000,0x0000,0x0000,0x0000,0x0000,0x0000,0x0000,0x0000,0x0000,0x0000,0x0000,0x0000,0x0000,0x0000,
0x0000,0x0000,0x0000,0x0000,0x0000,0x0000,0x0000,0x0000,0x0000,0x0000,0x0000,0x0000,0x0000,0x0000,0x0000,0x0000,
0x0000,0x0000,0x0000,0x0000,0x0000,0x0000,0x0000,0x0000,0x0000,0x0000,0x0000,0x0000,0x0000,0x0000,0x0000,0x0000,
0x0000,0x0000,0x0000,0x0000,0x0000,0x0000,0x0000,0x0000,0x0000,0x0000,0x0000,0x0000,0x0000,0x0000,0x0000,0x0000,
0x0000,0x0000,0x0000,0x0000,0x0000,0x0000,0x0000,0x0000,0x0000,0x0000,0x0000,0x0000,0x0000,0x0000,0x0000,0x0000,
0x0000,0x0000,0x0000,0x0000,0x0000,0x0000,0x0000,0x0000,0x0000,0x0000,0x0000,0x0000,0x0000,0x0000,0x0000,0x0000,
0x0000,0x0000,0x0000,0x0000,0x0000,0x0000,0x0000,0x0000,0x0000,0x0000,0x0000,0x0000,0x0000,0x0000,0x0000,0x0000,
0x0000,0x0000,0x0000,0x0000,0x0000,0x0000,0x0000,0x0000,0x0000,0x0000,0x0000,0x0000,0x0000,0x0000,0x0000,0x0000,
0x0000,0x0000,0x0000,0x0000,0x0000,0x0000,0x0000,0x0000,0x0000,0x0000,0x0000,0x0000,0x0000,0x0000,0x0000,0x0000,
0x0000,0x0000,0x0000,0x0000,0x0000,0x0000,0x0000,0x0000,0x0000,0x0000,0x0000,0x0000,0x0000,0x0000,0x0000,0x0000,
0x0000,0x0000,0x0000,0x0000,0x0000,0x0000,0x0000,0x0000,0x0000,0x0000,0x0000,0x0000,0x0000,0x0000,0x0000,0x0000,
0x0000,0x0000,0x0000,0x0000,0x0000,0x0000,0x0000,0x0000,0x0000,0x0000,0x0000,0x0000,0x0000,0x0000,0x0000,0x0000,
0x0000,0x0000,0x0000,0x0000,0x0000,0x0000,0x0000,0x0000,0x0000,0x0000,0x0000,0x0000,0x0000,0x0000,0x0000,0x0000,
0x0000,0x0000,0x0000,0x0000,0x0000,0x0000,0x0000,0x0000,0x0000,0x0000,0x0000,0x0000,0x0000,0x0000,0x0000,0x0000,
0x0000,0x0000,0x0000,0x0000,0x0000,0x0000,0x0000,0x0000,0x0000,0x0000,0x0000,0x0000,0x0000,0x0000,0x0000,0x0000,
0x0000,0x0000,0x0000,0x0000,0x0000,0x0000,0x0000,0x0000,0x0000,0x0000,0x0000,0x0000,0x0000,0x0000,0x0000,0x0000,
0x0000,0x0000,0x0000,0x0000,0x0000,0x0000,0x0000,0x0000,0x0000,0x0000,0x0000,0x0000,0x0000,0x0000,0x0000,0x0000,
0x0000,0x0000,0x0000,0x0000,0x0000,0x0000,0x0000,0x0000,0x0000,0x0000,0x0000,0x0000,0x0000,0x0000,0x0000,0x0000,
0x0000,0x0000,0x0000,0x0000,0x0000,0x0000,0x0000,0x0000,0x0000,0x0000,0x0000,0x0000,0x0000,0x0000,0x0000,0x0000,
0x0000,0x0000,0x0000,0x0000,0x0000,0x0000,0x0000,0x0000,0x0000,0x0000,0x0000,0x0000,0x0000,0x0000,0x0000,0x0000,
0x0000,0x0000,0x0000,0x0000,0x0000,0x0000,0x0000,0x0000,0x0000,0x0000,0x0000,0x0000,0x0000,0x0000,0x0000,0x0000,
0x0000,0x0000,0x0000,0x0000,0x0000,0x0000,0x0000,0x0000,0x0000,0x0000,0x0000,0x0000,0x0000,0x0000,0x0000,0x0000,
0x0000,0x0000,0x0000,0x0000,0x0000,0x0000,0x0000,0x0000,0x0000,0x0000,0x0000,0x0000,0x0000,0x0000,0x0000,0x0000,
0x0000,0x0000,0x0000,0x0000,0x0000,0x0000,0x0000,0x0000,0x0000,0x0000,0x0000,0x0000,0x0000,0x0000,0x0000,0x0000,
0x0000,0x0000,0x0000,0x0000,0x0000,0x0000,0x0000,0x0000,0x0000,0x0000,0x0000,0x0000,0x0000,0x0000,0x0000,0x0000,
0x0000,0x0000,0x0000,0x0000,0x0000,0x0000,0x0000,0x0000,0x0000,0x0000,0x0000,0x0000,0x0000,0x0000,0x0000,0x0000,
0x0000,0x0000,0x0000,0x0000,0x0000,0x0000,0x0000,0x0000,0x0000,0x0000,0x0000,0x0000,0x0000,0x0000,0x0000,0x0000,
0x0000,0x0000,0x0000,0x0000,0x0000,0x0000,0x0000,0x0000,0x0000,0x0000,0x0000,0x0000,0x0000,0x0000,0x0000,0x0000,
0x0000,0x0000,0x0000,0x0000,0x0000,0x0000,0x0000,0x0000,0x0000,0x0000,0x0000,0x0000,0x0000,0x0000,0x0000,0x0000,
0x0000,0x0000,0x0000,0x0000
};
